#
# There is insufficient memory for the Java Runtime Environment to continue.
# Native memory allocation (malloc) failed to allocate 2287840 bytes. Error detail: Chunk::new
# Possible reasons:
#   The system is out of physical RAM or swap space
#   This process is running with CompressedOops enabled, and the Java Heap may be blocking the growth of the native heap
# Possible solutions:
#   Reduce memory load on the system
#   Increase physical memory or swap space
#   Check if swap backing store is full
#   Decrease Java heap size (-Xmx/-Xms)
#   Decrease number of Java threads
#   Decrease Java thread stack sizes (-Xss)
#   Set larger code cache with -XX:ReservedCodeCacheSize=
#   JVM is running with Unscaled Compressed Oops mode in which the Java heap is
#     placed in the first 4GB address space. The Java Heap base address is the
#     maximum limit for the native heap growth. Please use -XX:HeapBaseMinAddress
#     to set the Java Heap base and to place the Java Heap above 4GB virtual address.
# This output file may be truncated or incomplete.
#
#  Out of Memory Error (arena.cpp:168), pid=137092, tid=139584
#
# JRE version: OpenJDK Runtime Environment (21.0.5) (build 21.0.5+-13047016-b750.29)
# Java VM: OpenJDK 64-Bit Server VM (21.0.5+-13047016-b750.29, mixed mode, tiered, compressed oops, compressed class ptrs, g1 gc, windows-amd64)
# No core dump will be written. Minidumps are not enabled by default on client versions of Windows
#

---------------  S U M M A R Y ------------

Command Line: --add-opens=java.base/java.util=ALL-UNNAMED --add-opens=java.base/java.lang=ALL-UNNAMED --add-opens=java.base/java.lang.invoke=ALL-UNNAMED --add-opens=java.prefs/java.util.prefs=ALL-UNNAMED --add-exports=jdk.compiler/com.sun.tools.javac.api=ALL-UNNAMED --add-exports=jdk.compiler/com.sun.tools.javac.util=ALL-UNNAMED --add-opens=java.base/java.nio.charset=ALL-UNNAMED --add-opens=java.base/java.net=ALL-UNNAMED --add-opens=java.base/java.util.concurrent.atomic=ALL-UNNAMED -Xmx2048m -Dfile.encoding=UTF-8 -Duser.country=CN -Duser.language=zh -Duser.variant -javaagent:C:\Users\1\.gradle\wrapper\dists\gradle-8.10-bin\deqhafrv1ntovfmgh0nh3npr9\gradle-8.10\lib\agents\gradle-instrumentation-agent-8.10.jar org.gradle.launcher.daemon.bootstrap.GradleDaemon 8.10

Host: Intel(R) Core(TM) i9-14900HX, 32 cores, 31G,  Windows 11 , 64 bit Build 26100 (10.0.26100.4484)
Time: Sat Jul 26 22:42:11 2025  Windows 11 , 64 bit Build 26100 (10.0.26100.4484) elapsed time: 9.855625 seconds (0d 0h 0m 9s)

---------------  T H R E A D  ---------------

Current thread (0x000001d34a4d8300):  JavaThread "C2 CompilerThread0" daemon [_thread_in_native, id=139584, stack(0x0000006c19900000,0x0000006c19a00000) (1024K)]


Current CompileTask:
C2:9855 11977       4       org.gradle.internal.instantiation.generator.AbstractClassGenerator::inspectType (560 bytes)

Stack: [0x0000006c19900000,0x0000006c19a00000]
Native frames: (J=compiled Java code, j=interpreted, Vv=VM code, C=native code)
V  [jvm.dll+0x6cfb29]
V  [jvm.dll+0x85df93]
V  [jvm.dll+0x8604ee]
V  [jvm.dll+0x860bd3]
V  [jvm.dll+0x27e6b6]
V  [jvm.dll+0xbff6d]
V  [jvm.dll+0xc04a3]
V  [jvm.dll+0x3b5ffb]
V  [jvm.dll+0x381f97]
V  [jvm.dll+0x38140a]
V  [jvm.dll+0x247c62]
V  [jvm.dll+0x247231]
V  [jvm.dll+0x1c5ee4]
V  [jvm.dll+0x25697c]
V  [jvm.dll+0x254ec6]
V  [jvm.dll+0x3f0ce6]
V  [jvm.dll+0x806368]
V  [jvm.dll+0x6ce3fd]
C  [ucrtbase.dll+0x37b0]
C  [KERNEL32.DLL+0x2e8d7]
C  [ntdll.dll+0x3c34c]


---------------  P R O C E S S  ---------------

Threads class SMR info:
_java_thread_list=0x000001d353eb0a80, length=170, elements={
0x000001d32ecdae80, 0x000001d34a465440, 0x000001d34a466a00, 0x000001d34a4b4420,
0x000001d34a4b5b80, 0x000001d34a4b6d50, 0x000001d34a494ea0, 0x000001d34a4d8300,
0x000001d34a4d9510, 0x000001d34a538840, 0x000001d34a5e0560, 0x000001d34a99c840,
0x000001d34a99a010, 0x000001d34aa1e1c0, 0x000001d34f9987f0, 0x000001d3506fad50,
0x000001d35052fc60, 0x000001d35051ea80, 0x000001d3505c08a0, 0x000001d3505c1f00,
0x000001d3508661f0, 0x000001d350866850, 0x000001d350756e70, 0x000001d350768830,
0x000001d3507681a0, 0x000001d350769550, 0x000001d350768ec0, 0x000001d350a577e0,
0x000001d350a55da0, 0x000001d350a57e70, 0x000001d350a56ac0, 0x000001d350a58500,
0x000001d350a58b90, 0x000001d350a57150, 0x000001d350a59220, 0x000001d350a598b0,
0x000001d350a5c6a0, 0x000001d350a5d3c0, 0x000001d350a59f40, 0x000001d350a5ac60,
0x000001d350a5b2f0, 0x000001d350a5c010, 0x000001d3548cf080, 0x000001d3548cf710,
0x000001d3548cfda0, 0x000001d3548d0430, 0x000001d3548ccfb0, 0x000001d3548cd640,
0x000001d3548d0ac0, 0x000001d3548ce9f0, 0x000001d3548d1150, 0x000001d3548cdcd0,
0x000001d3548d17e0, 0x000001d3548ce360, 0x000001d3548d45d0, 0x000001d3548d1e70,
0x000001d3548d2500, 0x000001d3548d2b90, 0x000001d3548d3220, 0x000001d3548d38b0,
0x000001d3548d3f40, 0x000001d3549d59d0, 0x000001d3549d2550, 0x000001d3549d3270,
0x000001d3549d3900, 0x000001d3549d2be0, 0x000001d3549d66f0, 0x000001d3549d6060,
0x000001d3549d3f90, 0x000001d3549d4cb0, 0x000001d3549d7aa0, 0x000001d3549d6d80,
0x000001d3549d7410, 0x000001d3549d4620, 0x000001d3549d8130, 0x000001d3549d87c0,
0x000001d3549d5340, 0x000001d3549d8e50, 0x000001d3549d94e0, 0x000001d3549d9b70,
0x000001d3545f4fb0, 0x000001d3545f7710, 0x000001d3545f5640, 0x000001d3545f8ac0,
0x000001d3545f69f0, 0x000001d3545f8430, 0x000001d3545f7080, 0x000001d3545f9150,
0x000001d3545f7da0, 0x000001d3545f5cd0, 0x000001d3545f97e0, 0x000001d3545f6360,
0x000001d3545f9e70, 0x000001d3545fb8b0, 0x000001d3545fab90, 0x000001d3545fbf40,
0x000001d3545fc5d0, 0x000001d3545fb220, 0x000001d3545fa500, 0x000001d35449a0d0,
0x000001d35449b480, 0x000001d35449a760, 0x000001d35449c1a0, 0x000001d35449bb10,
0x000001d35449c830, 0x000001d3544993b0, 0x000001d354499a40, 0x000001d35449cec0,
0x000001d35449d550, 0x000001d35449dbe0, 0x000001d35449e270, 0x000001d35449adf0,
0x000001d35449e900, 0x000001d35449ef90, 0x000001d35449f620, 0x000001d35449fcb0,
0x000001d3544a0340, 0x000001d3544a09d0, 0x000001d3544b57b0, 0x000001d3544b3d70,
0x000001d3544b29c0, 0x000001d3544b4400, 0x000001d3544b3050, 0x000001d3544b2330,
0x000001d3544b5e40, 0x000001d3544b64d0, 0x000001d3544b6b60, 0x000001d3544b4a90,
0x000001d3544b36e0, 0x000001d3544b71f0, 0x000001d3544b7880, 0x000001d3544b5120,
0x000001d3544b7f10, 0x000001d3544b9950, 0x000001d3544b8c30, 0x000001d3544b85a0,
0x000001d34a88d560, 0x000001d34a88c840, 0x000001d34a8909e0, 0x000001d34a891070,
0x000001d34a893140, 0x000001d34a891d90, 0x000001d34a8937d0, 0x000001d34a892420,
0x000001d34a890350, 0x000001d34a891700, 0x000001d34a893e60, 0x000001d34a892ab0,
0x000001d356195dd0, 0x000001d3561950b0, 0x000001d356193670, 0x000001d356196af0,
0x000001d356194390, 0x000001d356196460, 0x000001d356195740, 0x000001d356197180,
0x000001d356193d00, 0x000001d356197810, 0x000001d356197ea0, 0x000001d356194a20,
0x000001d356199f70, 0x000001d356198530, 0x000001d356198bc0, 0x000001d3561998e0,
0x000001d356199250, 0x000001d35619a600, 0x000001d35619ac90, 0x000001d3527bd9b0,
0x000001d3527be040, 0x000001d3527bed60
}

Java Threads: ( => current thread )
  0x000001d32ecdae80 JavaThread "main"                              [_thread_blocked, id=131168, stack(0x0000006c18b00000,0x0000006c18c00000) (1024K)]
  0x000001d34a465440 JavaThread "Reference Handler"          daemon [_thread_blocked, id=149208, stack(0x0000006c19300000,0x0000006c19400000) (1024K)]
  0x000001d34a466a00 JavaThread "Finalizer"                  daemon [_thread_blocked, id=151296, stack(0x0000006c19400000,0x0000006c19500000) (1024K)]
  0x000001d34a4b4420 JavaThread "Signal Dispatcher"          daemon [_thread_blocked, id=118508, stack(0x0000006c19500000,0x0000006c19600000) (1024K)]
  0x000001d34a4b5b80 JavaThread "Attach Listener"            daemon [_thread_blocked, id=101752, stack(0x0000006c19600000,0x0000006c19700000) (1024K)]
  0x000001d34a4b6d50 JavaThread "Service Thread"             daemon [_thread_blocked, id=121044, stack(0x0000006c19700000,0x0000006c19800000) (1024K)]
  0x000001d34a494ea0 JavaThread "Monitor Deflation Thread"   daemon [_thread_blocked, id=156244, stack(0x0000006c19800000,0x0000006c19900000) (1024K)]
=>0x000001d34a4d8300 JavaThread "C2 CompilerThread0"         daemon [_thread_in_native, id=139584, stack(0x0000006c19900000,0x0000006c19a00000) (1024K)]
  0x000001d34a4d9510 JavaThread "C1 CompilerThread0"         daemon [_thread_blocked, id=155616, stack(0x0000006c19a00000,0x0000006c19b00000) (1024K)]
  0x000001d34a538840 JavaThread "C1 CompilerThread1"         daemon [_thread_blocked, id=138948, stack(0x0000006c19b00000,0x0000006c19c00000) (1024K)]
  0x000001d34a5e0560 JavaThread "Common-Cleaner"             daemon [_thread_blocked, id=129208, stack(0x0000006c19c00000,0x0000006c19d00000) (1024K)]
  0x000001d34a99c840 JavaThread "Notification Thread"        daemon [_thread_blocked, id=29140, stack(0x0000006c19d00000,0x0000006c19e00000) (1024K)]
  0x000001d34a99a010 JavaThread "C2 CompilerThread1"         daemon [_thread_blocked, id=118640, stack(0x0000006c19e00000,0x0000006c19f00000) (1024K)]
  0x000001d34aa1e1c0 JavaThread "C2 CompilerThread2"         daemon [_thread_blocked, id=71784, stack(0x0000006c19f00000,0x0000006c1a000000) (1024K)]
  0x000001d34f9987f0 JavaThread "C1 CompilerThread2"         daemon [_thread_blocked, id=102644, stack(0x0000006c1ac00000,0x0000006c1ad00000) (1024K)]
  0x000001d3506fad50 JavaThread "Daemon health stats"               [_thread_blocked, id=68224, stack(0x0000006c1af00000,0x0000006c1b000000) (1024K)]
  0x000001d35052fc60 JavaThread "Incoming local TCP Connector on port 54872"        [_thread_in_native, id=22336, stack(0x0000006c1a000000,0x0000006c1a100000) (1024K)]
  0x000001d35051ea80 JavaThread "Daemon periodic checks"            [_thread_blocked, id=124132, stack(0x0000006c1b000000,0x0000006c1b100000) (1024K)]
  0x000001d3505c08a0 JavaThread "Daemon"                            [_thread_blocked, id=149452, stack(0x0000006c1b100000,0x0000006c1b200000) (1024K)]
  0x000001d3505c1f00 JavaThread "Handler for socket connection from /127.0.0.1:54872 to /127.0.0.1:54873"        [_thread_in_native, id=144156, stack(0x0000006c1b200000,0x0000006c1b300000) (1024K)]
  0x000001d3508661f0 JavaThread "Cancel handler"                    [_thread_blocked, id=13568, stack(0x0000006c1b300000,0x0000006c1b400000) (1024K)]
  0x000001d350866850 JavaThread "Daemon worker"                     [_thread_blocked, id=121052, stack(0x0000006c1b400000,0x0000006c1b500000) (1024K)]
  0x000001d350756e70 JavaThread "Asynchronous log dispatcher for DefaultDaemonConnection: socket connection from /127.0.0.1:54872 to /127.0.0.1:54873"        [_thread_blocked, id=152056, stack(0x0000006c1b500000,0x0000006c1b600000) (1024K)]
  0x000001d350768830 JavaThread "Stdin handler"                     [_thread_blocked, id=149024, stack(0x0000006c1b600000,0x0000006c1b700000) (1024K)]
  0x000001d3507681a0 JavaThread "Daemon client event forwarder"        [_thread_blocked, id=153148, stack(0x0000006c1b700000,0x0000006c1b800000) (1024K)]
  0x000001d350769550 JavaThread "Cache worker for journal cache (C:\Users\1\.gradle\caches\journal-1)"        [_thread_blocked, id=145068, stack(0x0000006c1c700000,0x0000006c1c800000) (1024K)]
  0x000001d350768ec0 JavaThread "File lock request listener"        [_thread_in_native, id=30496, stack(0x0000006c1c800000,0x0000006c1c900000) (1024K)]
  0x000001d350a577e0 JavaThread "Cache worker for file hash cache (C:\Users\1\.gradle\caches\8.10\fileHashes)"        [_thread_blocked, id=135288, stack(0x0000006c1c900000,0x0000006c1ca00000) (1024K)]
  0x000001d350a55da0 JavaThread "Cache worker for file hash cache (C:\Users\1\Desktop\Android\CreeperBoxVersion\.gradle\8.10\fileHashes)"        [_thread_blocked, id=117360, stack(0x0000006c1cb00000,0x0000006c1cc00000) (1024K)]
  0x000001d350a57e70 JavaThread "Cache worker for Build Output Cleanup Cache (C:\Users\1\Desktop\Android\CreeperBoxVersion\.gradle\buildOutputCleanup)"        [_thread_blocked, id=137580, stack(0x0000006c1cc00000,0x0000006c1cd00000) (1024K)]
  0x000001d350a56ac0 JavaThread "File watcher server"        daemon [_thread_in_native, id=117752, stack(0x0000006c1cd00000,0x0000006c1ce00000) (1024K)]
  0x000001d350a58500 JavaThread "File watcher consumer"      daemon [_thread_in_native, id=63676, stack(0x0000006c1ce00000,0x0000006c1cf00000) (1024K)]
  0x000001d350a58b90 JavaThread "Cache worker for checksums cache (C:\Users\1\Desktop\Android\CreeperBoxVersion\.gradle\8.10\checksums)"        [_thread_blocked, id=133096, stack(0x0000006c1cf00000,0x0000006c1d000000) (1024K)]
  0x000001d350a57150 JavaThread "Cache worker for file content cache (C:\Users\1\.gradle\caches\8.10\fileContent)"        [_thread_blocked, id=117504, stack(0x0000006c1d000000,0x0000006c1d100000) (1024K)]
  0x000001d350a59220 JavaThread "Cache worker for cache directory md-rule (C:\Users\1\.gradle\caches\8.10\md-rule)"        [_thread_blocked, id=116848, stack(0x0000006c1d100000,0x0000006c1d200000) (1024K)]
  0x000001d350a598b0 JavaThread "Cache worker for cache directory md-supplier (C:\Users\1\.gradle\caches\8.10\md-supplier)"        [_thread_blocked, id=11576, stack(0x0000006c1d200000,0x0000006c1d300000) (1024K)]
  0x000001d350a5c6a0 JavaThread "jar transforms"                    [_thread_blocked, id=146908, stack(0x0000006c1d500000,0x0000006c1d600000) (1024K)]
  0x000001d350a5d3c0 JavaThread "jar transforms Thread 2"           [_thread_blocked, id=37588, stack(0x0000006c1d600000,0x0000006c1d700000) (1024K)]
  0x000001d350a59f40 JavaThread "jar transforms Thread 3"           [_thread_blocked, id=130888, stack(0x0000006c1d700000,0x0000006c1d800000) (1024K)]
  0x000001d350a5ac60 JavaThread "Unconstrained build operations"        [_thread_blocked, id=156356, stack(0x0000006c1d300000,0x0000006c1d400000) (1024K)]
  0x000001d350a5b2f0 JavaThread "Unconstrained build operations Thread 2"        [_thread_blocked, id=119796, stack(0x0000006c1d400000,0x0000006c1d500000) (1024K)]
  0x000001d350a5c010 JavaThread "Unconstrained build operations Thread 3"        [_thread_blocked, id=22164, stack(0x0000006c1d800000,0x0000006c1d900000) (1024K)]
  0x000001d3548cf080 JavaThread "Unconstrained build operations Thread 4"        [_thread_blocked, id=150584, stack(0x0000006c1d900000,0x0000006c1da00000) (1024K)]
  0x000001d3548cf710 JavaThread "Unconstrained build operations Thread 5"        [_thread_blocked, id=125964, stack(0x0000006c1da00000,0x0000006c1db00000) (1024K)]
  0x000001d3548cfda0 JavaThread "Unconstrained build operations Thread 6"        [_thread_blocked, id=109320, stack(0x0000006c1db00000,0x0000006c1dc00000) (1024K)]
  0x000001d3548d0430 JavaThread "Unconstrained build operations Thread 7"        [_thread_blocked, id=123584, stack(0x0000006c1dc00000,0x0000006c1dd00000) (1024K)]
  0x000001d3548ccfb0 JavaThread "Unconstrained build operations Thread 8"        [_thread_blocked, id=101116, stack(0x0000006c1dd00000,0x0000006c1de00000) (1024K)]
  0x000001d3548cd640 JavaThread "Unconstrained build operations Thread 9"        [_thread_blocked, id=130684, stack(0x0000006c1de00000,0x0000006c1df00000) (1024K)]
  0x000001d3548d0ac0 JavaThread "Unconstrained build operations Thread 10"        [_thread_blocked, id=114712, stack(0x0000006c1df00000,0x0000006c1e000000) (1024K)]
  0x000001d3548ce9f0 JavaThread "Unconstrained build operations Thread 11"        [_thread_blocked, id=136908, stack(0x0000006c1e000000,0x0000006c1e100000) (1024K)]
  0x000001d3548d1150 JavaThread "Unconstrained build operations Thread 12"        [_thread_blocked, id=122028, stack(0x0000006c1e100000,0x0000006c1e200000) (1024K)]
  0x000001d3548cdcd0 JavaThread "Unconstrained build operations Thread 13"        [_thread_blocked, id=120428, stack(0x0000006c1e200000,0x0000006c1e300000) (1024K)]
  0x000001d3548d17e0 JavaThread "Unconstrained build operations Thread 14"        [_thread_blocked, id=124964, stack(0x0000006c1e300000,0x0000006c1e400000) (1024K)]
  0x000001d3548ce360 JavaThread "Unconstrained build operations Thread 15"        [_thread_blocked, id=60836, stack(0x0000006c1e400000,0x0000006c1e500000) (1024K)]
  0x000001d3548d45d0 JavaThread "Unconstrained build operations Thread 16"        [_thread_blocked, id=155444, stack(0x0000006c1e500000,0x0000006c1e600000) (1024K)]
  0x000001d3548d1e70 JavaThread "Unconstrained build operations Thread 17"        [_thread_blocked, id=54924, stack(0x0000006c1e600000,0x0000006c1e700000) (1024K)]
  0x000001d3548d2500 JavaThread "Unconstrained build operations Thread 18"        [_thread_blocked, id=96792, stack(0x0000006c1e700000,0x0000006c1e800000) (1024K)]
  0x000001d3548d2b90 JavaThread "Unconstrained build operations Thread 19"        [_thread_blocked, id=130708, stack(0x0000006c1e800000,0x0000006c1e900000) (1024K)]
  0x000001d3548d3220 JavaThread "Unconstrained build operations Thread 20"        [_thread_blocked, id=122084, stack(0x0000006c1e900000,0x0000006c1ea00000) (1024K)]
  0x000001d3548d38b0 JavaThread "Unconstrained build operations Thread 21"        [_thread_blocked, id=38052, stack(0x0000006c1ea00000,0x0000006c1eb00000) (1024K)]
  0x000001d3548d3f40 JavaThread "Unconstrained build operations Thread 22"        [_thread_blocked, id=124300, stack(0x0000006c1eb00000,0x0000006c1ec00000) (1024K)]
  0x000001d3549d59d0 JavaThread "Unconstrained build operations Thread 23"        [_thread_blocked, id=147024, stack(0x0000006c1ec00000,0x0000006c1ed00000) (1024K)]
  0x000001d3549d2550 JavaThread "Unconstrained build operations Thread 24"        [_thread_blocked, id=130784, stack(0x0000006c1ed00000,0x0000006c1ee00000) (1024K)]
  0x000001d3549d3270 JavaThread "Unconstrained build operations Thread 25"        [_thread_blocked, id=92460, stack(0x0000006c1ee00000,0x0000006c1ef00000) (1024K)]
  0x000001d3549d3900 JavaThread "Unconstrained build operations Thread 26"        [_thread_blocked, id=125700, stack(0x0000006c1ef00000,0x0000006c1f000000) (1024K)]
  0x000001d3549d2be0 JavaThread "Unconstrained build operations Thread 27"        [_thread_blocked, id=153700, stack(0x0000006c1f000000,0x0000006c1f100000) (1024K)]
  0x000001d3549d66f0 JavaThread "Unconstrained build operations Thread 28"        [_thread_blocked, id=137980, stack(0x0000006c1f100000,0x0000006c1f200000) (1024K)]
  0x000001d3549d6060 JavaThread "Unconstrained build operations Thread 29"        [_thread_blocked, id=121672, stack(0x0000006c1f200000,0x0000006c1f300000) (1024K)]
  0x000001d3549d3f90 JavaThread "Unconstrained build operations Thread 30"        [_thread_blocked, id=58740, stack(0x0000006c1f300000,0x0000006c1f400000) (1024K)]
  0x000001d3549d4cb0 JavaThread "Unconstrained build operations Thread 31"        [_thread_blocked, id=104172, stack(0x0000006c1f400000,0x0000006c1f500000) (1024K)]
  0x000001d3549d7aa0 JavaThread "Unconstrained build operations Thread 32"        [_thread_blocked, id=120884, stack(0x0000006c1f500000,0x0000006c1f600000) (1024K)]
  0x000001d3549d6d80 JavaThread "Unconstrained build operations Thread 33"        [_thread_blocked, id=102740, stack(0x0000006c1f600000,0x0000006c1f700000) (1024K)]
  0x000001d3549d7410 JavaThread "Unconstrained build operations Thread 34"        [_thread_blocked, id=27404, stack(0x0000006c1f700000,0x0000006c1f800000) (1024K)]
  0x000001d3549d4620 JavaThread "Unconstrained build operations Thread 35"        [_thread_blocked, id=124236, stack(0x0000006c1f800000,0x0000006c1f900000) (1024K)]
  0x000001d3549d8130 JavaThread "Unconstrained build operations Thread 36"        [_thread_blocked, id=116012, stack(0x0000006c1f900000,0x0000006c1fa00000) (1024K)]
  0x000001d3549d87c0 JavaThread "Unconstrained build operations Thread 37"        [_thread_blocked, id=124460, stack(0x0000006c1fa00000,0x0000006c1fb00000) (1024K)]
  0x000001d3549d5340 JavaThread "Unconstrained build operations Thread 38"        [_thread_blocked, id=153892, stack(0x0000006c1fb00000,0x0000006c1fc00000) (1024K)]
  0x000001d3549d8e50 JavaThread "Unconstrained build operations Thread 39"        [_thread_blocked, id=158660, stack(0x0000006c1fc00000,0x0000006c1fd00000) (1024K)]
  0x000001d3549d94e0 JavaThread "Unconstrained build operations Thread 40"        [_thread_blocked, id=99912, stack(0x0000006c1fd00000,0x0000006c1fe00000) (1024K)]
  0x000001d3549d9b70 JavaThread "Unconstrained build operations Thread 41"        [_thread_blocked, id=59660, stack(0x0000006c1fe00000,0x0000006c1ff00000) (1024K)]
  0x000001d3545f4fb0 JavaThread "Unconstrained build operations Thread 42"        [_thread_blocked, id=142776, stack(0x0000006c1ff00000,0x0000006c20000000) (1024K)]
  0x000001d3545f7710 JavaThread "Unconstrained build operations Thread 43"        [_thread_blocked, id=73888, stack(0x0000006c20000000,0x0000006c20100000) (1024K)]
  0x000001d3545f5640 JavaThread "Unconstrained build operations Thread 44"        [_thread_blocked, id=142720, stack(0x0000006c20100000,0x0000006c20200000) (1024K)]
  0x000001d3545f8ac0 JavaThread "Unconstrained build operations Thread 45"        [_thread_blocked, id=98856, stack(0x0000006c20200000,0x0000006c20300000) (1024K)]
  0x000001d3545f69f0 JavaThread "Unconstrained build operations Thread 46"        [_thread_blocked, id=123292, stack(0x0000006c20300000,0x0000006c20400000) (1024K)]
  0x000001d3545f8430 JavaThread "Unconstrained build operations Thread 47"        [_thread_blocked, id=134344, stack(0x0000006c20400000,0x0000006c20500000) (1024K)]
  0x000001d3545f7080 JavaThread "Unconstrained build operations Thread 48"        [_thread_blocked, id=133000, stack(0x0000006c20500000,0x0000006c20600000) (1024K)]
  0x000001d3545f9150 JavaThread "Unconstrained build operations Thread 49"        [_thread_blocked, id=107304, stack(0x0000006c20600000,0x0000006c20700000) (1024K)]
  0x000001d3545f7da0 JavaThread "Unconstrained build operations Thread 50"        [_thread_blocked, id=21452, stack(0x0000006c20700000,0x0000006c20800000) (1024K)]
  0x000001d3545f5cd0 JavaThread "Unconstrained build operations Thread 51"        [_thread_blocked, id=42092, stack(0x0000006c20800000,0x0000006c20900000) (1024K)]
  0x000001d3545f97e0 JavaThread "Unconstrained build operations Thread 52"        [_thread_blocked, id=116068, stack(0x0000006c20900000,0x0000006c20a00000) (1024K)]
  0x000001d3545f6360 JavaThread "Unconstrained build operations Thread 53"        [_thread_blocked, id=156004, stack(0x0000006c20a00000,0x0000006c20b00000) (1024K)]
  0x000001d3545f9e70 JavaThread "Unconstrained build operations Thread 54"        [_thread_blocked, id=151856, stack(0x0000006c20b00000,0x0000006c20c00000) (1024K)]
  0x000001d3545fb8b0 JavaThread "Unconstrained build operations Thread 55"        [_thread_blocked, id=128344, stack(0x0000006c20c00000,0x0000006c20d00000) (1024K)]
  0x000001d3545fab90 JavaThread "Unconstrained build operations Thread 56"        [_thread_blocked, id=66504, stack(0x0000006c20d00000,0x0000006c20e00000) (1024K)]
  0x000001d3545fbf40 JavaThread "Unconstrained build operations Thread 57"        [_thread_blocked, id=43024, stack(0x0000006c20e00000,0x0000006c20f00000) (1024K)]
  0x000001d3545fc5d0 JavaThread "Unconstrained build operations Thread 58"        [_thread_blocked, id=66352, stack(0x0000006c20f00000,0x0000006c21000000) (1024K)]
  0x000001d3545fb220 JavaThread "Unconstrained build operations Thread 59"        [_thread_blocked, id=122180, stack(0x0000006c21000000,0x0000006c21100000) (1024K)]
  0x000001d3545fa500 JavaThread "Unconstrained build operations Thread 60"        [_thread_blocked, id=101668, stack(0x0000006c21100000,0x0000006c21200000) (1024K)]
  0x000001d35449a0d0 JavaThread "Unconstrained build operations Thread 61"        [_thread_blocked, id=153128, stack(0x0000006c21200000,0x0000006c21300000) (1024K)]
  0x000001d35449b480 JavaThread "Unconstrained build operations Thread 62"        [_thread_blocked, id=138688, stack(0x0000006c21300000,0x0000006c21400000) (1024K)]
  0x000001d35449a760 JavaThread "Unconstrained build operations Thread 63"        [_thread_blocked, id=100532, stack(0x0000006c21400000,0x0000006c21500000) (1024K)]
  0x000001d35449c1a0 JavaThread "Unconstrained build operations Thread 64"        [_thread_blocked, id=122244, stack(0x0000006c21500000,0x0000006c21600000) (1024K)]
  0x000001d35449bb10 JavaThread "Unconstrained build operations Thread 65"        [_thread_blocked, id=134640, stack(0x0000006c21600000,0x0000006c21700000) (1024K)]
  0x000001d35449c830 JavaThread "Unconstrained build operations Thread 66"        [_thread_blocked, id=94280, stack(0x0000006c21700000,0x0000006c21800000) (1024K)]
  0x000001d3544993b0 JavaThread "Unconstrained build operations Thread 67"        [_thread_blocked, id=126052, stack(0x0000006c21800000,0x0000006c21900000) (1024K)]
  0x000001d354499a40 JavaThread "Unconstrained build operations Thread 68"        [_thread_blocked, id=70572, stack(0x0000006c21900000,0x0000006c21a00000) (1024K)]
  0x000001d35449cec0 JavaThread "Unconstrained build operations Thread 69"        [_thread_blocked, id=148576, stack(0x0000006c21a00000,0x0000006c21b00000) (1024K)]
  0x000001d35449d550 JavaThread "Unconstrained build operations Thread 70"        [_thread_blocked, id=57956, stack(0x0000006c21b00000,0x0000006c21c00000) (1024K)]
  0x000001d35449dbe0 JavaThread "Unconstrained build operations Thread 71"        [_thread_blocked, id=41972, stack(0x0000006c21c00000,0x0000006c21d00000) (1024K)]
  0x000001d35449e270 JavaThread "Unconstrained build operations Thread 72"        [_thread_blocked, id=101396, stack(0x0000006c21d00000,0x0000006c21e00000) (1024K)]
  0x000001d35449adf0 JavaThread "Unconstrained build operations Thread 73"        [_thread_blocked, id=132324, stack(0x0000006c21e00000,0x0000006c21f00000) (1024K)]
  0x000001d35449e900 JavaThread "Unconstrained build operations Thread 74"        [_thread_blocked, id=145468, stack(0x0000006c21f00000,0x0000006c22000000) (1024K)]
  0x000001d35449ef90 JavaThread "Unconstrained build operations Thread 75"        [_thread_blocked, id=101636, stack(0x0000006c22000000,0x0000006c22100000) (1024K)]
  0x000001d35449f620 JavaThread "Unconstrained build operations Thread 76"        [_thread_blocked, id=155968, stack(0x0000006c22100000,0x0000006c22200000) (1024K)]
  0x000001d35449fcb0 JavaThread "Unconstrained build operations Thread 77"        [_thread_blocked, id=116896, stack(0x0000006c22200000,0x0000006c22300000) (1024K)]
  0x000001d3544a0340 JavaThread "Unconstrained build operations Thread 78"        [_thread_blocked, id=136312, stack(0x0000006c22300000,0x0000006c22400000) (1024K)]
  0x000001d3544a09d0 JavaThread "Unconstrained build operations Thread 79"        [_thread_blocked, id=46800, stack(0x0000006c22400000,0x0000006c22500000) (1024K)]
  0x000001d3544b57b0 JavaThread "Unconstrained build operations Thread 80"        [_thread_blocked, id=157824, stack(0x0000006c22500000,0x0000006c22600000) (1024K)]
  0x000001d3544b3d70 JavaThread "Unconstrained build operations Thread 81"        [_thread_blocked, id=43072, stack(0x0000006c22600000,0x0000006c22700000) (1024K)]
  0x000001d3544b29c0 JavaThread "Unconstrained build operations Thread 82"        [_thread_blocked, id=127564, stack(0x0000006c22700000,0x0000006c22800000) (1024K)]
  0x000001d3544b4400 JavaThread "Unconstrained build operations Thread 83"        [_thread_blocked, id=52216, stack(0x0000006c22800000,0x0000006c22900000) (1024K)]
  0x000001d3544b3050 JavaThread "Unconstrained build operations Thread 84"        [_thread_blocked, id=119640, stack(0x0000006c22900000,0x0000006c22a00000) (1024K)]
  0x000001d3544b2330 JavaThread "Unconstrained build operations Thread 85"        [_thread_blocked, id=80360, stack(0x0000006c22a00000,0x0000006c22b00000) (1024K)]
  0x000001d3544b5e40 JavaThread "Unconstrained build operations Thread 86"        [_thread_blocked, id=158476, stack(0x0000006c22b00000,0x0000006c22c00000) (1024K)]
  0x000001d3544b64d0 JavaThread "Unconstrained build operations Thread 87"        [_thread_blocked, id=72572, stack(0x0000006c22c00000,0x0000006c22d00000) (1024K)]
  0x000001d3544b6b60 JavaThread "Unconstrained build operations Thread 88"        [_thread_blocked, id=128804, stack(0x0000006c22d00000,0x0000006c22e00000) (1024K)]
  0x000001d3544b4a90 JavaThread "Unconstrained build operations Thread 89"        [_thread_blocked, id=147016, stack(0x0000006c22e00000,0x0000006c22f00000) (1024K)]
  0x000001d3544b36e0 JavaThread "Unconstrained build operations Thread 90"        [_thread_blocked, id=154232, stack(0x0000006c22f00000,0x0000006c23000000) (1024K)]
  0x000001d3544b71f0 JavaThread "Unconstrained build operations Thread 91"        [_thread_blocked, id=120848, stack(0x0000006c23000000,0x0000006c23100000) (1024K)]
  0x000001d3544b7880 JavaThread "Unconstrained build operations Thread 92"        [_thread_blocked, id=118064, stack(0x0000006c23100000,0x0000006c23200000) (1024K)]
  0x000001d3544b5120 JavaThread "Unconstrained build operations Thread 93"        [_thread_blocked, id=2836, stack(0x0000006c23200000,0x0000006c23300000) (1024K)]
  0x000001d3544b7f10 JavaThread "jar transforms Thread 4"           [_thread_blocked, id=79100, stack(0x0000006c23600000,0x0000006c23700000) (1024K)]
  0x000001d3544b9950 JavaThread "jar transforms Thread 5"           [_thread_blocked, id=124576, stack(0x0000006c23700000,0x0000006c23800000) (1024K)]
  0x000001d3544b8c30 JavaThread "build event listener"              [_thread_blocked, id=132352, stack(0x0000006c23500000,0x0000006c23600000) (1024K)]
  0x000001d3544b85a0 JavaThread "Memory manager"                    [_thread_blocked, id=149984, stack(0x0000006c23800000,0x0000006c23900000) (1024K)]
  0x000001d34a88d560 JavaThread "jar transforms Thread 6"           [_thread_blocked, id=112788, stack(0x0000006c23900000,0x0000006c23a00000) (1024K)]
  0x000001d34a88c840 JavaThread "included builds"                   [_thread_blocked, id=109620, stack(0x0000006c23400000,0x0000006c23500000) (1024K)]
  0x000001d34a8909e0 JavaThread "Execution worker"                  [_thread_in_vm, id=10936, stack(0x0000006c23a00000,0x0000006c23b00000) (1024K)]
  0x000001d34a891070 JavaThread "Execution worker Thread 2"         [_thread_blocked, id=137876, stack(0x0000006c23b00000,0x0000006c23c00000) (1024K)]
  0x000001d34a893140 JavaThread "Execution worker Thread 3"         [_thread_blocked, id=79900, stack(0x0000006c23c00000,0x0000006c23d00000) (1024K)]
  0x000001d34a891d90 JavaThread "Execution worker Thread 4"         [_thread_blocked, id=97784, stack(0x0000006c23d00000,0x0000006c23e00000) (1024K)]
  0x000001d34a8937d0 JavaThread "Execution worker Thread 5"         [_thread_blocked, id=146700, stack(0x0000006c23e00000,0x0000006c23f00000) (1024K)]
  0x000001d34a892420 JavaThread "Execution worker Thread 6"         [_thread_blocked, id=156472, stack(0x0000006c23f00000,0x0000006c24000000) (1024K)]
  0x000001d34a890350 JavaThread "Execution worker Thread 7"         [_thread_blocked, id=54152, stack(0x0000006c24000000,0x0000006c24100000) (1024K)]
  0x000001d34a891700 JavaThread "Execution worker Thread 8"         [_thread_blocked, id=118280, stack(0x0000006c24100000,0x0000006c24200000) (1024K)]
  0x000001d34a893e60 JavaThread "Execution worker Thread 9"         [_thread_blocked, id=134416, stack(0x0000006c24200000,0x0000006c24300000) (1024K)]
  0x000001d34a892ab0 JavaThread "Execution worker Thread 10"        [_thread_blocked, id=145552, stack(0x0000006c24300000,0x0000006c24400000) (1024K)]
  0x000001d356195dd0 JavaThread "Execution worker Thread 11"        [_thread_blocked, id=138380, stack(0x0000006c24400000,0x0000006c24500000) (1024K)]
  0x000001d3561950b0 JavaThread "Execution worker Thread 12"        [_thread_blocked, id=129476, stack(0x0000006c24500000,0x0000006c24600000) (1024K)]
  0x000001d356193670 JavaThread "Execution worker Thread 13"        [_thread_blocked, id=37012, stack(0x0000006c24600000,0x0000006c24700000) (1024K)]
  0x000001d356196af0 JavaThread "Execution worker Thread 14"        [_thread_blocked, id=129636, stack(0x0000006c24700000,0x0000006c24800000) (1024K)]
  0x000001d356194390 JavaThread "Execution worker Thread 15"        [_thread_blocked, id=117836, stack(0x0000006c24800000,0x0000006c24900000) (1024K)]
  0x000001d356196460 JavaThread "Execution worker Thread 16"        [_thread_blocked, id=152816, stack(0x0000006c24900000,0x0000006c24a00000) (1024K)]
  0x000001d356195740 JavaThread "Execution worker Thread 17"        [_thread_blocked, id=139124, stack(0x0000006c24a00000,0x0000006c24b00000) (1024K)]
  0x000001d356197180 JavaThread "Execution worker Thread 18"        [_thread_blocked, id=25472, stack(0x0000006c24b00000,0x0000006c24c00000) (1024K)]
  0x000001d356193d00 JavaThread "Execution worker Thread 19"        [_thread_blocked, id=103056, stack(0x0000006c24c00000,0x0000006c24d00000) (1024K)]
  0x000001d356197810 JavaThread "Execution worker Thread 20"        [_thread_blocked, id=120048, stack(0x0000006c24d00000,0x0000006c24e00000) (1024K)]
  0x000001d356197ea0 JavaThread "Execution worker Thread 21"        [_thread_blocked, id=116528, stack(0x0000006c24e00000,0x0000006c24f00000) (1024K)]
  0x000001d356194a20 JavaThread "Execution worker Thread 22"        [_thread_blocked, id=143436, stack(0x0000006c24f00000,0x0000006c25000000) (1024K)]
  0x000001d356199f70 JavaThread "Execution worker Thread 23"        [_thread_blocked, id=71728, stack(0x0000006c25000000,0x0000006c25100000) (1024K)]
  0x000001d356198530 JavaThread "Execution worker Thread 24"        [_thread_blocked, id=116268, stack(0x0000006c25100000,0x0000006c25200000) (1024K)]
  0x000001d356198bc0 JavaThread "Execution worker Thread 25"        [_thread_blocked, id=143636, stack(0x0000006c25200000,0x0000006c25300000) (1024K)]
  0x000001d3561998e0 JavaThread "Execution worker Thread 26"        [_thread_blocked, id=100024, stack(0x0000006c25300000,0x0000006c25400000) (1024K)]
  0x000001d356199250 JavaThread "Execution worker Thread 27"        [_thread_blocked, id=98372, stack(0x0000006c25400000,0x0000006c25500000) (1024K)]
  0x000001d35619a600 JavaThread "Execution worker Thread 28"        [_thread_blocked, id=51188, stack(0x0000006c25500000,0x0000006c25600000) (1024K)]
  0x000001d35619ac90 JavaThread "Execution worker Thread 29"        [_thread_blocked, id=14472, stack(0x0000006c25600000,0x0000006c25700000) (1024K)]
  0x000001d3527bd9b0 JavaThread "Execution worker Thread 30"        [_thread_blocked, id=122728, stack(0x0000006c25700000,0x0000006c25800000) (1024K)]
  0x000001d3527be040 JavaThread "Execution worker Thread 31"        [_thread_blocked, id=114664, stack(0x0000006c25800000,0x0000006c25900000) (1024K)]
  0x000001d3527bed60 JavaThread "Cache worker for execution history cache (C:\Users\1\Desktop\Android\CreeperBoxVersion\.gradle\8.10\executionHistory)"        [_thread_blocked, id=144000, stack(0x0000006c25900000,0x0000006c25a00000) (1024K)]
Total: 170

Other Threads:
  0x000001d34a3ca500 VMThread "VM Thread"                           [id=144624, stack(0x0000006c19200000,0x0000006c19300000) (1024K)]
  0x000001d34a39dfa0 WatcherThread "VM Periodic Task Thread"        [id=156952, stack(0x0000006c19100000,0x0000006c19200000) (1024K)]
  0x000001d32ed36a40 WorkerThread "GC Thread#0"                     [id=22948, stack(0x0000006c18c00000,0x0000006c18d00000) (1024K)]
  0x000001d34ab0b8c0 WorkerThread "GC Thread#1"                     [id=149444, stack(0x0000006c1a100000,0x0000006c1a200000) (1024K)]
  0x000001d34f2f6d00 WorkerThread "GC Thread#2"                     [id=140496, stack(0x0000006c1a200000,0x0000006c1a300000) (1024K)]
  0x000001d34f2f70a0 WorkerThread "GC Thread#3"                     [id=147300, stack(0x0000006c1a300000,0x0000006c1a400000) (1024K)]
  0x000001d34f31cf00 WorkerThread "GC Thread#4"                     [id=149020, stack(0x0000006c1a400000,0x0000006c1a500000) (1024K)]
  0x000001d34f31d2a0 WorkerThread "GC Thread#5"                     [id=156516, stack(0x0000006c1a500000,0x0000006c1a600000) (1024K)]
  0x000001d34f31d640 WorkerThread "GC Thread#6"                     [id=123996, stack(0x0000006c1a600000,0x0000006c1a700000) (1024K)]
  0x000001d34acd5380 WorkerThread "GC Thread#7"                     [id=80260, stack(0x0000006c1a700000,0x0000006c1a800000) (1024K)]
  0x000001d34acd5720 WorkerThread "GC Thread#8"                     [id=137492, stack(0x0000006c1a800000,0x0000006c1a900000) (1024K)]
  0x000001d34acd5ac0 WorkerThread "GC Thread#9"                     [id=95320, stack(0x0000006c1a900000,0x0000006c1aa00000) (1024K)]
  0x000001d34ac194c0 WorkerThread "GC Thread#10"                    [id=127352, stack(0x0000006c1aa00000,0x0000006c1ab00000) (1024K)]
  0x000001d34ac17b60 WorkerThread "GC Thread#11"                    [id=111424, stack(0x0000006c1ab00000,0x0000006c1ac00000) (1024K)]
  0x000001d34ac18640 WorkerThread "GC Thread#12"                    [id=123064, stack(0x0000006c1b800000,0x0000006c1b900000) (1024K)]
  0x000001d34ac189e0 WorkerThread "GC Thread#13"                    [id=135428, stack(0x0000006c1b900000,0x0000006c1ba00000) (1024K)]
  0x000001d34ac19120 WorkerThread "GC Thread#14"                    [id=148164, stack(0x0000006c1ba00000,0x0000006c1bb00000) (1024K)]
  0x000001d35070fe80 WorkerThread "GC Thread#15"                    [id=126372, stack(0x0000006c1bb00000,0x0000006c1bc00000) (1024K)]
  0x000001d350712da0 WorkerThread "GC Thread#16"                    [id=107188, stack(0x0000006c1bc00000,0x0000006c1bd00000) (1024K)]
  0x000001d350713140 WorkerThread "GC Thread#17"                    [id=46508, stack(0x0000006c1bd00000,0x0000006c1be00000) (1024K)]
  0x000001d3507134e0 WorkerThread "GC Thread#18"                    [id=131476, stack(0x0000006c1be00000,0x0000006c1bf00000) (1024K)]
  0x000001d35070fae0 WorkerThread "GC Thread#19"                    [id=102448, stack(0x0000006c1bf00000,0x0000006c1c000000) (1024K)]
  0x000001d350710220 WorkerThread "GC Thread#20"                    [id=26364, stack(0x0000006c1c000000,0x0000006c1c100000) (1024K)]
  0x000001d3507105c0 WorkerThread "GC Thread#21"                    [id=101344, stack(0x0000006c1c100000,0x0000006c1c200000) (1024K)]
  0x000001d3507122c0 WorkerThread "GC Thread#22"                    [id=119596, stack(0x0000006c1ca00000,0x0000006c1cb00000) (1024K)]
  0x000001d32ed48830 ConcurrentGCThread "G1 Main Marker"            [id=115076, stack(0x0000006c18d00000,0x0000006c18e00000) (1024K)]
  0x000001d32ed49240 WorkerThread "G1 Conc#0"                       [id=15452, stack(0x0000006c18e00000,0x0000006c18f00000) (1024K)]
  0x000001d350712a00 WorkerThread "G1 Conc#1"                       [id=98436, stack(0x0000006c1c200000,0x0000006c1c300000) (1024K)]
  0x000001d350710960 WorkerThread "G1 Conc#2"                       [id=135624, stack(0x0000006c1c300000,0x0000006c1c400000) (1024K)]
  0x000001d350712660 WorkerThread "G1 Conc#3"                       [id=103584, stack(0x0000006c1c400000,0x0000006c1c500000) (1024K)]
  0x000001d350710d00 WorkerThread "G1 Conc#4"                       [id=104304, stack(0x0000006c1c500000,0x0000006c1c600000) (1024K)]
  0x000001d3507110a0 WorkerThread "G1 Conc#5"                       [id=149840, stack(0x0000006c1c600000,0x0000006c1c700000) (1024K)]
  0x000001d34a282010 ConcurrentGCThread "G1 Refine#0"               [id=120104, stack(0x0000006c18f00000,0x0000006c19000000) (1024K)]
  0x000001d34a282830 ConcurrentGCThread "G1 Service"                [id=156712, stack(0x0000006c19000000,0x0000006c19100000) (1024K)]
Total: 34

Threads with active compile tasks:
C2 CompilerThread0  9877 11977       4       org.gradle.internal.instantiation.generator.AbstractClassGenerator::inspectType (560 bytes)
Total: 1

VM state: not at safepoint (normal execution)

VM Mutex/Monitor currently owned by a thread: None

Heap address: 0x0000000080000000, size: 2048 MB, Compressed Oops mode: 32-bit

CDS archive(s) not mapped
Compressed class space mapped at: 0x0000000100000000-0x0000000140000000, reserved size: 1073741824
Narrow klass base: 0x0000000000000000, Narrow klass shift: 3, Narrow klass range: 0x140000000

GC Precious Log:
 CardTable entry size: 512
 Card Set container configuration: InlinePtr #cards 5 size 8 Array Of Cards #cards 12 size 40 Howl #buckets 4 coarsen threshold 1843 Howl Bitmap #cards 512 size 80 coarsen threshold 460 Card regions per heap region 1 cards per card region 2048
 CPUs: 32 total, 32 available
 Memory: 32386M
 Large Page Support: Disabled
 NUMA Support: Disabled
 Compressed Oops: Enabled (32-bit)
 Heap Region Size: 1M
 Heap Min Capacity: 8M
 Heap Initial Capacity: 508M
 Heap Max Capacity: 2G
 Pre-touch: Disabled
 Parallel Workers: 23
 Concurrent Workers: 6
 Concurrent Refinement Workers: 23
 Periodic GC: Disabled

Heap:
 garbage-first heap   total 285696K, used 220374K [0x0000000080000000, 0x0000000100000000)
  region size 1024K, 143 young (146432K), 3 survivors (3072K)
 Metaspace       used 95913K, committed 97984K, reserved 1179648K
  class space    used 13030K, committed 14080K, reserved 1048576K

Heap Regions: E=young(eden), S=young(survivor), O=old, HS=humongous(starts), HC=humongous(continues), CS=collection set, F=free, TAMS=top-at-mark-start, PB=parsable bottom
|   0|0x0000000080000000, 0x0000000080100000, 0x0000000080100000|100%|HS|  |TAMS 0x0000000080000000| PB 0x0000000080000000| Complete 
|   1|0x0000000080100000, 0x0000000080200000, 0x0000000080200000|100%|HC|  |TAMS 0x0000000080100000| PB 0x0000000080100000| Complete 
|   2|0x0000000080200000, 0x0000000080300000, 0x0000000080300000|100%|HC|  |TAMS 0x0000000080200000| PB 0x0000000080200000| Complete 
|   3|0x0000000080300000, 0x0000000080400000, 0x0000000080400000|100%|HC|  |TAMS 0x0000000080300000| PB 0x0000000080300000| Complete 
|   4|0x0000000080400000, 0x0000000080500000, 0x0000000080500000|100%| O|  |TAMS 0x0000000080400000| PB 0x0000000080400000| Untracked 
|   5|0x0000000080500000, 0x0000000080600000, 0x0000000080600000|100%| O|  |TAMS 0x0000000080500000| PB 0x0000000080500000| Untracked 
|   6|0x0000000080600000, 0x0000000080700000, 0x0000000080700000|100%| O|  |TAMS 0x0000000080600000| PB 0x0000000080600000| Untracked 
|   7|0x0000000080700000, 0x0000000080800000, 0x0000000080800000|100%| O|  |TAMS 0x0000000080700000| PB 0x0000000080700000| Untracked 
|   8|0x0000000080800000, 0x0000000080900000, 0x0000000080900000|100%| O|  |TAMS 0x0000000080800000| PB 0x0000000080800000| Untracked 
|   9|0x0000000080900000, 0x0000000080a00000, 0x0000000080a00000|100%| O|  |TAMS 0x0000000080900000| PB 0x0000000080900000| Untracked 
|  10|0x0000000080a00000, 0x0000000080b00000, 0x0000000080b00000|100%|HS|  |TAMS 0x0000000080a00000| PB 0x0000000080a00000| Complete 
|  11|0x0000000080b00000, 0x0000000080c00000, 0x0000000080c00000|100%| O|  |TAMS 0x0000000080b00000| PB 0x0000000080b00000| Untracked 
|  12|0x0000000080c00000, 0x0000000080d00000, 0x0000000080d00000|100%| O|  |TAMS 0x0000000080c00000| PB 0x0000000080c00000| Untracked 
|  13|0x0000000080d00000, 0x0000000080e00000, 0x0000000080e00000|100%| O|  |TAMS 0x0000000080d00000| PB 0x0000000080d00000| Untracked 
|  14|0x0000000080e00000, 0x0000000080f00000, 0x0000000080f00000|100%| O|  |TAMS 0x0000000080e00000| PB 0x0000000080e00000| Untracked 
|  15|0x0000000080f00000, 0x0000000081000000, 0x0000000081000000|100%| O|  |TAMS 0x0000000080f00000| PB 0x0000000080f00000| Untracked 
|  16|0x0000000081000000, 0x0000000081100000, 0x0000000081100000|100%| O|  |TAMS 0x0000000081000000| PB 0x0000000081000000| Untracked 
|  17|0x0000000081100000, 0x0000000081200000, 0x0000000081200000|100%| O|  |TAMS 0x0000000081100000| PB 0x0000000081100000| Untracked 
|  18|0x0000000081200000, 0x0000000081300000, 0x0000000081300000|100%| O|  |TAMS 0x0000000081200000| PB 0x0000000081200000| Untracked 
|  19|0x0000000081300000, 0x0000000081400000, 0x0000000081400000|100%| O|  |TAMS 0x0000000081300000| PB 0x0000000081300000| Untracked 
|  20|0x0000000081400000, 0x0000000081500000, 0x0000000081500000|100%| O|  |TAMS 0x0000000081400000| PB 0x0000000081400000| Untracked 
|  21|0x0000000081500000, 0x0000000081600000, 0x0000000081600000|100%| O|  |TAMS 0x0000000081500000| PB 0x0000000081500000| Untracked 
|  22|0x0000000081600000, 0x0000000081700000, 0x0000000081700000|100%| O|  |TAMS 0x0000000081600000| PB 0x0000000081600000| Untracked 
|  23|0x0000000081700000, 0x0000000081800000, 0x0000000081800000|100%| O|  |TAMS 0x0000000081700000| PB 0x0000000081700000| Untracked 
|  24|0x0000000081800000, 0x0000000081900000, 0x0000000081900000|100%| O|  |TAMS 0x0000000081800000| PB 0x0000000081800000| Untracked 
|  25|0x0000000081900000, 0x0000000081a00000, 0x0000000081a00000|100%| O|  |TAMS 0x0000000081900000| PB 0x0000000081900000| Untracked 
|  26|0x0000000081a00000, 0x0000000081b00000, 0x0000000081b00000|100%|HS|  |TAMS 0x0000000081a00000| PB 0x0000000081a00000| Complete 
|  27|0x0000000081b00000, 0x0000000081c00000, 0x0000000081c00000|100%| O|  |TAMS 0x0000000081b00000| PB 0x0000000081b00000| Untracked 
|  28|0x0000000081c00000, 0x0000000081d00000, 0x0000000081d00000|100%|HS|  |TAMS 0x0000000081c00000| PB 0x0000000081c00000| Complete 
|  29|0x0000000081d00000, 0x0000000081e00000, 0x0000000081e00000|100%|HS|  |TAMS 0x0000000081d00000| PB 0x0000000081d00000| Complete 
|  30|0x0000000081e00000, 0x0000000081f00000, 0x0000000081f00000|100%| O|  |TAMS 0x0000000081e00000| PB 0x0000000081e00000| Untracked 
|  31|0x0000000081f00000, 0x0000000082000000, 0x0000000082000000|100%|HS|  |TAMS 0x0000000081f00000| PB 0x0000000081f00000| Complete 
|  32|0x0000000082000000, 0x0000000082100000, 0x0000000082100000|100%|HS|  |TAMS 0x0000000082000000| PB 0x0000000082000000| Complete 
|  33|0x0000000082100000, 0x0000000082200000, 0x0000000082200000|100%| O|  |TAMS 0x0000000082100000| PB 0x0000000082100000| Untracked 
|  34|0x0000000082200000, 0x0000000082300000, 0x0000000082300000|100%| O|  |TAMS 0x0000000082200000| PB 0x0000000082200000| Untracked 
|  35|0x0000000082300000, 0x0000000082400000, 0x0000000082400000|100%| O|  |TAMS 0x0000000082300000| PB 0x0000000082300000| Untracked 
|  36|0x0000000082400000, 0x0000000082500000, 0x0000000082500000|100%| O|  |TAMS 0x0000000082400000| PB 0x0000000082400000| Untracked 
|  37|0x0000000082500000, 0x0000000082600000, 0x0000000082600000|100%| O|  |TAMS 0x0000000082500000| PB 0x0000000082500000| Untracked 
|  38|0x0000000082600000, 0x0000000082700000, 0x0000000082700000|100%| O|  |TAMS 0x0000000082600000| PB 0x0000000082600000| Untracked 
|  39|0x0000000082700000, 0x0000000082800000, 0x0000000082800000|100%| O|  |TAMS 0x0000000082700000| PB 0x0000000082700000| Untracked 
|  40|0x0000000082800000, 0x0000000082900000, 0x0000000082900000|100%| O|  |TAMS 0x0000000082800000| PB 0x0000000082800000| Untracked 
|  41|0x0000000082900000, 0x0000000082a00000, 0x0000000082a00000|100%| O|  |TAMS 0x0000000082900000| PB 0x0000000082900000| Untracked 
|  42|0x0000000082a00000, 0x0000000082b00000, 0x0000000082b00000|100%| O|  |TAMS 0x0000000082a00000| PB 0x0000000082a00000| Untracked 
|  43|0x0000000082b00000, 0x0000000082c00000, 0x0000000082c00000|100%| O|  |TAMS 0x0000000082b00000| PB 0x0000000082b00000| Untracked 
|  44|0x0000000082c00000, 0x0000000082d00000, 0x0000000082d00000|100%| O|  |TAMS 0x0000000082c00000| PB 0x0000000082c00000| Untracked 
|  45|0x0000000082d00000, 0x0000000082e00000, 0x0000000082e00000|100%| O|  |TAMS 0x0000000082d00000| PB 0x0000000082d00000| Untracked 
|  46|0x0000000082e00000, 0x0000000082f00000, 0x0000000082f00000|100%| O|  |TAMS 0x0000000082e00000| PB 0x0000000082e00000| Untracked 
|  47|0x0000000082f00000, 0x0000000083000000, 0x0000000083000000|100%| O|  |TAMS 0x0000000082f00000| PB 0x0000000082f00000| Untracked 
|  48|0x0000000083000000, 0x0000000083100000, 0x0000000083100000|100%| O|  |TAMS 0x0000000083000000| PB 0x0000000083000000| Untracked 
|  49|0x0000000083100000, 0x0000000083200000, 0x0000000083200000|100%| O|  |TAMS 0x0000000083100000| PB 0x0000000083100000| Untracked 
|  50|0x0000000083200000, 0x0000000083300000, 0x0000000083300000|100%| O|  |TAMS 0x0000000083200000| PB 0x0000000083200000| Untracked 
|  51|0x0000000083300000, 0x0000000083400000, 0x0000000083400000|100%| O|  |TAMS 0x0000000083300000| PB 0x0000000083300000| Untracked 
|  52|0x0000000083400000, 0x0000000083500000, 0x0000000083500000|100%| O|  |TAMS 0x0000000083400000| PB 0x0000000083400000| Untracked 
|  53|0x0000000083500000, 0x0000000083600000, 0x0000000083600000|100%| O|  |TAMS 0x0000000083500000| PB 0x0000000083500000| Untracked 
|  54|0x0000000083600000, 0x0000000083700000, 0x0000000083700000|100%| O|  |TAMS 0x0000000083600000| PB 0x0000000083600000| Untracked 
|  55|0x0000000083700000, 0x0000000083800000, 0x0000000083800000|100%| O|  |TAMS 0x0000000083700000| PB 0x0000000083700000| Untracked 
|  56|0x0000000083800000, 0x0000000083900000, 0x0000000083900000|100%| O|  |TAMS 0x0000000083800000| PB 0x0000000083800000| Untracked 
|  57|0x0000000083900000, 0x0000000083a00000, 0x0000000083a00000|100%| O|  |TAMS 0x0000000083900000| PB 0x0000000083900000| Untracked 
|  58|0x0000000083a00000, 0x0000000083b00000, 0x0000000083b00000|100%| O|  |TAMS 0x0000000083a00000| PB 0x0000000083a00000| Untracked 
|  59|0x0000000083b00000, 0x0000000083c00000, 0x0000000083c00000|100%| O|  |TAMS 0x0000000083b00000| PB 0x0000000083b00000| Untracked 
|  60|0x0000000083c00000, 0x0000000083d00000, 0x0000000083d00000|100%| O|  |TAMS 0x0000000083c00000| PB 0x0000000083c00000| Untracked 
|  61|0x0000000083d00000, 0x0000000083e00000, 0x0000000083e00000|100%| O|  |TAMS 0x0000000083d00000| PB 0x0000000083d00000| Untracked 
|  62|0x0000000083e00000, 0x0000000083f00000, 0x0000000083f00000|100%| O|  |TAMS 0x0000000083e00000| PB 0x0000000083e00000| Untracked 
|  63|0x0000000083f00000, 0x0000000084000000, 0x0000000084000000|100%| O|Cm|TAMS 0x0000000083f00000| PB 0x0000000083f00000| Complete 
|  64|0x0000000084000000, 0x0000000084100000, 0x0000000084100000|100%| O|  |TAMS 0x0000000084000000| PB 0x0000000084000000| Untracked 
|  65|0x0000000084100000, 0x0000000084200000, 0x0000000084200000|100%| O|  |TAMS 0x0000000084100000| PB 0x0000000084100000| Untracked 
|  66|0x0000000084200000, 0x0000000084300000, 0x0000000084300000|100%| O|  |TAMS 0x0000000084200000| PB 0x0000000084200000| Untracked 
|  67|0x0000000084300000, 0x0000000084400000, 0x0000000084400000|100%| O|  |TAMS 0x0000000084300000| PB 0x0000000084300000| Untracked 
|  68|0x0000000084400000, 0x0000000084462540, 0x0000000084500000| 38%| O|  |TAMS 0x0000000084400000| PB 0x0000000084400000| Untracked 
|  69|0x0000000084500000, 0x0000000084500000, 0x0000000084600000|  0%| F|  |TAMS 0x0000000084500000| PB 0x0000000084500000| Untracked 
|  70|0x0000000084600000, 0x0000000084600000, 0x0000000084700000|  0%| F|  |TAMS 0x0000000084600000| PB 0x0000000084600000| Untracked 
|  71|0x0000000084700000, 0x0000000084700000, 0x0000000084800000|  0%| F|  |TAMS 0x0000000084700000| PB 0x0000000084700000| Untracked 
|  72|0x0000000084800000, 0x0000000084800000, 0x0000000084900000|  0%| F|  |TAMS 0x0000000084800000| PB 0x0000000084800000| Untracked 
|  73|0x0000000084900000, 0x0000000084a00000, 0x0000000084a00000|100%| O|  |TAMS 0x0000000084900000| PB 0x0000000084900000| Untracked 
|  74|0x0000000084a00000, 0x0000000084b00000, 0x0000000084b00000|100%| O|  |TAMS 0x0000000084a00000| PB 0x0000000084a00000| Untracked 
|  75|0x0000000084b00000, 0x0000000084c00000, 0x0000000084c00000|100%| O|  |TAMS 0x0000000084b00000| PB 0x0000000084b00000| Untracked 
|  76|0x0000000084c00000, 0x0000000084c00000, 0x0000000084d00000|  0%| F|  |TAMS 0x0000000084c00000| PB 0x0000000084c00000| Untracked 
|  77|0x0000000084d00000, 0x0000000084d00000, 0x0000000084e00000|  0%| F|  |TAMS 0x0000000084d00000| PB 0x0000000084d00000| Untracked 
|  78|0x0000000084e00000, 0x0000000084e00000, 0x0000000084f00000|  0%| F|  |TAMS 0x0000000084e00000| PB 0x0000000084e00000| Untracked 
|  79|0x0000000084f00000, 0x0000000084f00000, 0x0000000085000000|  0%| F|  |TAMS 0x0000000084f00000| PB 0x0000000084f00000| Untracked 
|  80|0x0000000085000000, 0x0000000085000000, 0x0000000085100000|  0%| F|  |TAMS 0x0000000085000000| PB 0x0000000085000000| Untracked 
|  81|0x0000000085100000, 0x0000000085100000, 0x0000000085200000|  0%| F|  |TAMS 0x0000000085100000| PB 0x0000000085100000| Untracked 
|  82|0x0000000085200000, 0x0000000085200000, 0x0000000085300000|  0%| F|  |TAMS 0x0000000085200000| PB 0x0000000085200000| Untracked 
|  83|0x0000000085300000, 0x0000000085300000, 0x0000000085400000|  0%| F|  |TAMS 0x0000000085300000| PB 0x0000000085300000| Untracked 
|  84|0x0000000085400000, 0x0000000085400000, 0x0000000085500000|  0%| F|  |TAMS 0x0000000085400000| PB 0x0000000085400000| Untracked 
|  85|0x0000000085500000, 0x0000000085500000, 0x0000000085600000|  0%| F|  |TAMS 0x0000000085500000| PB 0x0000000085500000| Untracked 
|  86|0x0000000085600000, 0x00000000856d33d0, 0x0000000085700000| 82%| S|CS|TAMS 0x0000000085600000| PB 0x0000000085600000| Complete 
|  87|0x0000000085700000, 0x0000000085800000, 0x0000000085800000|100%| S|CS|TAMS 0x0000000085700000| PB 0x0000000085700000| Complete 
|  88|0x0000000085800000, 0x0000000085900000, 0x0000000085900000|100%| S|CS|TAMS 0x0000000085800000| PB 0x0000000085800000| Complete 
|  89|0x0000000085900000, 0x0000000085900000, 0x0000000085a00000|  0%| F|  |TAMS 0x0000000085900000| PB 0x0000000085900000| Untracked 
|  90|0x0000000085a00000, 0x0000000085a00000, 0x0000000085b00000|  0%| F|  |TAMS 0x0000000085a00000| PB 0x0000000085a00000| Untracked 
|  91|0x0000000085b00000, 0x0000000085b00000, 0x0000000085c00000|  0%| F|  |TAMS 0x0000000085b00000| PB 0x0000000085b00000| Untracked 
|  92|0x0000000085c00000, 0x0000000085c00000, 0x0000000085d00000|  0%| F|  |TAMS 0x0000000085c00000| PB 0x0000000085c00000| Untracked 
|  93|0x0000000085d00000, 0x0000000085d00000, 0x0000000085e00000|  0%| F|  |TAMS 0x0000000085d00000| PB 0x0000000085d00000| Untracked 
|  94|0x0000000085e00000, 0x0000000085e00000, 0x0000000085f00000|  0%| F|  |TAMS 0x0000000085e00000| PB 0x0000000085e00000| Untracked 
|  95|0x0000000085f00000, 0x0000000085f00000, 0x0000000086000000|  0%| F|  |TAMS 0x0000000085f00000| PB 0x0000000085f00000| Untracked 
|  96|0x0000000086000000, 0x0000000086000000, 0x0000000086100000|  0%| F|  |TAMS 0x0000000086000000| PB 0x0000000086000000| Untracked 
|  97|0x0000000086100000, 0x0000000086100000, 0x0000000086200000|  0%| F|  |TAMS 0x0000000086100000| PB 0x0000000086100000| Untracked 
|  98|0x0000000086200000, 0x0000000086200000, 0x0000000086300000|  0%| F|  |TAMS 0x0000000086200000| PB 0x0000000086200000| Untracked 
|  99|0x0000000086300000, 0x0000000086300000, 0x0000000086400000|  0%| F|  |TAMS 0x0000000086300000| PB 0x0000000086300000| Untracked 
| 100|0x0000000086400000, 0x0000000086400000, 0x0000000086500000|  0%| F|  |TAMS 0x0000000086400000| PB 0x0000000086400000| Untracked 
| 101|0x0000000086500000, 0x0000000086500000, 0x0000000086600000|  0%| F|  |TAMS 0x0000000086500000| PB 0x0000000086500000| Untracked 
| 102|0x0000000086600000, 0x0000000086600000, 0x0000000086700000|  0%| F|  |TAMS 0x0000000086600000| PB 0x0000000086600000| Untracked 
| 103|0x0000000086700000, 0x0000000086700000, 0x0000000086800000|  0%| F|  |TAMS 0x0000000086700000| PB 0x0000000086700000| Untracked 
| 104|0x0000000086800000, 0x0000000086800000, 0x0000000086900000|  0%| F|  |TAMS 0x0000000086800000| PB 0x0000000086800000| Untracked 
| 105|0x0000000086900000, 0x0000000086900000, 0x0000000086a00000|  0%| F|  |TAMS 0x0000000086900000| PB 0x0000000086900000| Untracked 
| 106|0x0000000086a00000, 0x0000000086a00000, 0x0000000086b00000|  0%| F|  |TAMS 0x0000000086a00000| PB 0x0000000086a00000| Untracked 
| 107|0x0000000086b00000, 0x0000000086b00000, 0x0000000086c00000|  0%| F|  |TAMS 0x0000000086b00000| PB 0x0000000086b00000| Untracked 
| 108|0x0000000086c00000, 0x0000000086c00000, 0x0000000086d00000|  0%| F|  |TAMS 0x0000000086c00000| PB 0x0000000086c00000| Untracked 
| 109|0x0000000086d00000, 0x0000000086d00000, 0x0000000086e00000|  0%| F|  |TAMS 0x0000000086d00000| PB 0x0000000086d00000| Untracked 
| 110|0x0000000086e00000, 0x0000000086e00000, 0x0000000086f00000|  0%| F|  |TAMS 0x0000000086e00000| PB 0x0000000086e00000| Untracked 
| 111|0x0000000086f00000, 0x0000000086f00000, 0x0000000087000000|  0%| F|  |TAMS 0x0000000086f00000| PB 0x0000000086f00000| Untracked 
| 112|0x0000000087000000, 0x0000000087000000, 0x0000000087100000|  0%| F|  |TAMS 0x0000000087000000| PB 0x0000000087000000| Untracked 
| 113|0x0000000087100000, 0x0000000087100000, 0x0000000087200000|  0%| F|  |TAMS 0x0000000087100000| PB 0x0000000087100000| Untracked 
| 114|0x0000000087200000, 0x0000000087200000, 0x0000000087300000|  0%| F|  |TAMS 0x0000000087200000| PB 0x0000000087200000| Untracked 
| 115|0x0000000087300000, 0x0000000087300000, 0x0000000087400000|  0%| F|  |TAMS 0x0000000087300000| PB 0x0000000087300000| Untracked 
| 116|0x0000000087400000, 0x0000000087400000, 0x0000000087500000|  0%| F|  |TAMS 0x0000000087400000| PB 0x0000000087400000| Untracked 
| 117|0x0000000087500000, 0x0000000087500000, 0x0000000087600000|  0%| F|  |TAMS 0x0000000087500000| PB 0x0000000087500000| Untracked 
| 118|0x0000000087600000, 0x0000000087600000, 0x0000000087700000|  0%| F|  |TAMS 0x0000000087600000| PB 0x0000000087600000| Untracked 
| 119|0x0000000087700000, 0x0000000087700000, 0x0000000087800000|  0%| F|  |TAMS 0x0000000087700000| PB 0x0000000087700000| Untracked 
| 120|0x0000000087800000, 0x0000000087800000, 0x0000000087900000|  0%| F|  |TAMS 0x0000000087800000| PB 0x0000000087800000| Untracked 
| 121|0x0000000087900000, 0x0000000087900000, 0x0000000087a00000|  0%| F|  |TAMS 0x0000000087900000| PB 0x0000000087900000| Untracked 
| 122|0x0000000087a00000, 0x0000000087a00000, 0x0000000087b00000|  0%| F|  |TAMS 0x0000000087a00000| PB 0x0000000087a00000| Untracked 
| 123|0x0000000087b00000, 0x0000000087b00000, 0x0000000087c00000|  0%| F|  |TAMS 0x0000000087b00000| PB 0x0000000087b00000| Untracked 
| 124|0x0000000087c00000, 0x0000000087c00000, 0x0000000087d00000|  0%| F|  |TAMS 0x0000000087c00000| PB 0x0000000087c00000| Untracked 
| 125|0x0000000087d00000, 0x0000000087d00000, 0x0000000087e00000|  0%| F|  |TAMS 0x0000000087d00000| PB 0x0000000087d00000| Untracked 
| 126|0x0000000087e00000, 0x0000000087e00000, 0x0000000087f00000|  0%| F|  |TAMS 0x0000000087e00000| PB 0x0000000087e00000| Untracked 
| 127|0x0000000087f00000, 0x0000000087f00000, 0x0000000088000000|  0%| F|  |TAMS 0x0000000087f00000| PB 0x0000000087f00000| Untracked 
| 128|0x0000000088000000, 0x0000000088000000, 0x0000000088100000|  0%| F|  |TAMS 0x0000000088000000| PB 0x0000000088000000| Untracked 
| 129|0x0000000088100000, 0x0000000088100000, 0x0000000088200000|  0%| F|  |TAMS 0x0000000088100000| PB 0x0000000088100000| Untracked 
| 130|0x0000000088200000, 0x0000000088200000, 0x0000000088300000|  0%| F|  |TAMS 0x0000000088200000| PB 0x0000000088200000| Untracked 
| 131|0x0000000088300000, 0x0000000088300000, 0x0000000088400000|  0%| F|  |TAMS 0x0000000088300000| PB 0x0000000088300000| Untracked 
| 132|0x0000000088400000, 0x0000000088400000, 0x0000000088500000|  0%| F|  |TAMS 0x0000000088400000| PB 0x0000000088400000| Untracked 
| 133|0x0000000088500000, 0x0000000088500000, 0x0000000088600000|  0%| F|  |TAMS 0x0000000088500000| PB 0x0000000088500000| Untracked 
| 134|0x0000000088600000, 0x0000000088600000, 0x0000000088700000|  0%| F|  |TAMS 0x0000000088600000| PB 0x0000000088600000| Untracked 
| 135|0x0000000088700000, 0x0000000088700000, 0x0000000088800000|  0%| F|  |TAMS 0x0000000088700000| PB 0x0000000088700000| Untracked 
| 136|0x0000000088800000, 0x0000000088800000, 0x0000000088900000|  0%| F|  |TAMS 0x0000000088800000| PB 0x0000000088800000| Untracked 
| 137|0x0000000088900000, 0x00000000889c5508, 0x0000000088a00000| 77%| E|  |TAMS 0x0000000088900000| PB 0x0000000088900000| Complete 
| 138|0x0000000088a00000, 0x0000000088b00000, 0x0000000088b00000|100%| E|CS|TAMS 0x0000000088a00000| PB 0x0000000088a00000| Complete 
| 139|0x0000000088b00000, 0x0000000088c00000, 0x0000000088c00000|100%| E|CS|TAMS 0x0000000088b00000| PB 0x0000000088b00000| Complete 
| 140|0x0000000088c00000, 0x0000000088d00000, 0x0000000088d00000|100%| E|CS|TAMS 0x0000000088c00000| PB 0x0000000088c00000| Complete 
| 141|0x0000000088d00000, 0x0000000088e00000, 0x0000000088e00000|100%| E|CS|TAMS 0x0000000088d00000| PB 0x0000000088d00000| Complete 
| 142|0x0000000088e00000, 0x0000000088f00000, 0x0000000088f00000|100%| E|CS|TAMS 0x0000000088e00000| PB 0x0000000088e00000| Complete 
| 143|0x0000000088f00000, 0x0000000089000000, 0x0000000089000000|100%| E|CS|TAMS 0x0000000088f00000| PB 0x0000000088f00000| Complete 
| 144|0x0000000089000000, 0x0000000089100000, 0x0000000089100000|100%| E|CS|TAMS 0x0000000089000000| PB 0x0000000089000000| Complete 
| 145|0x0000000089100000, 0x0000000089200000, 0x0000000089200000|100%| E|CS|TAMS 0x0000000089100000| PB 0x0000000089100000| Complete 
| 146|0x0000000089200000, 0x0000000089300000, 0x0000000089300000|100%| E|CS|TAMS 0x0000000089200000| PB 0x0000000089200000| Complete 
| 147|0x0000000089300000, 0x0000000089400000, 0x0000000089400000|100%| E|CS|TAMS 0x0000000089300000| PB 0x0000000089300000| Complete 
| 148|0x0000000089400000, 0x0000000089500000, 0x0000000089500000|100%| E|CS|TAMS 0x0000000089400000| PB 0x0000000089400000| Complete 
| 149|0x0000000089500000, 0x0000000089600000, 0x0000000089600000|100%| E|CS|TAMS 0x0000000089500000| PB 0x0000000089500000| Complete 
| 150|0x0000000089600000, 0x0000000089700000, 0x0000000089700000|100%| E|CS|TAMS 0x0000000089600000| PB 0x0000000089600000| Complete 
| 151|0x0000000089700000, 0x0000000089800000, 0x0000000089800000|100%| E|CS|TAMS 0x0000000089700000| PB 0x0000000089700000| Complete 
| 152|0x0000000089800000, 0x0000000089900000, 0x0000000089900000|100%| E|CS|TAMS 0x0000000089800000| PB 0x0000000089800000| Complete 
| 153|0x0000000089900000, 0x0000000089a00000, 0x0000000089a00000|100%| E|CS|TAMS 0x0000000089900000| PB 0x0000000089900000| Complete 
| 154|0x0000000089a00000, 0x0000000089b00000, 0x0000000089b00000|100%| E|CS|TAMS 0x0000000089a00000| PB 0x0000000089a00000| Complete 
| 155|0x0000000089b00000, 0x0000000089c00000, 0x0000000089c00000|100%| E|CS|TAMS 0x0000000089b00000| PB 0x0000000089b00000| Complete 
| 156|0x0000000089c00000, 0x0000000089d00000, 0x0000000089d00000|100%| E|CS|TAMS 0x0000000089c00000| PB 0x0000000089c00000| Complete 
| 157|0x0000000089d00000, 0x0000000089e00000, 0x0000000089e00000|100%| E|CS|TAMS 0x0000000089d00000| PB 0x0000000089d00000| Complete 
| 158|0x0000000089e00000, 0x0000000089f00000, 0x0000000089f00000|100%| E|CS|TAMS 0x0000000089e00000| PB 0x0000000089e00000| Complete 
| 159|0x0000000089f00000, 0x000000008a000000, 0x000000008a000000|100%| E|CS|TAMS 0x0000000089f00000| PB 0x0000000089f00000| Complete 
| 160|0x000000008a000000, 0x000000008a100000, 0x000000008a100000|100%| E|CS|TAMS 0x000000008a000000| PB 0x000000008a000000| Complete 
| 161|0x000000008a100000, 0x000000008a200000, 0x000000008a200000|100%| E|CS|TAMS 0x000000008a100000| PB 0x000000008a100000| Complete 
| 162|0x000000008a200000, 0x000000008a300000, 0x000000008a300000|100%| E|CS|TAMS 0x000000008a200000| PB 0x000000008a200000| Complete 
| 163|0x000000008a300000, 0x000000008a400000, 0x000000008a400000|100%| E|CS|TAMS 0x000000008a300000| PB 0x000000008a300000| Complete 
| 164|0x000000008a400000, 0x000000008a500000, 0x000000008a500000|100%| E|CS|TAMS 0x000000008a400000| PB 0x000000008a400000| Complete 
| 165|0x000000008a500000, 0x000000008a600000, 0x000000008a600000|100%| E|CS|TAMS 0x000000008a500000| PB 0x000000008a500000| Complete 
| 166|0x000000008a600000, 0x000000008a700000, 0x000000008a700000|100%| E|CS|TAMS 0x000000008a600000| PB 0x000000008a600000| Complete 
| 167|0x000000008a700000, 0x000000008a800000, 0x000000008a800000|100%| E|CS|TAMS 0x000000008a700000| PB 0x000000008a700000| Complete 
| 168|0x000000008a800000, 0x000000008a900000, 0x000000008a900000|100%| E|CS|TAMS 0x000000008a800000| PB 0x000000008a800000| Complete 
| 169|0x000000008a900000, 0x000000008aa00000, 0x000000008aa00000|100%| E|CS|TAMS 0x000000008a900000| PB 0x000000008a900000| Complete 
| 170|0x000000008aa00000, 0x000000008ab00000, 0x000000008ab00000|100%| E|CS|TAMS 0x000000008aa00000| PB 0x000000008aa00000| Complete 
| 171|0x000000008ab00000, 0x000000008ac00000, 0x000000008ac00000|100%| E|CS|TAMS 0x000000008ab00000| PB 0x000000008ab00000| Complete 
| 172|0x000000008ac00000, 0x000000008ad00000, 0x000000008ad00000|100%| E|CS|TAMS 0x000000008ac00000| PB 0x000000008ac00000| Complete 
| 173|0x000000008ad00000, 0x000000008ae00000, 0x000000008ae00000|100%| E|CS|TAMS 0x000000008ad00000| PB 0x000000008ad00000| Complete 
| 174|0x000000008ae00000, 0x000000008af00000, 0x000000008af00000|100%| E|CS|TAMS 0x000000008ae00000| PB 0x000000008ae00000| Complete 
| 175|0x000000008af00000, 0x000000008b000000, 0x000000008b000000|100%| E|CS|TAMS 0x000000008af00000| PB 0x000000008af00000| Complete 
| 176|0x000000008b000000, 0x000000008b100000, 0x000000008b100000|100%| E|CS|TAMS 0x000000008b000000| PB 0x000000008b000000| Complete 
| 177|0x000000008b100000, 0x000000008b200000, 0x000000008b200000|100%| E|CS|TAMS 0x000000008b100000| PB 0x000000008b100000| Complete 
| 178|0x000000008b200000, 0x000000008b300000, 0x000000008b300000|100%| E|CS|TAMS 0x000000008b200000| PB 0x000000008b200000| Complete 
| 179|0x000000008b300000, 0x000000008b400000, 0x000000008b400000|100%| E|CS|TAMS 0x000000008b300000| PB 0x000000008b300000| Complete 
| 180|0x000000008b400000, 0x000000008b500000, 0x000000008b500000|100%| E|CS|TAMS 0x000000008b400000| PB 0x000000008b400000| Complete 
| 181|0x000000008b500000, 0x000000008b600000, 0x000000008b600000|100%| E|CS|TAMS 0x000000008b500000| PB 0x000000008b500000| Complete 
| 182|0x000000008b600000, 0x000000008b700000, 0x000000008b700000|100%| E|CS|TAMS 0x000000008b600000| PB 0x000000008b600000| Complete 
| 183|0x000000008b700000, 0x000000008b800000, 0x000000008b800000|100%| E|CS|TAMS 0x000000008b700000| PB 0x000000008b700000| Complete 
| 184|0x000000008b800000, 0x000000008b900000, 0x000000008b900000|100%| E|CS|TAMS 0x000000008b800000| PB 0x000000008b800000| Complete 
| 185|0x000000008b900000, 0x000000008ba00000, 0x000000008ba00000|100%| E|CS|TAMS 0x000000008b900000| PB 0x000000008b900000| Complete 
| 186|0x000000008ba00000, 0x000000008bb00000, 0x000000008bb00000|100%| E|CS|TAMS 0x000000008ba00000| PB 0x000000008ba00000| Complete 
| 187|0x000000008bb00000, 0x000000008bc00000, 0x000000008bc00000|100%| E|CS|TAMS 0x000000008bb00000| PB 0x000000008bb00000| Complete 
| 188|0x000000008bc00000, 0x000000008bd00000, 0x000000008bd00000|100%| E|CS|TAMS 0x000000008bc00000| PB 0x000000008bc00000| Complete 
| 189|0x000000008bd00000, 0x000000008be00000, 0x000000008be00000|100%| E|CS|TAMS 0x000000008bd00000| PB 0x000000008bd00000| Complete 
| 190|0x000000008be00000, 0x000000008bf00000, 0x000000008bf00000|100%| E|CS|TAMS 0x000000008be00000| PB 0x000000008be00000| Complete 
| 191|0x000000008bf00000, 0x000000008c000000, 0x000000008c000000|100%| E|CS|TAMS 0x000000008bf00000| PB 0x000000008bf00000| Complete 
| 192|0x000000008c000000, 0x000000008c100000, 0x000000008c100000|100%| E|CS|TAMS 0x000000008c000000| PB 0x000000008c000000| Complete 
| 193|0x000000008c100000, 0x000000008c200000, 0x000000008c200000|100%| E|CS|TAMS 0x000000008c100000| PB 0x000000008c100000| Complete 
| 194|0x000000008c200000, 0x000000008c300000, 0x000000008c300000|100%| E|CS|TAMS 0x000000008c200000| PB 0x000000008c200000| Complete 
| 195|0x000000008c300000, 0x000000008c400000, 0x000000008c400000|100%| E|CS|TAMS 0x000000008c300000| PB 0x000000008c300000| Complete 
| 196|0x000000008c400000, 0x000000008c500000, 0x000000008c500000|100%| E|CS|TAMS 0x000000008c400000| PB 0x000000008c400000| Complete 
| 197|0x000000008c500000, 0x000000008c600000, 0x000000008c600000|100%| E|CS|TAMS 0x000000008c500000| PB 0x000000008c500000| Complete 
| 198|0x000000008c600000, 0x000000008c700000, 0x000000008c700000|100%| E|CS|TAMS 0x000000008c600000| PB 0x000000008c600000| Complete 
| 199|0x000000008c700000, 0x000000008c800000, 0x000000008c800000|100%| E|CS|TAMS 0x000000008c700000| PB 0x000000008c700000| Complete 
| 200|0x000000008c800000, 0x000000008c900000, 0x000000008c900000|100%| E|CS|TAMS 0x000000008c800000| PB 0x000000008c800000| Complete 
| 201|0x000000008c900000, 0x000000008ca00000, 0x000000008ca00000|100%| E|CS|TAMS 0x000000008c900000| PB 0x000000008c900000| Complete 
| 202|0x000000008ca00000, 0x000000008cb00000, 0x000000008cb00000|100%| E|CS|TAMS 0x000000008ca00000| PB 0x000000008ca00000| Complete 
| 203|0x000000008cb00000, 0x000000008cc00000, 0x000000008cc00000|100%| E|CS|TAMS 0x000000008cb00000| PB 0x000000008cb00000| Complete 
| 204|0x000000008cc00000, 0x000000008cd00000, 0x000000008cd00000|100%| E|CS|TAMS 0x000000008cc00000| PB 0x000000008cc00000| Complete 
| 205|0x000000008cd00000, 0x000000008ce00000, 0x000000008ce00000|100%| E|CS|TAMS 0x000000008cd00000| PB 0x000000008cd00000| Complete 
| 206|0x000000008ce00000, 0x000000008cf00000, 0x000000008cf00000|100%| E|CS|TAMS 0x000000008ce00000| PB 0x000000008ce00000| Complete 
| 207|0x000000008cf00000, 0x000000008d000000, 0x000000008d000000|100%| E|CS|TAMS 0x000000008cf00000| PB 0x000000008cf00000| Complete 
| 208|0x000000008d000000, 0x000000008d100000, 0x000000008d100000|100%| E|CS|TAMS 0x000000008d000000| PB 0x000000008d000000| Complete 
| 209|0x000000008d100000, 0x000000008d200000, 0x000000008d200000|100%| E|CS|TAMS 0x000000008d100000| PB 0x000000008d100000| Complete 
| 210|0x000000008d200000, 0x000000008d300000, 0x000000008d300000|100%| E|CS|TAMS 0x000000008d200000| PB 0x000000008d200000| Complete 
| 211|0x000000008d300000, 0x000000008d400000, 0x000000008d400000|100%| E|CS|TAMS 0x000000008d300000| PB 0x000000008d300000| Complete 
| 212|0x000000008d400000, 0x000000008d500000, 0x000000008d500000|100%| E|CS|TAMS 0x000000008d400000| PB 0x000000008d400000| Complete 
| 213|0x000000008d500000, 0x000000008d600000, 0x000000008d600000|100%| E|CS|TAMS 0x000000008d500000| PB 0x000000008d500000| Complete 
| 214|0x000000008d600000, 0x000000008d700000, 0x000000008d700000|100%| E|CS|TAMS 0x000000008d600000| PB 0x000000008d600000| Complete 
| 215|0x000000008d700000, 0x000000008d800000, 0x000000008d800000|100%| E|CS|TAMS 0x000000008d700000| PB 0x000000008d700000| Complete 
| 216|0x000000008d800000, 0x000000008d900000, 0x000000008d900000|100%| E|CS|TAMS 0x000000008d800000| PB 0x000000008d800000| Complete 
| 217|0x000000008d900000, 0x000000008da00000, 0x000000008da00000|100%| E|CS|TAMS 0x000000008d900000| PB 0x000000008d900000| Complete 
| 218|0x000000008da00000, 0x000000008db00000, 0x000000008db00000|100%| E|CS|TAMS 0x000000008da00000| PB 0x000000008da00000| Complete 
| 219|0x000000008db00000, 0x000000008dc00000, 0x000000008dc00000|100%| E|CS|TAMS 0x000000008db00000| PB 0x000000008db00000| Complete 
| 220|0x000000008dc00000, 0x000000008dd00000, 0x000000008dd00000|100%| E|CS|TAMS 0x000000008dc00000| PB 0x000000008dc00000| Complete 
| 221|0x000000008dd00000, 0x000000008de00000, 0x000000008de00000|100%| E|CS|TAMS 0x000000008dd00000| PB 0x000000008dd00000| Complete 
| 222|0x000000008de00000, 0x000000008df00000, 0x000000008df00000|100%| E|CS|TAMS 0x000000008de00000| PB 0x000000008de00000| Complete 
| 223|0x000000008df00000, 0x000000008e000000, 0x000000008e000000|100%| E|CS|TAMS 0x000000008df00000| PB 0x000000008df00000| Complete 
| 224|0x000000008e000000, 0x000000008e100000, 0x000000008e100000|100%| E|CS|TAMS 0x000000008e000000| PB 0x000000008e000000| Complete 
| 225|0x000000008e100000, 0x000000008e200000, 0x000000008e200000|100%| E|CS|TAMS 0x000000008e100000| PB 0x000000008e100000| Complete 
| 226|0x000000008e200000, 0x000000008e300000, 0x000000008e300000|100%| E|CS|TAMS 0x000000008e200000| PB 0x000000008e200000| Complete 
| 227|0x000000008e300000, 0x000000008e400000, 0x000000008e400000|100%| E|CS|TAMS 0x000000008e300000| PB 0x000000008e300000| Complete 
| 228|0x000000008e400000, 0x000000008e500000, 0x000000008e500000|100%| E|CS|TAMS 0x000000008e400000| PB 0x000000008e400000| Complete 
| 229|0x000000008e500000, 0x000000008e600000, 0x000000008e600000|100%| E|CS|TAMS 0x000000008e500000| PB 0x000000008e500000| Complete 
| 230|0x000000008e600000, 0x000000008e700000, 0x000000008e700000|100%| E|CS|TAMS 0x000000008e600000| PB 0x000000008e600000| Complete 
| 231|0x000000008e700000, 0x000000008e800000, 0x000000008e800000|100%| E|CS|TAMS 0x000000008e700000| PB 0x000000008e700000| Complete 
| 232|0x000000008e800000, 0x000000008e900000, 0x000000008e900000|100%| E|CS|TAMS 0x000000008e800000| PB 0x000000008e800000| Complete 
| 233|0x000000008e900000, 0x000000008ea00000, 0x000000008ea00000|100%| E|CS|TAMS 0x000000008e900000| PB 0x000000008e900000| Complete 
| 234|0x000000008ea00000, 0x000000008eb00000, 0x000000008eb00000|100%| E|CS|TAMS 0x000000008ea00000| PB 0x000000008ea00000| Complete 
| 235|0x000000008eb00000, 0x000000008ec00000, 0x000000008ec00000|100%| E|CS|TAMS 0x000000008eb00000| PB 0x000000008eb00000| Complete 
| 236|0x000000008ec00000, 0x000000008ed00000, 0x000000008ed00000|100%| E|CS|TAMS 0x000000008ec00000| PB 0x000000008ec00000| Complete 
| 237|0x000000008ed00000, 0x000000008ee00000, 0x000000008ee00000|100%| E|CS|TAMS 0x000000008ed00000| PB 0x000000008ed00000| Complete 
| 238|0x000000008ee00000, 0x000000008ef00000, 0x000000008ef00000|100%| E|CS|TAMS 0x000000008ee00000| PB 0x000000008ee00000| Complete 
| 239|0x000000008ef00000, 0x000000008f000000, 0x000000008f000000|100%| E|CS|TAMS 0x000000008ef00000| PB 0x000000008ef00000| Complete 
| 240|0x000000008f000000, 0x000000008f100000, 0x000000008f100000|100%| E|CS|TAMS 0x000000008f000000| PB 0x000000008f000000| Complete 
| 241|0x000000008f100000, 0x000000008f200000, 0x000000008f200000|100%| E|CS|TAMS 0x000000008f100000| PB 0x000000008f100000| Complete 
| 242|0x000000008f200000, 0x000000008f300000, 0x000000008f300000|100%| E|CS|TAMS 0x000000008f200000| PB 0x000000008f200000| Complete 
| 243|0x000000008f300000, 0x000000008f400000, 0x000000008f400000|100%| E|CS|TAMS 0x000000008f300000| PB 0x000000008f300000| Complete 
| 244|0x000000008f400000, 0x000000008f500000, 0x000000008f500000|100%| E|CS|TAMS 0x000000008f400000| PB 0x000000008f400000| Complete 
| 245|0x000000008f500000, 0x000000008f600000, 0x000000008f600000|100%| E|CS|TAMS 0x000000008f500000| PB 0x000000008f500000| Complete 
| 246|0x000000008f600000, 0x000000008f700000, 0x000000008f700000|100%| E|CS|TAMS 0x000000008f600000| PB 0x000000008f600000| Complete 
| 247|0x000000008f700000, 0x000000008f800000, 0x000000008f800000|100%| E|CS|TAMS 0x000000008f700000| PB 0x000000008f700000| Complete 
| 248|0x000000008f800000, 0x000000008f900000, 0x000000008f900000|100%| E|CS|TAMS 0x000000008f800000| PB 0x000000008f800000| Complete 
| 249|0x000000008f900000, 0x000000008fa00000, 0x000000008fa00000|100%| E|CS|TAMS 0x000000008f900000| PB 0x000000008f900000| Complete 
| 250|0x000000008fa00000, 0x000000008fb00000, 0x000000008fb00000|100%| E|CS|TAMS 0x000000008fa00000| PB 0x000000008fa00000| Complete 
| 251|0x000000008fb00000, 0x000000008fc00000, 0x000000008fc00000|100%| E|CS|TAMS 0x000000008fb00000| PB 0x000000008fb00000| Complete 
| 252|0x000000008fc00000, 0x000000008fd00000, 0x000000008fd00000|100%| E|CS|TAMS 0x000000008fc00000| PB 0x000000008fc00000| Complete 
| 253|0x000000008fd00000, 0x000000008fe00000, 0x000000008fe00000|100%| E|CS|TAMS 0x000000008fd00000| PB 0x000000008fd00000| Complete 
| 254|0x000000008fe00000, 0x000000008ff00000, 0x000000008ff00000|100%| E|CS|TAMS 0x000000008fe00000| PB 0x000000008fe00000| Complete 
| 255|0x000000008ff00000, 0x0000000090000000, 0x0000000090000000|100%| E|CS|TAMS 0x000000008ff00000| PB 0x000000008ff00000| Complete 
| 256|0x0000000090000000, 0x0000000090100000, 0x0000000090100000|100%| E|CS|TAMS 0x0000000090000000| PB 0x0000000090000000| Complete 
| 257|0x0000000090100000, 0x0000000090200000, 0x0000000090200000|100%| E|CS|TAMS 0x0000000090100000| PB 0x0000000090100000| Complete 
| 258|0x0000000090200000, 0x0000000090300000, 0x0000000090300000|100%| E|CS|TAMS 0x0000000090200000| PB 0x0000000090200000| Complete 
| 259|0x0000000090300000, 0x0000000090400000, 0x0000000090400000|100%| E|CS|TAMS 0x0000000090300000| PB 0x0000000090300000| Complete 
| 260|0x0000000090400000, 0x0000000090500000, 0x0000000090500000|100%| E|CS|TAMS 0x0000000090400000| PB 0x0000000090400000| Complete 
| 261|0x0000000090500000, 0x0000000090600000, 0x0000000090600000|100%| E|CS|TAMS 0x0000000090500000| PB 0x0000000090500000| Complete 
| 262|0x0000000090600000, 0x0000000090700000, 0x0000000090700000|100%| E|CS|TAMS 0x0000000090600000| PB 0x0000000090600000| Complete 
| 263|0x0000000090700000, 0x0000000090800000, 0x0000000090800000|100%| E|CS|TAMS 0x0000000090700000| PB 0x0000000090700000| Complete 
| 264|0x0000000090800000, 0x0000000090900000, 0x0000000090900000|100%| E|CS|TAMS 0x0000000090800000| PB 0x0000000090800000| Complete 
| 265|0x0000000090900000, 0x0000000090a00000, 0x0000000090a00000|100%| E|CS|TAMS 0x0000000090900000| PB 0x0000000090900000| Complete 
| 266|0x0000000090a00000, 0x0000000090b00000, 0x0000000090b00000|100%| E|CS|TAMS 0x0000000090a00000| PB 0x0000000090a00000| Complete 
| 267|0x0000000090b00000, 0x0000000090c00000, 0x0000000090c00000|100%| E|CS|TAMS 0x0000000090b00000| PB 0x0000000090b00000| Complete 
| 268|0x0000000090c00000, 0x0000000090d00000, 0x0000000090d00000|100%| E|CS|TAMS 0x0000000090c00000| PB 0x0000000090c00000| Complete 
| 269|0x0000000090d00000, 0x0000000090e00000, 0x0000000090e00000|100%| E|CS|TAMS 0x0000000090d00000| PB 0x0000000090d00000| Complete 
| 270|0x0000000090e00000, 0x0000000090f00000, 0x0000000090f00000|100%| E|CS|TAMS 0x0000000090e00000| PB 0x0000000090e00000| Complete 
| 271|0x0000000090f00000, 0x0000000091000000, 0x0000000091000000|100%| E|CS|TAMS 0x0000000090f00000| PB 0x0000000090f00000| Complete 
| 272|0x0000000091000000, 0x0000000091100000, 0x0000000091100000|100%| E|CS|TAMS 0x0000000091000000| PB 0x0000000091000000| Complete 
| 273|0x0000000091100000, 0x0000000091200000, 0x0000000091200000|100%| E|CS|TAMS 0x0000000091100000| PB 0x0000000091100000| Complete 
| 506|0x000000009fa00000, 0x000000009fb00000, 0x000000009fb00000|100%| E|CS|TAMS 0x000000009fa00000| PB 0x000000009fa00000| Complete 
| 507|0x000000009fb00000, 0x000000009fc00000, 0x000000009fc00000|100%| E|CS|TAMS 0x000000009fb00000| PB 0x000000009fb00000| Complete 
|2045|0x00000000ffd00000, 0x00000000ffe00000, 0x00000000ffe00000|100%| E|CS|TAMS 0x00000000ffd00000| PB 0x00000000ffd00000| Complete 
|2046|0x00000000ffe00000, 0x00000000fff00000, 0x00000000fff00000|100%| O|  |TAMS 0x00000000ffe00000| PB 0x00000000ffe00000| Untracked 
|2047|0x00000000fff00000, 0x0000000100000000, 0x0000000100000000|100%| O|  |TAMS 0x00000000fff00000| PB 0x00000000fff00000| Untracked 

Card table byte_map: [0x000001d344280000,0x000001d344680000] _byte_map_base: 0x000001d343e80000

Marking Bits: (CMBitMap*) 0x000001d32ed37050
 Bits: [0x000001d344680000, 0x000001d346680000)

Polling page: 0x000001d32e9d0000

Metaspace:

Usage:
  Non-class:     81.03 MB used.
      Class:     12.75 MB used.
       Both:     93.77 MB used.

Virtual space:
  Non-class space:      128.00 MB reserved,      82.06 MB ( 64%) committed,  2 nodes.
      Class space:        1.00 GB reserved,      13.75 MB (  1%) committed,  1 nodes.
             Both:        1.12 GB reserved,      95.81 MB (  8%) committed. 

Chunk freelists:
   Non-Class:  13.67 MB
       Class:  2.13 MB
        Both:  15.80 MB

MaxMetaspaceSize: unlimited
CompressedClassSpaceSize: 1.00 GB
Initial GC threshold: 21.00 MB
Current GC threshold: 132.62 MB
CDS: off
 - commit_granule_bytes: 65536.
 - commit_granule_words: 8192.
 - virtual_space_node_default_size: 8388608.
 - enlarge_chunks_in_place: 1.
 - use_allocation_guard: 0.


Internal statistics:

num_allocs_failed_limit: 9.
num_arena_births: 3780.
num_arena_deaths: 0.
num_vsnodes_births: 3.
num_vsnodes_deaths: 0.
num_space_committed: 1533.
num_space_uncommitted: 0.
num_chunks_returned_to_freelist: 9.
num_chunks_taken_from_freelist: 7882.
num_chunk_merges: 9.
num_chunk_splits: 5073.
num_chunks_enlarged: 3132.
num_inconsistent_stats: 0.

CodeHeap 'non-profiled nmethods': size=118848Kb used=6090Kb max_used=6090Kb free=112757Kb
 bounds [0x000001d33b010000, 0x000001d33b610000, 0x000001d342420000]
CodeHeap 'profiled nmethods': size=118848Kb used=20853Kb max_used=20853Kb free=97994Kb
 bounds [0x000001d333420000, 0x000001d334880000, 0x000001d33a830000]
CodeHeap 'non-nmethods': size=8064Kb used=3944Kb max_used=5120Kb free=4119Kb
 bounds [0x000001d33a830000, 0x000001d33ad40000, 0x000001d33b010000]
 total_blobs=11626 nmethods=10680 adapters=848
 compilation: enabled
              stopped_count=0, restarted_count=0
 full_count=0

Compilation events (20 events):
Event: 8.834 Thread 0x000001d34f389420 nmethod 12116 0x000001d334876610 code [0x000001d334876840, 0x000001d334876ed0]
Event: 8.834 Thread 0x000001d34a538840 12117       3       java.lang.invoke.LambdaFormBuffer::noteDuplicate (115 bytes)
Event: 8.834 Thread 0x000001d34a538840 nmethod 12117 0x000001d334877210 code [0x000001d334877420, 0x000001d334877c40]
Event: 8.837 Thread 0x000001d353d83390 12118       4       java.lang.invoke.MemberName::<init> (50 bytes)
Event: 8.838 Thread 0x000001d34f389420 12119       3       java.io.ObjectStreamField::isPrimitive (23 bytes)
Event: 8.839 Thread 0x000001d34f9987f0 12120       1       java.io.ObjectStreamField::getField (5 bytes)
Event: 8.839 Thread 0x000001d34f389420 nmethod 12119 0x000001d334877f90 code [0x000001d3348781a0, 0x000001d334878850]
Event: 8.839 Thread 0x000001d34f9987f0 nmethod 12120 0x000001d33b600290 code [0x000001d33b600420, 0x000001d33b6004e8]
Event: 8.839 Thread 0x000001d34a538840 12121       3       java.io.ObjectOutputStream$BlockDataOutputStream::writeShort (47 bytes)
Event: 8.839 Thread 0x000001d34f389420 12122       3       jdk.internal.util.ByteArray::setShort (10 bytes)
Event: 8.839 Thread 0x000001d353d83390 nmethod 12118 0x000001d33b600590 code [0x000001d33b600720, 0x000001d33b600c58]
Event: 8.839 Thread 0x000001d34f389420 nmethod 12122 0x000001d334878b90 code [0x000001d334878d80, 0x000001d3348792c0]
Event: 8.839 Thread 0x000001d34a538840 nmethod 12121 0x000001d334879510 code [0x000001d3348797a0, 0x000001d33487a490]
Event: 8.840 Thread 0x000001d34f389420 12123       3       java.io.ObjectOutputStream$BlockDataOutputStream::drain (45 bytes)
Event: 8.840 Thread 0x000001d34f389420 nmethod 12123 0x000001d33487a990 code [0x000001d33487ab60, 0x000001d33487ae20]
Event: 8.840 Thread 0x000001d34a4d9510 12124       1       org.gradle.internal.logging.events.ProgressStartEvent::getProgressOperationId (5 bytes)
Event: 8.840 Thread 0x000001d34a4d9510 nmethod 12124 0x000001d33b600d90 code [0x000001d33b600f20, 0x000001d33b600fe8]
Event: 8.848 Thread 0x000001d34a99a010 12125   !   4       java.io.WinNTFileSystem::resolve (362 bytes)
Event: 9.340 Thread 0x000001d34f9987f0 12126       3       java.util.ComparableTimSort::reverseRange (32 bytes)
Event: 9.340 Thread 0x000001d34aa1e1c0 12127       4       java.util.stream.Collectors$$Lambda/0x0000000100134f28::accept (14 bytes)

GC Heap History (20 events):
Event: 3.623 GC heap before
{Heap before GC invocations=10 (full 0):
 garbage-first heap   total 89088K, used 79957K [0x0000000080000000, 0x0000000100000000)
  region size 1024K, 51 young (52224K), 7 survivors (7168K)
 Metaspace       used 48454K, committed 49664K, reserved 1114112K
  class space    used 6394K, committed 6976K, reserved 1048576K
}
Event: 3.629 GC heap after
{Heap after GC invocations=11 (full 0):
 garbage-first heap   total 94208K, used 34616K [0x0000000080000000, 0x0000000100000000)
  region size 1024K, 5 young (5120K), 5 survivors (5120K)
 Metaspace       used 48454K, committed 49664K, reserved 1114112K
  class space    used 6394K, committed 6976K, reserved 1048576K
}
Event: 3.982 GC heap before
{Heap before GC invocations=11 (full 0):
 garbage-first heap   total 94208K, used 81720K [0x0000000080000000, 0x0000000100000000)
  region size 1024K, 51 young (52224K), 5 survivors (5120K)
 Metaspace       used 53140K, committed 54528K, reserved 1114112K
  class space    used 7116K, committed 7808K, reserved 1048576K
}
Event: 3.985 GC heap after
{Heap after GC invocations=12 (full 0):
 garbage-first heap   total 307200K, used 38343K [0x0000000080000000, 0x0000000100000000)
  region size 1024K, 5 young (5120K), 5 survivors (5120K)
 Metaspace       used 53140K, committed 54528K, reserved 1114112K
  class space    used 7116K, committed 7808K, reserved 1048576K
}
Event: 4.362 GC heap before
{Heap before GC invocations=12 (full 0):
 garbage-first heap   total 307200K, used 81351K [0x0000000080000000, 0x0000000100000000)
  region size 1024K, 46 young (47104K), 5 survivors (5120K)
 Metaspace       used 58602K, committed 60096K, reserved 1114112K
  class space    used 7877K, committed 8640K, reserved 1048576K
}
Event: 4.365 GC heap after
{Heap after GC invocations=13 (full 0):
 garbage-first heap   total 307200K, used 40248K [0x0000000080000000, 0x0000000100000000)
  region size 1024K, 7 young (7168K), 7 survivors (7168K)
 Metaspace       used 58602K, committed 60096K, reserved 1114112K
  class space    used 7877K, committed 8640K, reserved 1048576K
}
Event: 5.006 GC heap before
{Heap before GC invocations=14 (full 0):
 garbage-first heap   total 137216K, used 136504K [0x0000000080000000, 0x0000000100000000)
  region size 1024K, 101 young (103424K), 7 survivors (7168K)
 Metaspace       used 61992K, committed 63616K, reserved 1114112K
  class space    used 8293K, committed 9088K, reserved 1048576K
}
Event: 5.012 GC heap after
{Heap after GC invocations=15 (full 0):
 garbage-first heap   total 150528K, used 46751K [0x0000000080000000, 0x0000000100000000)
  region size 1024K, 13 young (13312K), 13 survivors (13312K)
 Metaspace       used 61992K, committed 63616K, reserved 1114112K
  class space    used 8293K, committed 9088K, reserved 1048576K
}
Event: 5.482 GC heap before
{Heap before GC invocations=15 (full 0):
 garbage-first heap   total 150528K, used 128671K [0x0000000080000000, 0x0000000100000000)
  region size 1024K, 88 young (90112K), 13 survivors (13312K)
 Metaspace       used 64410K, committed 66048K, reserved 1114112K
  class space    used 8596K, committed 9408K, reserved 1048576K
}
Event: 5.485 GC heap after
{Heap after GC invocations=16 (full 0):
 garbage-first heap   total 152576K, used 59121K [0x0000000080000000, 0x0000000100000000)
  region size 1024K, 9 young (9216K), 9 survivors (9216K)
 Metaspace       used 64410K, committed 66048K, reserved 1114112K
  class space    used 8596K, committed 9408K, reserved 1048576K
}
Event: 6.074 GC heap before
{Heap before GC invocations=16 (full 0):
 garbage-first heap   total 152576K, used 124657K [0x0000000080000000, 0x0000000100000000)
  region size 1024K, 75 young (76800K), 9 survivors (9216K)
 Metaspace       used 72635K, committed 74432K, reserved 1114112K
  class space    used 9667K, committed 10560K, reserved 1048576K
}
Event: 6.078 GC heap after
{Heap after GC invocations=17 (full 0):
 garbage-first heap   total 152576K, used 63648K [0x0000000080000000, 0x0000000100000000)
  region size 1024K, 4 young (4096K), 4 survivors (4096K)
 Metaspace       used 72635K, committed 74432K, reserved 1114112K
  class space    used 9667K, committed 10560K, reserved 1048576K
}
Event: 6.564 GC heap before
{Heap before GC invocations=18 (full 0):
 garbage-first heap   total 152576K, used 140448K [0x0000000080000000, 0x0000000100000000)
  region size 1024K, 73 young (74752K), 4 survivors (4096K)
 Metaspace       used 77017K, committed 78784K, reserved 1179648K
  class space    used 10249K, committed 11136K, reserved 1048576K
}
Event: 6.566 GC heap after
{Heap after GC invocations=19 (full 0):
 garbage-first heap   total 152576K, used 69788K [0x0000000080000000, 0x0000000100000000)
  region size 1024K, 10 young (10240K), 10 survivors (10240K)
 Metaspace       used 77017K, committed 78784K, reserved 1179648K
  class space    used 10249K, committed 11136K, reserved 1048576K
}
Event: 6.923 GC heap before
{Heap before GC invocations=19 (full 0):
 garbage-first heap   total 152576K, used 133276K [0x0000000080000000, 0x0000000100000000)
  region size 1024K, 72 young (73728K), 10 survivors (10240K)
 Metaspace       used 78584K, committed 80384K, reserved 1179648K
  class space    used 10434K, committed 11328K, reserved 1048576K
}
Event: 6.928 GC heap after
{Heap after GC invocations=20 (full 0):
 garbage-first heap   total 152576K, used 75200K [0x0000000080000000, 0x0000000100000000)
  region size 1024K, 7 young (7168K), 7 survivors (7168K)
 Metaspace       used 78584K, committed 80384K, reserved 1179648K
  class space    used 10434K, committed 11328K, reserved 1048576K
}
Event: 7.022 GC heap before
{Heap before GC invocations=20 (full 0):
 garbage-first heap   total 152576K, used 87488K [0x0000000080000000, 0x0000000100000000)
  region size 1024K, 20 young (20480K), 7 survivors (7168K)
 Metaspace       used 79509K, committed 81408K, reserved 1179648K
  class space    used 10572K, committed 11520K, reserved 1048576K
}
Event: 7.025 GC heap after
{Heap after GC invocations=21 (full 0):
 garbage-first heap   total 152576K, used 76529K [0x0000000080000000, 0x0000000100000000)
  region size 1024K, 2 young (2048K), 2 survivors (2048K)
 Metaspace       used 79509K, committed 81408K, reserved 1179648K
  class space    used 10572K, committed 11520K, reserved 1048576K
}
Event: 7.516 GC heap before
{Heap before GC invocations=22 (full 0):
 garbage-first heap   total 152576K, used 134897K [0x0000000080000000, 0x0000000100000000)
  region size 1024K, 58 young (59392K), 2 survivors (2048K)
 Metaspace       used 84400K, committed 86272K, reserved 1179648K
  class space    used 11407K, committed 12352K, reserved 1048576K
}
Event: 7.518 GC heap after
{Heap after GC invocations=23 (full 0):
 garbage-first heap   total 285696K, used 78038K [0x0000000080000000, 0x0000000100000000)
  region size 1024K, 3 young (3072K), 3 survivors (3072K)
 Metaspace       used 84400K, committed 86272K, reserved 1179648K
  class space    used 11407K, committed 12352K, reserved 1048576K
}

Dll operation events (3 events):
Event: 0.020 Loaded shared library D:\Program Files\Android\Android Studio\jbr\bin\java.dll
Event: 0.030 Loaded shared library D:\Program Files\Android\Android Studio\jbr\bin\zip.dll
Event: 0.453 Loaded shared library D:\Program Files\Android\Android Studio\jbr\bin\verify.dll

Deoptimization events (20 events):
Event: 8.836 Thread 0x000001d34a8909e0 Uncommon trap: trap_request=0xffffffc6 fr.pc=0x000001d33b2967c4 relative=0x0000000000000284
Event: 8.836 Thread 0x000001d34a8909e0 Uncommon trap: reason=bimorphic_or_optimized_type_check action=maybe_recompile pc=0x000001d33b2967c4 method=java.util.stream.StreamOpFlag.fromCharacteristics(Ljava/util/Spliterator;)I @ 14 c2
Event: 8.836 Thread 0x000001d34a8909e0 DEOPT PACKING pc=0x000001d33b2967c4 sp=0x0000006c23afe3e0
Event: 8.836 Thread 0x000001d34a8909e0 DEOPT UNPACKING pc=0x000001d33a8846a2 sp=0x0000006c23afe2c8 mode 2
Event: 8.837 Thread 0x000001d34a8909e0 Uncommon trap: trap_request=0xffffffde fr.pc=0x000001d33b566c40 relative=0x0000000000000c00
Event: 8.837 Thread 0x000001d34a8909e0 Uncommon trap: reason=class_check action=maybe_recompile pc=0x000001d33b566c40 method=org.gradle.tooling.internal.provider.runner.ClientBuildEventGenerator$Enabled.accept(Lorg/gradle/internal/operations/BuildOperationDescriptor;)Lorg/gradle/tooling/intern
Event: 8.837 Thread 0x000001d34a8909e0 DEOPT PACKING pc=0x000001d33b566c40 sp=0x0000006c23afe670
Event: 8.837 Thread 0x000001d34a8909e0 DEOPT UNPACKING pc=0x000001d33a8846a2 sp=0x0000006c23afe598 mode 2
Event: 8.837 Thread 0x000001d34a8909e0 Uncommon trap: trap_request=0xffffffc6 fr.pc=0x000001d33b2967c4 relative=0x0000000000000284
Event: 8.837 Thread 0x000001d34a8909e0 Uncommon trap: reason=bimorphic_or_optimized_type_check action=maybe_recompile pc=0x000001d33b2967c4 method=java.util.stream.StreamOpFlag.fromCharacteristics(Ljava/util/Spliterator;)I @ 14 c2
Event: 8.837 Thread 0x000001d34a8909e0 DEOPT PACKING pc=0x000001d33b2967c4 sp=0x0000006c23afe3e0
Event: 8.837 Thread 0x000001d34a8909e0 DEOPT UNPACKING pc=0x000001d33a8846a2 sp=0x0000006c23afe2c8 mode 2
Event: 8.838 Thread 0x000001d34a8909e0 Uncommon trap: trap_request=0xffffff45 fr.pc=0x000001d33b543964 relative=0x00000000000001c4
Event: 8.838 Thread 0x000001d34a8909e0 Uncommon trap: reason=unstable_if action=reinterpret pc=0x000001d33b543964 method=org.gradle.internal.operations.logging.LoggingBuildOperationProgressBroadcaster.onOutput(Lorg/gradle/internal/logging/events/OutputEvent;)V @ 73 c2
Event: 8.838 Thread 0x000001d34a8909e0 DEOPT PACKING pc=0x000001d33b543964 sp=0x0000006c23afe640
Event: 8.838 Thread 0x000001d34a8909e0 DEOPT UNPACKING pc=0x000001d33a8846a2 sp=0x0000006c23afe570 mode 2
Event: 8.850 Thread 0x000001d350a57e70 Uncommon trap: trap_request=0xffffff45 fr.pc=0x000001d33b425d6c relative=0x00000000000038ec
Event: 8.850 Thread 0x000001d350a57e70 Uncommon trap: reason=unstable_if action=reinterpret pc=0x000001d33b425d6c method=org.gradle.cache.internal.btree.BTreePersistentIndexedCache$1.create(Ljava/lang/Class;)Ljava/lang/Object; @ 3 c2
Event: 8.850 Thread 0x000001d350a57e70 DEOPT PACKING pc=0x000001d33b425d6c sp=0x0000006c1ccfe130
Event: 8.850 Thread 0x000001d350a57e70 DEOPT UNPACKING pc=0x000001d33a8846a2 sp=0x0000006c1ccfe008 mode 2

Classes loaded (20 events):
Event: 8.533 Loading class java/util/EnumMap$EntryIterator
Event: 8.533 Loading class java/util/EnumMap$EnumMapIterator
Event: 8.533 Loading class java/util/EnumMap$EnumMapIterator done
Event: 8.533 Loading class java/util/EnumMap$EntryIterator done
Event: 8.533 Loading class java/util/EnumMap$EntryIterator$Entry
Event: 8.533 Loading class java/util/EnumMap$EntryIterator$Entry done
Event: 8.542 Loading class jdk/internal/reflect/MethodHandleBooleanFieldAccessorImpl
Event: 8.543 Loading class jdk/internal/reflect/MethodHandleBooleanFieldAccessorImpl done
Event: 8.765 Loading class java/util/IdentityHashMap$KeyIterator
Event: 8.765 Loading class java/util/IdentityHashMap$IdentityHashMapIterator
Event: 8.765 Loading class java/util/IdentityHashMap$IdentityHashMapIterator done
Event: 8.765 Loading class java/util/IdentityHashMap$KeyIterator done
Event: 8.769 Loading class java/util/TreeMap$KeySpliterator
Event: 8.769 Loading class java/util/TreeMap$TreeMapSpliterator
Event: 8.769 Loading class java/util/TreeMap$TreeMapSpliterator done
Event: 8.769 Loading class java/util/TreeMap$KeySpliterator done
Event: 8.787 Loading class java/lang/management/RuntimeMXBean
Event: 8.787 Loading class java/lang/management/RuntimeMXBean done
Event: 8.787 Loading class sun/management/RuntimeImpl
Event: 8.787 Loading class sun/management/RuntimeImpl done

Classes unloaded (0 events):
No events

Classes redefined (0 events):
No events

Internal exceptions (20 events):
Event: 7.784 Thread 0x000001d350866850 Implicit null exception at 0x000001d33b28e8f1 to 0x000001d33b28f364
Event: 7.784 Thread 0x000001d350866850 Implicit null exception at 0x000001d33b291669 to 0x000001d33b291714
Event: 7.784 Thread 0x000001d350866850 Implicit null exception at 0x000001d33b28e8f1 to 0x000001d33b28f364
Event: 7.785 Thread 0x000001d350866850 Implicit null exception at 0x000001d33b28e8f1 to 0x000001d33b28f364
Event: 7.785 Thread 0x000001d350866850 Implicit null exception at 0x000001d33b28e8f1 to 0x000001d33b28f364
Event: 7.828 Thread 0x000001d350866850 Implicit null exception at 0x000001d33b36545d to 0x000001d33b365970
Event: 7.937 Thread 0x000001d350866850 Exception <a 'java/lang/NoSuchMethodError'{0x000000008e820d80}: 'java.lang.Object java.lang.invoke.DirectMethodHandle$Holder.newInvokeSpecial(java.lang.Object, java.lang.Object, java.lang.Object, java.lang.Object, java.lang.Object, java.lang.Object, int)'> (0x000000008e820d80) 
thrown [s\src\hotspot\share\interpreter\linkResolver.cpp, line 784]
Event: 7.937 Thread 0x000001d350866850 Exception <a 'java/lang/NoSuchMethodError'{0x000000008e825d90}: 'java.lang.Object java.lang.invoke.DirectMethodHandle$Holder.invokeSpecial(java.lang.Object, java.lang.Object, java.lang.Object, java.lang.Object, java.lang.Object, java.lang.Object, java.lang.Object, int)'> (0x000000008e825d90) 
thrown [s\src\hotspot\share\interpreter\linkResolver.cpp, line 784]
Event: 7.937 Thread 0x000001d350866850 Exception <a 'java/lang/NoSuchMethodError'{0x000000008e82a6a8}: 'java.lang.Object java.lang.invoke.Invokers$Holder.linkToTargetMethod(java.lang.Object, java.lang.Object, java.lang.Object, java.lang.Object, java.lang.Object, int, java.lang.Object)'> (0x000000008e82a6a8) 
thrown [s\src\hotspot\share\interpreter\linkResolver.cpp, line 784]
Event: 8.293 Thread 0x000001d350866850 Exception <a 'java/lang/NullPointerException'{0x000000008cadfac8}> (0x000000008cadfac8) 
thrown [s\src\hotspot\share\interpreter\linkResolver.cpp, line 1471]
Event: 8.532 Thread 0x000001d350866850 Exception <a 'sun/nio/fs/WindowsException'{0x000000008b6a6a78}> (0x000000008b6a6a78) 
thrown [s\src\hotspot\share\prims\jni.cpp, line 535]
Event: 8.532 Thread 0x000001d350866850 Exception <a 'sun/nio/fs/WindowsException'{0x000000008b6a80c0}> (0x000000008b6a80c0) 
thrown [s\src\hotspot\share\prims\jni.cpp, line 535]
Event: 8.532 Thread 0x000001d350866850 Exception <a 'sun/nio/fs/WindowsException'{0x000000008b6a9758}> (0x000000008b6a9758) 
thrown [s\src\hotspot\share\prims\jni.cpp, line 535]
Event: 8.532 Thread 0x000001d350866850 Exception <a 'sun/nio/fs/WindowsException'{0x000000008b6aadf0}> (0x000000008b6aadf0) 
thrown [s\src\hotspot\share\prims\jni.cpp, line 535]
Event: 8.751 Thread 0x000001d350866850 Implicit null exception at 0x000001d33b5f33be to 0x000001d33b5f348c
Event: 8.775 Thread 0x000001d350866850 Exception <a 'java/lang/NoSuchMethodError'{0x000000008999c1b8}: 'void java.lang.invoke.DirectMethodHandle$Holder.invokeSpecial(java.lang.Object, java.lang.Object, java.lang.Object, java.lang.Object, int, java.lang.Object, java.lang.Object)'> (0x000000008999c1b8) 
thrown [s\src\hotspot\share\interpreter\linkResolver.cpp, line 784]
Event: 8.796 Thread 0x000001d34a88c840 Exception <a 'java/lang/NoSuchMethodError'{0x00000000897b12c8}: 'java.lang.Object java.lang.invoke.DirectMethodHandle$Holder.newInvokeSpecial(java.lang.Object, java.lang.Object, int, java.lang.Object, java.lang.Object)'> (0x00000000897b12c8) 
thrown [s\src\hotspot\share\interpreter\linkResolver.cpp, line 784]
Event: 8.833 Thread 0x000001d34a8909e0 Exception <a 'java/lang/NoSuchMethodError'{0x0000000088c51230}: 'java.lang.Object java.lang.invoke.DirectMethodHandle$Holder.invokeVirtual(java.lang.Object, java.lang.Object, java.lang.Object, java.lang.Object, java.lang.Object, java.lang.Object, java.lang.Object, java.lang.Object, java.lang.Object, java.lang.Object, java.lang.Object, java.lang.Object, java.lang.Object, java.lang.Object, java.lang.Object, java.lang.Object, java.lang.Object, java.lang.Object, java.lang.Object)'> (0x0000000088c51230) 
thrown
Event: 8.838 Thread 0x000001d3507681a0 Exception <a 'java/lang/NoSuchMethodError'{0x0000000088b4a470}: static Lorg/gradle/internal/build/event/types/DefaultTaskStartedProgressEvent;.<clinit>()V> (0x0000000088b4a470) 
thrown [s\src\hotspot\share\prims\jni.cpp, line 1135]
Event: 8.839 Thread 0x000001d3507681a0 Exception <a 'java/lang/NoSuchMethodError'{0x0000000088b55728}: static Lorg/gradle/internal/build/event/types/DefaultTaskDescriptor;.<clinit>()V> (0x0000000088b55728) 
thrown [s\src\hotspot\share\prims\jni.cpp, line 1135]

ZGC Phase Switch (0 events):
No events

VM Operations (20 events):
Event: 8.143 Executing VM operation: ICBufferFull done
Event: 8.146 Executing VM operation: HandshakeAllThreads (Deoptimize)
Event: 8.147 Executing VM operation: HandshakeAllThreads (Deoptimize) done
Event: 8.248 Executing VM operation: HandshakeAllThreads (Deoptimize)
Event: 8.249 Executing VM operation: HandshakeAllThreads (Deoptimize) done
Event: 8.366 Executing VM operation: HandshakeAllThreads (Deoptimize)
Event: 8.366 Executing VM operation: HandshakeAllThreads (Deoptimize) done
Event: 8.494 Executing VM operation: HandshakeAllThreads (Deoptimize)
Event: 8.494 Executing VM operation: HandshakeAllThreads (Deoptimize) done
Event: 8.581 Executing VM operation: ICBufferFull
Event: 8.581 Executing VM operation: ICBufferFull done
Event: 8.586 Executing VM operation: HandshakeAllThreads (Deoptimize)
Event: 8.586 Executing VM operation: HandshakeAllThreads (Deoptimize) done
Event: 8.757 Executing VM operation: ICBufferFull
Event: 8.757 Executing VM operation: ICBufferFull done
Event: 8.814 Executing VM operation: HandshakeAllThreads (Deoptimize)
Event: 8.814 Executing VM operation: HandshakeAllThreads (Deoptimize) done
Event: 8.845 Executing VM operation: HandshakeAllThreads (Deoptimize)
Event: 8.845 Executing VM operation: HandshakeAllThreads (Deoptimize) done
Event: 9.845 Executing VM operation: Cleanup

Memory protections (0 events):
No events

Nmethod flushes (20 events):
Event: 7.039 Thread 0x000001d34a3ca500 flushing  nmethod 0x000001d333d65510
Event: 7.039 Thread 0x000001d34a3ca500 flushing  nmethod 0x000001d333de7490
Event: 7.039 Thread 0x000001d34a3ca500 flushing  nmethod 0x000001d3338f1490
Event: 7.039 Thread 0x000001d34a3ca500 flushing  nmethod 0x000001d3338f2310
Event: 7.039 Thread 0x000001d34a3ca500 flushing  nmethod 0x000001d3338f6710
Event: 7.039 Thread 0x000001d34a3ca500 flushing  nmethod 0x000001d3338faa10
Event: 7.039 Thread 0x000001d34a3ca500 flushing  nmethod 0x000001d333a0ae10
Event: 7.039 Thread 0x000001d34a3ca500 flushing  nmethod 0x000001d333cef290
Event: 7.039 Thread 0x000001d34a3ca500 flushing  nmethod 0x000001d333ecc410
Event: 7.039 Thread 0x000001d34a3ca500 flushing  nmethod 0x000001d333ed0510
Event: 7.039 Thread 0x000001d34a3ca500 flushing  nmethod 0x000001d333f7c790
Event: 7.039 Thread 0x000001d34a3ca500 flushing  nmethod 0x000001d333f81510
Event: 7.039 Thread 0x000001d34a3ca500 flushing  nmethod 0x000001d333f81890
Event: 7.039 Thread 0x000001d34a3ca500 flushing  nmethod 0x000001d333fecd90
Event: 7.039 Thread 0x000001d34a3ca500 flushing  nmethod 0x000001d333feeb90
Event: 7.039 Thread 0x000001d34a3ca500 flushing  nmethod 0x000001d333ff3390
Event: 7.039 Thread 0x000001d34a3ca500 flushing  nmethod 0x000001d333ff3c10
Event: 7.039 Thread 0x000001d34a3ca500 flushing  nmethod 0x000001d333ff4310
Event: 7.039 Thread 0x000001d34a3ca500 flushing  nmethod 0x000001d333ff4b10
Event: 7.039 Thread 0x000001d34a3ca500 flushing  nmethod 0x000001d333ff6a90

Events (20 events):
Event: 8.799 Thread 0x000001d34a88c840 Thread added: 0x000001d356196460
Event: 8.799 Thread 0x000001d34a88c840 Thread added: 0x000001d356195740
Event: 8.799 Thread 0x000001d34a88c840 Thread added: 0x000001d356197180
Event: 8.799 Thread 0x000001d34a88c840 Thread added: 0x000001d356193d00
Event: 8.799 Thread 0x000001d34a88c840 Thread added: 0x000001d356197810
Event: 8.800 Thread 0x000001d34a88c840 Thread added: 0x000001d356197ea0
Event: 8.800 Thread 0x000001d34a88c840 Thread added: 0x000001d356194a20
Event: 8.800 Thread 0x000001d34a88c840 Thread added: 0x000001d356199f70
Event: 8.800 Thread 0x000001d34a88c840 Thread added: 0x000001d356198530
Event: 8.800 Thread 0x000001d34a88c840 Thread added: 0x000001d356198bc0
Event: 8.800 Thread 0x000001d34a88c840 Thread added: 0x000001d3561998e0
Event: 8.800 Thread 0x000001d34a88c840 Thread added: 0x000001d356199250
Event: 8.800 Thread 0x000001d34a88c840 Thread added: 0x000001d35619a600
Event: 8.800 Thread 0x000001d34a88c840 Thread added: 0x000001d35619ac90
Event: 8.800 Thread 0x000001d34a88c840 Thread added: 0x000001d3527bd9b0
Event: 8.800 Thread 0x000001d34a88c840 Thread added: 0x000001d3527be040
Event: 8.822 Thread 0x000001d34a8909e0 Thread added: 0x000001d3527bed60
Event: 9.340 Thread 0x000001d34f4eb090 Thread exited: 0x000001d34f4eb090
Event: 9.340 Thread 0x000001d34f389420 Thread exited: 0x000001d34f389420
Event: 9.340 Thread 0x000001d353d83390 Thread exited: 0x000001d353d83390


Dynamic libraries:
0x00007ff7bc100000 - 0x00007ff7bc10a000 	D:\Program Files\Android\Android Studio\jbr\bin\java.exe
0x00007ffcd4d60000 - 0x00007ffcd4fc8000 	C:\WINDOWS\SYSTEM32\ntdll.dll
0x00007ffcd48a0000 - 0x00007ffcd4969000 	C:\WINDOWS\System32\KERNEL32.DLL
0x00007ffcd2090000 - 0x00007ffcd247d000 	C:\WINDOWS\System32\KERNELBASE.dll
0x00007ffcd28d0000 - 0x00007ffcd2a1b000 	C:\WINDOWS\System32\ucrtbase.dll
0x00007ffcc8700000 - 0x00007ffcc871b000 	D:\Program Files\Android\Android Studio\jbr\bin\VCRUNTIME140.dll
0x00007ffc99b50000 - 0x00007ffc99b68000 	D:\Program Files\Android\Android Studio\jbr\bin\jli.dll
0x00007ffcd3470000 - 0x00007ffcd363c000 	C:\WINDOWS\System32\USER32.dll
0x00007ffcd1e80000 - 0x00007ffcd1ea7000 	C:\WINDOWS\System32\win32u.dll
0x00007ffcb79d0000 - 0x00007ffcb7c6a000 	C:\WINDOWS\WinSxS\amd64_microsoft.windows.common-controls_6595b64144ccf1df_6.0.26100.4484_none_3e0e6d4ce32ef3b3\COMCTL32.dll
0x00007ffcd3640000 - 0x00007ffcd36e9000 	C:\WINDOWS\System32\msvcrt.dll
0x00007ffcd3950000 - 0x00007ffcd397b000 	C:\WINDOWS\System32\GDI32.dll
0x00007ffcd1f50000 - 0x00007ffcd2087000 	C:\WINDOWS\System32\gdi32full.dll
0x00007ffcd2a20000 - 0x00007ffcd2ac3000 	C:\WINDOWS\System32\msvcp_win.dll
0x00007ffcd4350000 - 0x00007ffcd437f000 	C:\WINDOWS\System32\IMM32.DLL
0x00007ffcc8780000 - 0x00007ffcc878c000 	D:\Program Files\Android\Android Studio\jbr\bin\vcruntime140_1.dll
0x00007ffc4b440000 - 0x00007ffc4b4cd000 	D:\Program Files\Android\Android Studio\jbr\bin\msvcp140.dll
0x00007ffb99780000 - 0x00007ffb9a40a000 	D:\Program Files\Android\Android Studio\jbr\bin\server\jvm.dll
0x00007ffcd2ad0000 - 0x00007ffcd2b84000 	C:\WINDOWS\System32\ADVAPI32.dll
0x00007ffcd4a30000 - 0x00007ffcd4ad6000 	C:\WINDOWS\System32\sechost.dll
0x00007ffcd3350000 - 0x00007ffcd3468000 	C:\WINDOWS\System32\RPCRT4.dll
0x00007ffcd4970000 - 0x00007ffcd49e4000 	C:\WINDOWS\System32\WS2_32.dll
0x00007ffcd0aa0000 - 0x00007ffcd0afe000 	C:\WINDOWS\SYSTEM32\POWRPROF.dll
0x00007ffcc99c0000 - 0x00007ffcc99cb000 	C:\WINDOWS\SYSTEM32\VERSION.dll
0x00007ffcc6c20000 - 0x00007ffcc6c55000 	C:\WINDOWS\SYSTEM32\WINMM.dll
0x00007ffcd0a80000 - 0x00007ffcd0a94000 	C:\WINDOWS\SYSTEM32\UMPDC.dll
0x00007ffcd0ca0000 - 0x00007ffcd0cbb000 	C:\WINDOWS\SYSTEM32\kernel.appcore.dll
0x00007ffcc86d0000 - 0x00007ffcc86da000 	D:\Program Files\Android\Android Studio\jbr\bin\jimage.dll
0x00007ffcced00000 - 0x00007ffccef41000 	C:\WINDOWS\SYSTEM32\DBGHELP.DLL
0x00007ffcd4390000 - 0x00007ffcd4716000 	C:\WINDOWS\System32\combase.dll
0x00007ffcd4720000 - 0x00007ffcd4800000 	C:\WINDOWS\System32\OLEAUT32.dll
0x00007ffcb04e0000 - 0x00007ffcb0523000 	C:\WINDOWS\SYSTEM32\dbgcore.DLL
0x00007ffcd1eb0000 - 0x00007ffcd1f49000 	C:\WINDOWS\System32\bcryptPrimitives.dll
0x00007ffca74e0000 - 0x00007ffca74ee000 	D:\Program Files\Android\Android Studio\jbr\bin\instrument.dll
0x00007ffcc86b0000 - 0x00007ffcc86d0000 	D:\Program Files\Android\Android Studio\jbr\bin\java.dll
0x00007ffcc8690000 - 0x00007ffcc86a8000 	D:\Program Files\Android\Android Studio\jbr\bin\zip.dll
0x00007ffcd2c00000 - 0x00007ffcd334a000 	C:\WINDOWS\System32\SHELL32.dll
0x00007ffcd2540000 - 0x00007ffcd26b4000 	C:\WINDOWS\System32\wintypes.dll
0x00007ffccfb00000 - 0x00007ffcd035b000 	C:\WINDOWS\SYSTEM32\windows.storage.dll
0x00007ffcd37a0000 - 0x00007ffcd3895000 	C:\WINDOWS\System32\SHCORE.dll
0x00007ffcd2b90000 - 0x00007ffcd2bfa000 	C:\WINDOWS\System32\shlwapi.dll
0x00007ffcd1d90000 - 0x00007ffcd1dbf000 	C:\WINDOWS\SYSTEM32\profapi.dll
0x00007ffcc6aa0000 - 0x00007ffcc6ab0000 	D:\Program Files\Android\Android Studio\jbr\bin\net.dll
0x00007ffccad00000 - 0x00007ffccae1e000 	C:\WINDOWS\SYSTEM32\WINHTTP.dll
0x00007ffcd12d0000 - 0x00007ffcd133a000 	C:\WINDOWS\system32\mswsock.dll
0x00007ffcc6a80000 - 0x00007ffcc6a96000 	D:\Program Files\Android\Android Studio\jbr\bin\nio.dll
0x00007ffcc6920000 - 0x00007ffcc6930000 	D:\Program Files\Android\Android Studio\jbr\bin\verify.dll
0x00007ffcccb10000 - 0x00007ffcccb37000 	C:\Users\1\.gradle\native\c067742578af261105cb4f569cf0c3c89f3d7b1fecec35dd04571415982c5e48\windows-amd64\native-platform.dll
0x00007ffc36e30000 - 0x00007ffc36f74000 	C:\Users\1\.gradle\native\100fb08df4bc3b14c8652ba06237920a3bd2aa13389f12d3474272988ae205f9\windows-amd64\native-platform-file-events.dll
0x00007ffcc6a60000 - 0x00007ffcc6a69000 	D:\Program Files\Android\Android Studio\jbr\bin\management.dll
0x00007ffcc69f0000 - 0x00007ffcc69fb000 	D:\Program Files\Android\Android Studio\jbr\bin\management_ext.dll
0x00007ffcd3980000 - 0x00007ffcd3988000 	C:\WINDOWS\System32\PSAPI.DLL
0x00007ffcd1590000 - 0x00007ffcd15ab000 	C:\WINDOWS\SYSTEM32\CRYPTSP.dll
0x00007ffcd0cc0000 - 0x00007ffcd0cfb000 	C:\WINDOWS\system32\rsaenh.dll
0x00007ffcd1370000 - 0x00007ffcd139b000 	C:\WINDOWS\SYSTEM32\USERENV.dll
0x00007ffcd1d60000 - 0x00007ffcd1d86000 	C:\WINDOWS\SYSTEM32\bcrypt.dll
0x00007ffcd1580000 - 0x00007ffcd158c000 	C:\WINDOWS\SYSTEM32\CRYPTBASE.dll
0x00007ffcd0820000 - 0x00007ffcd0853000 	C:\WINDOWS\SYSTEM32\IPHLPAPI.DLL
0x00007ffcd49f0000 - 0x00007ffcd49fa000 	C:\WINDOWS\System32\NSI.dll
0x00007ffcc6a70000 - 0x00007ffcc6a79000 	D:\Program Files\Android\Android Studio\jbr\bin\extnet.dll
0x00007ffcb1940000 - 0x00007ffcb1948000 	C:\WINDOWS\system32\wshunix.dll

dbghelp: loaded successfully - version: 4.0.5 - missing functions: none
symbol engine: initialized successfully - sym options: 0x614 - pdb path: .;D:\Program Files\Android\Android Studio\jbr\bin;C:\WINDOWS\SYSTEM32;C:\WINDOWS\WinSxS\amd64_microsoft.windows.common-controls_6595b64144ccf1df_6.0.26100.4484_none_3e0e6d4ce32ef3b3;D:\Program Files\Android\Android Studio\jbr\bin\server;C:\Users\1\.gradle\native\c067742578af261105cb4f569cf0c3c89f3d7b1fecec35dd04571415982c5e48\windows-amd64;C:\Users\1\.gradle\native\100fb08df4bc3b14c8652ba06237920a3bd2aa13389f12d3474272988ae205f9\windows-amd64

VM Arguments:
jvm_args: --add-opens=java.base/java.util=ALL-UNNAMED --add-opens=java.base/java.lang=ALL-UNNAMED --add-opens=java.base/java.lang.invoke=ALL-UNNAMED --add-opens=java.prefs/java.util.prefs=ALL-UNNAMED --add-exports=jdk.compiler/com.sun.tools.javac.api=ALL-UNNAMED --add-exports=jdk.compiler/com.sun.tools.javac.util=ALL-UNNAMED --add-opens=java.base/java.nio.charset=ALL-UNNAMED --add-opens=java.base/java.net=ALL-UNNAMED --add-opens=java.base/java.util.concurrent.atomic=ALL-UNNAMED -Xmx2048m -Dfile.encoding=UTF-8 -Duser.country=CN -Duser.language=zh -Duser.variant -javaagent:C:\Users\1\.gradle\wrapper\dists\gradle-8.10-bin\deqhafrv1ntovfmgh0nh3npr9\gradle-8.10\lib\agents\gradle-instrumentation-agent-8.10.jar 
java_command: org.gradle.launcher.daemon.bootstrap.GradleDaemon 8.10
java_class_path (initial): C:\Users\1\.gradle\wrapper\dists\gradle-8.10-bin\deqhafrv1ntovfmgh0nh3npr9\gradle-8.10\lib\gradle-daemon-main-8.10.jar
Launcher Type: SUN_STANDARD

[Global flags]
     intx CICompilerCount                          = 15                                        {product} {ergonomic}
     uint ConcGCThreads                            = 6                                         {product} {ergonomic}
     uint G1ConcRefinementThreads                  = 23                                        {product} {ergonomic}
   size_t G1HeapRegionSize                         = 1048576                                   {product} {ergonomic}
    uintx GCDrainStackTargetSize                   = 64                                        {product} {ergonomic}
   size_t InitialHeapSize                          = 532676608                                 {product} {ergonomic}
   size_t MarkStackSize                            = 4194304                                   {product} {ergonomic}
   size_t MaxHeapSize                              = 2147483648                                {product} {command line}
   size_t MaxNewSize                               = 1287651328                                {product} {ergonomic}
   size_t MinHeapDeltaBytes                        = 1048576                                   {product} {ergonomic}
   size_t MinHeapSize                              = 8388608                                   {product} {ergonomic}
    uintx NonNMethodCodeHeapSize                   = 8192380                                {pd product} {ergonomic}
    uintx NonProfiledCodeHeapSize                  = 121732930                              {pd product} {ergonomic}
    uintx ProfiledCodeHeapSize                     = 121732930                              {pd product} {ergonomic}
    uintx ReservedCodeCacheSize                    = 251658240                              {pd product} {ergonomic}
     bool SegmentedCodeCache                       = true                                      {product} {ergonomic}
   size_t SoftMaxHeapSize                          = 2147483648                             {manageable} {ergonomic}
     bool UseCompressedOops                        = true                           {product lp64_product} {ergonomic}
     bool UseG1GC                                  = true                                      {product} {ergonomic}
     bool UseLargePagesIndividualAllocation        = false                                  {pd product} {ergonomic}

Logging:
Log output configuration:
 #0: stdout all=warning uptime,level,tags foldmultilines=false
 #1: stderr all=off uptime,level,tags foldmultilines=false

Environment Variables:
PATH=C:\WINDOWS\system32;C:\WINDOWS;C:\WINDOWS\System32\Wbem;C:\WINDOWS\System32\WindowsPowerShell\v1.0\;C:\WINDOWS\System32\OpenSSH\;C:\Program Files (x86)\NVIDIA Corporation\PhysX\Common;C:\Program Files\NVIDIA Corporation\NVIDIA NvDLISR;C:\Program Files\dotnet\;C:\Program Files (x86)\Incredibuild;D:\Windows Kits\10\Windows Performance Toolkit\;C:\Program Files\Netease\MuMu Player 12\shell;D:\Program Files\JetBrains\IntelliJ IDEA 2024.3.5\jbr\bin;C:\Users\1\PyCharmMiscProject\.venv\Scripts;D:\Program Files\MATLAB\R2024b\runtime\win64;D:\Program Files\MATLAB\R2024b\bin;C:\Users\1\AppData\Local\Programs\Python\Launcher\;C:\Users\1\AppData\Local\Microsoft\WindowsApps;D:\Program Files\JetBrains\IntelliJ IDEA 2024.3.5\bin;;D:\Program Files\JetBrains\WebStorm 2024.3.5\bin;;C:\Program Files\JetBrains\PyCharm 2024.3.5\bin;;C:\Users\1\.dotnet\tools
USERNAME=1
OS=Windows_NT
PROCESSOR_IDENTIFIER=Intel64 Family 6 Model 183 Stepping 1, GenuineIntel
TMP=C:\Users\1\AppData\Local\Temp
TEMP=C:\Users\1\AppData\Local\Temp




Periodic native trim disabled

JNI global refs:
JNI global refs: 40, weak refs: 0

JNI global refs memory usage: 835, weak refs: 833

Process memory usage:
Resident Set Size: 604512K (1% of 33163800K total physical memory with 1126596K free physical memory)

OOME stack traces (most recent first):
Classloader memory used:
Loader org.gradle.internal.classloader.VisitableURLClassLoader                         : 35081K
Loader bootstrap                                                                       : 26921K
Loader org.gradle.internal.classloader.VisitableURLClassLoader$InstrumentingVisitableURLClassLoader: 22330K
Loader org.gradle.initialization.MixInLegacyTypesClassLoader                           : 10602K
Loader jdk.internal.loader.ClassLoaders$PlatformClassLoader                            : 558K
Loader org.gradle.groovy.scripts.internal.DefaultScriptCompilationHandler$ScriptClassLoader: 252K
Loader jdk.internal.loader.ClassLoaders$AppClassLoader                                 : 235K
Loader jdk.internal.reflect.DelegatingClassLoader                                      : 120K
Loader org.codehaus.groovy.runtime.callsite.CallSiteClassLoader                        : 13296B

Classes loaded by more than one classloader:
Class com.google.common.base.PairwiseEquivalence                                      : loaded 2 times (x 79B)
Class com.google.common.base.Equivalence$Identity                                     : loaded 2 times (x 78B)
Class com.google.common.collect.RegularImmutableMap$KeySet                            : loaded 2 times (x 146B)
Class org.gradle.internal.classloader.FilteringClassLoader                            : loaded 2 times (x 101B)
Class [Lcom.google.common.base.AbstractIterator$State;                                : loaded 2 times (x 65B)
Class com.google.common.base.CharMatcher$IsEither                                     : loaded 2 times (x 107B)
Class org.gradle.internal.classloader.ClassLoaderHierarchy                            : loaded 2 times (x 66B)
Class com.google.common.collect.ImmutableEnumSet                                      : loaded 2 times (x 142B)
Class com.google.common.util.concurrent.ExecutionError                                : loaded 2 times (x 78B)
Class com.google.common.collect.ImmutableList$1                                       : loaded 2 times (x 93B)
Class org.gradle.api.internal.classpath.ManifestUtil                                  : loaded 2 times (x 67B)
Class com.google.common.collect.RegularImmutableMap                                   : loaded 2 times (x 117B)
Class com.google.common.collect.ImmutableMap$MapViewOfValuesAsSingletonSets           : loaded 2 times (x 121B)
Class [Lorg.objectweb.asm.Symbol;                                                     : loaded 2 times (x 65B)
Class org.objectweb.asm.ClassVisitor                                                  : loaded 2 times (x 83B)
Class com.google.common.collect.UnmodifiableListIterator                              : loaded 2 times (x 91B)
Class org.objectweb.asm.MethodTooLargeException                                       : loaded 2 times (x 79B)
Class com.google.common.base.Platform$JdkPatternCompiler                              : loaded 2 times (x 71B)
Class [Lcom.google.common.cache.CacheBuilder$OneWeigher;                              : loaded 2 times (x 65B)
Class com.google.common.base.Suppliers                                                : loaded 2 times (x 67B)
Class org.gradle.internal.classloader.DefaultClassLoaderFactory                       : loaded 2 times (x 78B)
Class com.google.common.base.CharMatcher$None                                         : loaded 2 times (x 108B)
Class org.gradle.internal.classloader.ClassLoaderVisitor                              : loaded 2 times (x 72B)
Class [Lcom.google.common.collect.ImmutableMapEntry;                                  : loaded 2 times (x 65B)
Class org.gradle.api.internal.classpath.EffectiveClassPath                            : loaded 2 times (x 86B)
Class com.google.common.collect.ImmutableEnumMap                                      : loaded 2 times (x 121B)
Class com.google.common.collect.ListMultimap                                          : loaded 2 times (x 66B)
Class com.google.common.collect.Sets$1                                                : loaded 2 times (x 135B)
Class org.objectweb.asm.AnnotationVisitor                                             : loaded 2 times (x 73B)
Class com.google.common.base.Splitter                                                 : loaded 2 times (x 68B)
Class org.gradle.api.internal.DefaultClassPathProvider                                : loaded 2 times (x 72B)
Class com.google.common.collect.Sets$2                                                : loaded 2 times (x 135B)
Class [Lorg.gradle.api.internal.ClassPathProvider;                                    : loaded 2 times (x 65B)
Class org.gradle.api.internal.ClassPathProvider                                       : loaded 2 times (x 66B)
Class [Lorg.objectweb.asm.AnnotationVisitor;                                          : loaded 2 times (x 65B)
Class com.google.common.collect.Sets$3                                                : loaded 2 times (x 135B)
Class com.google.common.util.concurrent.AbstractFuture$SafeAtomicHelper               : loaded 2 times (x 75B)
Class com.google.common.cache.LocalCache$LocalLoadingCache                            : loaded 2 times (x 130B)
Class com.google.common.base.AbstractIterator$State                                   : loaded 2 times (x 75B)
Class org.gradle.internal.service.UnknownServiceException                             : loaded 2 times (x 79B)
Class com.google.common.collect.Sets$4                                                : loaded 2 times (x 135B)
Class org.objectweb.asm.ModuleVisitor                                                 : loaded 2 times (x 76B)
Class com.google.common.cache.LocalCache$Strength$1                                   : loaded 2 times (x 77B)
Class com.google.common.util.concurrent.SettableFuture                                : loaded 2 times (x 110B)
Class com.google.common.cache.LocalCache$Strength$2                                   : loaded 2 times (x 77B)
Class com.google.common.cache.LocalCache$Strength$3                                   : loaded 2 times (x 77B)
Class com.google.common.collect.MapDifference                                         : loaded 2 times (x 66B)
Class com.google.common.base.Splitter$1                                               : loaded 2 times (x 73B)
Class org.objectweb.asm.FieldWriter                                                   : loaded 2 times (x 73B)
Class com.google.common.cache.CacheBuilder$NullListener                               : loaded 2 times (x 78B)
Class org.gradle.internal.classpath.TransformedClassPath                              : loaded 2 times (x 92B)
Class org.gradle.internal.classloader.InstrumentingClassLoader                        : loaded 2 times (x 66B)
Class com.google.common.cache.CacheLoader$FunctionToCacheLoader                       : loaded 2 times (x 71B)
Class com.google.common.collect.Iterators$ArrayItr                                    : loaded 2 times (x 93B)
Class com.google.common.collect.ImmutableCollection$Builder                           : loaded 2 times (x 72B)
Class com.google.common.base.Joiner                                                   : loaded 2 times (x 75B)
Class com.google.common.base.MoreObjects                                              : loaded 2 times (x 67B)
Class [Lorg.objectweb.asm.Type;                                                       : loaded 2 times (x 65B)
Class com.google.common.collect.Platform                                              : loaded 2 times (x 67B)
Class com.google.common.collect.UnmodifiableIterator                                  : loaded 2 times (x 76B)
Class org.gradle.internal.service.ServiceLocator                                      : loaded 2 times (x 66B)
Class com.google.common.base.Ascii                                                    : loaded 2 times (x 67B)
Class com.google.common.cache.LocalCache$1                                            : loaded 2 times (x 85B)
Class com.google.common.collect.AbstractMapEntry                                      : loaded 2 times (x 77B)
Class com.google.common.collect.Sets$ImprovedAbstractSet                              : loaded 2 times (x 131B)
Class com.google.common.collect.ImmutableList$Builder                                 : loaded 2 times (x 73B)
Class com.google.common.cache.LocalCache$2                                            : loaded 2 times (x 138B)
Class com.google.common.collect.AbstractMultimap                                      : loaded 2 times (x 119B)
Class com.google.common.util.concurrent.AbstractFuture$UnsafeAtomicHelper$1           : loaded 2 times (x 72B)
Class com.google.common.collect.RegularImmutableAsList                                : loaded 2 times (x 212B)
Class com.google.common.util.concurrent.AbstractFuture$Trusted                        : loaded 2 times (x 66B)
Class com.google.common.collect.Iterators                                             : loaded 2 times (x 67B)
Class com.google.common.base.CharMatcher$RangesMatcher                                : loaded 2 times (x 108B)
Class build_58djzjmaqq4sjyfz12072dr7f                                                 : loaded 2 times (x 176B)
Class com.google.common.util.concurrent.UncheckedExecutionException                   : loaded 2 times (x 78B)
Class com.google.common.collect.Lists$StringAsImmutableList                           : loaded 2 times (x 203B)
Class com.google.common.base.CharMatcher$JavaLetterOrDigit                            : loaded 2 times (x 107B)
Class org.gradle.internal.InternalTransformer                                         : loaded 2 times (x 66B)
Class com.google.common.collect.AbstractMapBasedMultimap$KeySet$1                     : loaded 2 times (x 78B)
Class org.objectweb.asm.ClassWriter                                                   : loaded 2 times (x 100B)
Class com.google.common.cache.CacheLoader$UnsupportedLoadingOperationException        : loaded 2 times (x 78B)
Class com.google.common.base.CharMatcher$And                                          : loaded 2 times (x 108B)
Class org.gradle.internal.classloader.ClasspathUtil$1                                 : loaded 2 times (x 72B)
Class com.google.common.base.Objects                                                  : loaded 2 times (x 67B)
Class org.objectweb.asm.FieldVisitor                                                  : loaded 2 times (x 72B)
Class com.google.common.collect.IndexedImmutableSet                                   : loaded 2 times (x 146B)
Class com.google.common.collect.ImmutableMap$1                                        : loaded 2 times (x 77B)
Class com.google.common.collect.BiMap                                                 : loaded 2 times (x 66B)
Class org.gradle.api.internal.classpath.DefaultModuleRegistry$DefaultModule           : loaded 2 times (x 82B)
Class com.google.common.primitives.Ints                                               : loaded 2 times (x 67B)
Class com.google.common.collect.AbstractIterator                                      : loaded 2 times (x 78B)
Class com.google.common.math.MathPreconditions                                        : loaded 2 times (x 67B)
Class com.google.common.collect.Multiset                                              : loaded 2 times (x 66B)
Class com.google.common.collect.ArrayListMultimapGwtSerializationDependencies         : loaded 2 times (x 168B)
Class com.google.common.collect.ObjectArrays                                          : loaded 2 times (x 67B)
Class com.google.common.collect.AbstractIndexedListIterator                           : loaded 2 times (x 92B)
Class com.google.common.collect.ImmutableMapEntrySet                                  : loaded 2 times (x 147B)
Class org.gradle.api.internal.classpath.Module                                        : loaded 2 times (x 66B)
Class com.google.common.cache.Weigher                                                 : loaded 2 times (x 66B)
Class settings_98rtivzum4d25josyyxxs2odq                                              : loaded 2 times (x 175B)
Class org.gradle.api.internal.classpath.UnknownModuleException                        : loaded 2 times (x 78B)
Class com.google.common.base.Stopwatch                                                : loaded 2 times (x 68B)
Class com.google.common.cache.LocalCache$Strength                                     : loaded 2 times (x 77B)
Class com.google.common.cache.Cache                                                   : loaded 2 times (x 66B)
Class build_58djzjmaqq4sjyfz12072dr7f$_run_closure1                                   : loaded 2 times (x 135B)
Class com.google.common.util.concurrent.AbstractFuture$Cancellation                   : loaded 2 times (x 68B)
Class com.google.common.collect.ImmutableMap$Builder                                  : loaded 2 times (x 78B)
Class com.google.common.base.NullnessCasts                                            : loaded 2 times (x 67B)
Class com.google.common.cache.RemovalListener                                         : loaded 2 times (x 66B)
Class org.gradle.api.internal.DefaultClassPathRegistry                                : loaded 2 times (x 72B)
Class com.google.common.primitives.IntsMethodsForWeb                                  : loaded 2 times (x 67B)
Class com.google.common.collect.Multimap                                              : loaded 2 times (x 66B)
Class org.gradle.api.internal.ClassPathRegistry                                       : loaded 2 times (x 66B)
Class org.gradle.internal.classpath.DefaultClassPath$ImmutableUniqueList              : loaded 2 times (x 195B)
Class com.google.common.base.ExtraObjectsMethodsForWeb                                : loaded 2 times (x 67B)
Class com.google.common.cache.CacheBuilder                                            : loaded 2 times (x 68B)
Class com.google.common.collect.SingletonImmutableList                                : loaded 2 times (x 203B)
Class org.gradle.internal.classpath.ClassPath                                         : loaded 2 times (x 66B)
Class org.gradle.api.UncheckedIOException                                             : loaded 2 times (x 78B)
Class com.google.common.collect.ImmutableList$ReverseImmutableList                    : loaded 2 times (x 204B)
Class com.google.common.base.JdkPattern                                               : loaded 2 times (x 71B)
Class org.objectweb.asm.SymbolTable$Entry                                             : loaded 2 times (x 70B)
Class com.google.common.util.concurrent.AbstractFuture$AtomicHelper                   : loaded 2 times (x 74B)
Class org.objectweb.asm.Edge                                                          : loaded 2 times (x 68B)
Class com.google.common.base.Suppliers$SupplierOfInstance                             : loaded 2 times (x 75B)
Class com.google.common.collect.Iterators$1                                           : loaded 2 times (x 77B)
Class settings_98rtivzum4d25josyyxxs2odq$_run_closure1                                : loaded 2 times (x 135B)
Class com.google.common.cache.LocalCache$ComputingValueReference                      : loaded 2 times (x 92B)
Class com.google.common.collect.SingletonImmutableSet                                 : loaded 2 times (x 142B)
Class com.google.common.collect.ImmutableMap$IteratorBasedImmutableMap                : loaded 2 times (x 121B)
Class com.google.common.cache.LocalCache$Segment                                      : loaded 2 times (x 150B)
Class [Lorg.objectweb.asm.SymbolTable$Entry;                                          : loaded 2 times (x 65B)
Class com.google.common.cache.CacheLoader                                             : loaded 2 times (x 70B)
Class com.google.common.collect.Iterators$4                                           : loaded 2 times (x 78B)
Class com.google.common.collect.ImmutableBiMap                                        : loaded 2 times (x 139B)
Class com.google.common.collect.AbstractListMultimap                                  : loaded 2 times (x 168B)
Class org.gradle.internal.installation.GradleInstallation$1                           : loaded 2 times (x 71B)
Class org.gradle.api.internal.classpath.ModuleRegistry                                : loaded 2 times (x 66B)
Class com.google.common.util.concurrent.internal.InternalFutureFailureAccess          : loaded 2 times (x 68B)
Class com.google.common.collect.Iterators$5                                           : loaded 2 times (x 78B)
Class com.google.common.collect.ImmutableSet$JdkBackedSetBuilderImpl                  : loaded 2 times (x 72B)
Class com.google.common.base.Splitter$SplittingIterator                               : loaded 2 times (x 80B)
Class com.google.common.util.concurrent.AbstractFuture$UnsafeAtomicHelper             : loaded 2 times (x 74B)
Class com.google.common.cache.LocalCache$LocalManualCache$1                           : loaded 2 times (x 71B)
Class com.google.common.base.CharMatcher$ForPredicate                                 : loaded 2 times (x 108B)
Class com.google.common.collect.ImmutableCollection                                   : loaded 2 times (x 121B)
Class com.google.common.base.CharMatcher$AnyOf                                        : loaded 2 times (x 108B)
Class org.gradle.api.internal.classpath.DefaultModuleRegistry                         : loaded 2 times (x 82B)
Class com.google.common.util.concurrent.ListenableFuture                              : loaded 2 times (x 66B)
Class com.google.common.cache.ReferenceEntry                                          : loaded 2 times (x 66B)
Class com.google.common.collect.ImmutableSet$CachingAsList                            : loaded 2 times (x 143B)
Class com.google.common.base.Converter                                                : loaded 2 times (x 86B)
Class com.google.common.collect.Lists                                                 : loaded 2 times (x 67B)
Class com.google.common.base.CharMatcher$Any                                          : loaded 2 times (x 108B)
Class com.google.common.util.concurrent.AbstractFuture                                : loaded 2 times (x 102B)
Class com.google.common.base.FunctionalEquivalence                                    : loaded 2 times (x 79B)
Class com.google.common.collect.Iterators$9                                           : loaded 2 times (x 77B)
Class com.google.common.collect.AbstractMapBasedMultimap                              : loaded 2 times (x 135B)
Class com.google.common.collect.ImmutableAsList                                       : loaded 2 times (x 205B)
Class org.objectweb.asm.RecordComponentVisitor                                        : loaded 2 times (x 73B)
Class com.google.common.cache.CacheLoader$SupplierToCacheLoader                       : loaded 2 times (x 71B)
Class com.google.common.collect.Maps$EntryTransformer                                 : loaded 2 times (x 66B)
Class org.gradle.internal.service.ServiceLookupException                              : loaded 2 times (x 78B)
Class [Lcom.google.common.cache.LocalCache$EntryFactory;                              : loaded 2 times (x 65B)
Class com.google.common.base.CharMatcher$JavaLetter                                   : loaded 2 times (x 107B)
Class org.gradle.internal.classloader.ClassLoaderFactory                              : loaded 2 times (x 66B)
Class com.google.common.cache.LocalCache$LocalManualCache                             : loaded 2 times (x 95B)
Class com.google.common.base.CharMatcher$IsNot                                        : loaded 2 times (x 107B)
Class com.google.common.base.CommonPattern                                            : loaded 2 times (x 70B)
Class org.gradle.internal.service.CachingServiceLocator                               : loaded 2 times (x 78B)
Class com.google.common.collect.AbstractMapBasedMultimap$KeySet                       : loaded 2 times (x 133B)
Class com.google.common.math.IntMath                                                  : loaded 2 times (x 67B)
Class com.google.common.collect.Iterators$10                                          : loaded 2 times (x 77B)
Class com.google.common.collect.ImmutableMapEntry                                     : loaded 2 times (x 81B)
Class com.google.common.base.CharMatcher$JavaDigit                                    : loaded 2 times (x 107B)
Class com.google.common.base.Equivalence                                              : loaded 2 times (x 78B)
Class com.google.common.collect.ImmutableMapEntry$NonTerminalImmutableMapEntry        : loaded 2 times (x 81B)
Class com.google.common.base.Function                                                 : loaded 2 times (x 66B)
Class com.google.common.cache.CacheBuilder$OneWeigher                                 : loaded 2 times (x 78B)
Class com.google.common.collect.RegularImmutableList                                  : loaded 2 times (x 208B)
Class com.google.common.collect.ImmutableBiMapFauxverideShim                          : loaded 2 times (x 116B)
Class org.gradle.internal.classloader.ClasspathUtil                                   : loaded 2 times (x 67B)
Class com.google.common.base.Charsets                                                 : loaded 2 times (x 67B)
Class com.google.common.util.concurrent.Uninterruptibles                              : loaded 2 times (x 67B)
Class com.google.common.collect.Maps                                                  : loaded 2 times (x 67B)
Class com.google.common.base.CharMatcher$JavaUpperCase                                : loaded 2 times (x 107B)
Class org.gradle.api.specs.Spec                                                       : loaded 2 times (x 66B)
Class [Lcom.google.common.collect.ImmutableEntry;                                     : loaded 2 times (x 65B)
Class com.google.common.cache.LocalCache$LoadingValueReference                        : loaded 2 times (x 92B)
Class com.google.common.base.Platform                                                 : loaded 2 times (x 67B)
Class [Lorg.objectweb.asm.AnnotationWriter;                                           : loaded 2 times (x 65B)
Class com.google.common.primitives.Ints$IntConverter                                  : loaded 2 times (x 86B)
Class com.google.common.collect.Maps$8                                                : loaded 2 times (x 78B)
Class com.google.common.collect.Sets$SetView                                          : loaded 2 times (x 134B)
Class com.google.common.cache.LocalCache$StrongValueReference                         : loaded 2 times (x 86B)
Class com.google.common.util.concurrent.AbstractFuture$SynchronizedHelper             : loaded 2 times (x 74B)
Class com.google.common.base.CharMatcher$Invisible                                    : loaded 2 times (x 108B)
Class org.objectweb.asm.Type                                                          : loaded 2 times (x 68B)
Class org.gradle.internal.classloader.VisitableURLClassLoader$InstrumentingVisitableURLClassLoader: loaded 2 times (x 119B)
Class org.objectweb.asm.ByteVector                                                    : loaded 2 times (x 74B)
Class [Lcom.google.common.cache.CacheBuilder$NullListener;                            : loaded 2 times (x 65B)
Class com.google.common.math.IntMath$1                                                : loaded 2 times (x 67B)
Class org.gradle.internal.classloader.VisitableURLClassLoader$Spec                    : loaded 2 times (x 70B)
Class org.gradle.internal.classpath.DefaultClassPath                                  : loaded 2 times (x 86B)
Class org.objectweb.asm.Symbol                                                        : loaded 2 times (x 69B)
Class com.google.common.base.AbstractIterator                                         : loaded 2 times (x 76B)
Class com.google.common.collect.RegularImmutableMap$Values                            : loaded 2 times (x 203B)
Class com.google.common.collect.ImmutableSet                                          : loaded 2 times (x 141B)
Class com.google.common.base.CharMatcher$BitSetMatcher                                : loaded 2 times (x 108B)
Class com.google.common.base.CharMatcher$Ascii                                        : loaded 2 times (x 108B)
Class org.gradle.internal.classloader.ClassLoaderSpec                                 : loaded 2 times (x 67B)
Class org.objectweb.asm.AnnotationWriter                                              : loaded 2 times (x 74B)
Class com.google.common.cache.CacheStats                                              : loaded 2 times (x 67B)
Class org.objectweb.asm.RecordComponentWriter                                         : loaded 2 times (x 74B)
Class com.google.common.util.concurrent.AbstractFuture$Listener                       : loaded 2 times (x 68B)
Class com.google.common.base.CharMatcher$Or                                           : loaded 2 times (x 108B)
Class org.objectweb.asm.Attribute                                                     : loaded 2 times (x 73B)
Class com.google.common.base.Supplier                                                 : loaded 2 times (x 66B)
Class org.gradle.internal.classloader.VisitableURLClassLoader                         : loaded 2 times (x 113B)
Class com.google.common.util.concurrent.AbstractFuture$Waiter                         : loaded 2 times (x 68B)
Class org.gradle.internal.Cast                                                        : loaded 2 times (x 67B)
Class org.gradle.api.Action                                                           : loaded 2 times (x 66B)
Class com.google.common.collect.Sets                                                  : loaded 2 times (x 67B)
Class org.objectweb.asm.Handler                                                       : loaded 2 times (x 68B)
Class com.google.common.base.Strings                                                  : loaded 2 times (x 67B)
Class com.google.common.base.Ticker                                                   : loaded 2 times (x 68B)
Class com.google.common.base.CharMatcher$FastMatcher                                  : loaded 2 times (x 107B)
Class [Lcom.google.common.cache.LocalCache$Segment;                                   : loaded 2 times (x 65B)
Class [Lcom.google.common.cache.LocalCache$Strength;                                  : loaded 2 times (x 65B)
Class com.google.common.cache.CacheBuilder$1                                          : loaded 2 times (x 81B)
Class com.google.common.collect.ImmutableMap                                          : loaded 2 times (x 116B)
Class com.google.common.base.Predicate                                                : loaded 2 times (x 66B)
Class org.gradle.internal.classpath.DefaultClassPath$ImmutableUniqueList$Builder      : loaded 2 times (x 71B)
Class com.google.common.cache.LocalCache                                              : loaded 2 times (x 183B)
Class com.google.common.cache.CacheBuilder$2                                          : loaded 2 times (x 75B)
Class com.google.common.base.CharMatcher$NegatedFastMatcher                           : loaded 2 times (x 109B)
Class com.google.common.cache.CacheBuilder$3                                          : loaded 2 times (x 68B)
Class [Lcom.google.common.collect.AbstractMapEntry;                                   : loaded 2 times (x 65B)
Class com.google.common.collect.ImmutableEntry                                        : loaded 2 times (x 78B)
Class com.google.common.collect.ArrayListMultimap                                     : loaded 2 times (x 168B)
Class com.google.common.base.AbstractIterator$1                                       : loaded 2 times (x 67B)
Class com.google.common.base.CharMatcher$Digit                                        : loaded 2 times (x 108B)
Class org.gradle.api.GradleException                                                  : loaded 2 times (x 78B)
Class com.google.common.collect.CollectPreconditions                                  : loaded 2 times (x 67B)
Class com.google.common.base.CharMatcher$JavaIsoControl                               : loaded 2 times (x 108B)
Class com.google.common.collect.SortedMapDifference                                   : loaded 2 times (x 66B)
Class com.google.common.base.CharMatcher$JavaLowerCase                                : loaded 2 times (x 107B)
Class com.google.common.cache.LocalCache$EntryFactory                                 : loaded 2 times (x 79B)
Class com.google.common.cache.LocalCache$AbstractReferenceEntry                       : loaded 2 times (x 103B)
Class com.google.common.base.Splitter$1$1                                             : loaded 2 times (x 82B)
Class com.google.common.base.CharMatcher$Whitespace                                   : loaded 2 times (x 108B)
Class org.gradle.internal.IoActions                                                   : loaded 2 times (x 67B)
Class org.objectweb.asm.SymbolTable                                                   : loaded 2 times (x 68B)
Class com.google.common.cache.CacheLoader$InvalidCacheLoadException                   : loaded 2 times (x 78B)
Class com.google.common.collect.ImmutableSet$RegularSetBuilderImpl                    : loaded 2 times (x 73B)
Class com.google.common.base.CharMatcher$SingleWidth                                  : loaded 2 times (x 108B)
Class org.gradle.internal.classloader.SystemClassLoaderSpec                           : loaded 2 times (x 67B)
Class com.google.common.cache.LocalCache$StrongEntry                                  : loaded 2 times (x 104B)
Class com.google.common.util.concurrent.AbstractFuture$TrustedFuture                  : loaded 2 times (x 110B)
Class com.google.common.cache.LoadingCache                                            : loaded 2 times (x 66B)
Class org.objectweb.asm.MethodWriter                                                  : loaded 2 times (x 101B)
Class [Lcom.google.common.cache.Weigher;                                              : loaded 2 times (x 65B)
Class com.google.common.collect.RegularImmutableMap$BucketOverflowException           : loaded 2 times (x 78B)
Class com.google.common.cache.LocalCache$ValueReference                               : loaded 2 times (x 66B)
Class com.google.common.base.CharMatcher$Negated                                      : loaded 2 times (x 109B)
Class com.google.common.base.CharMatcher$Is                                           : loaded 2 times (x 107B)
Class settings_98rtivzum4d25josyyxxs2odq$_run_closure1$_closure2$_closure3            : loaded 2 times (x 135B)
Class com.google.common.util.concurrent.AbstractFuture$Failure                        : loaded 2 times (x 68B)
Class com.google.common.base.PatternCompiler                                          : loaded 2 times (x 66B)
Class com.google.common.base.Equivalence$Equals                                       : loaded 2 times (x 78B)
Class com.google.common.collect.Hashing                                               : loaded 2 times (x 67B)
Class com.google.common.base.Preconditions                                            : loaded 2 times (x 67B)
Class com.google.common.base.Joiner$1                                                 : loaded 2 times (x 76B)
Class org.objectweb.asm.Label                                                         : loaded 2 times (x 69B)
Class org.objectweb.asm.CurrentFrame                                                  : loaded 2 times (x 69B)
Class org.objectweb.asm.ClassTooLargeException                                        : loaded 2 times (x 79B)
Class com.google.common.collect.PeekingIterator                                       : loaded 2 times (x 66B)
Class com.google.common.base.CharMatcher                                              : loaded 2 times (x 107B)
Class com.google.common.base.Joiner$2                                                 : loaded 2 times (x 75B)
Class org.objectweb.asm.Frame                                                         : loaded 2 times (x 69B)
Class org.objectweb.asm.MethodVisitor                                                 : loaded 2 times (x 100B)
Class com.google.common.cache.LocalCache$EntryFactory$1                               : loaded 2 times (x 79B)
Class [Lcom.google.common.cache.RemovalListener;                                      : loaded 2 times (x 65B)
Class com.google.common.base.CharMatcher$1                                            : loaded 2 times (x 109B)
Class com.google.common.base.CharMatcher$NamedFastMatcher                             : loaded 2 times (x 108B)
Class com.google.common.cache.LocalCache$EntryFactory$2                               : loaded 2 times (x 79B)
Class org.gradle.api.internal.classpath.GlobalCacheRootsProvider                      : loaded 2 times (x 66B)
Class org.objectweb.asm.ModuleWriter                                                  : loaded 2 times (x 77B)
Class com.google.common.cache.LocalCache$EntryFactory$3                               : loaded 2 times (x 79B)
Class com.google.common.base.Ticker$1                                                 : loaded 2 times (x 68B)
Class com.google.common.collect.ImmutableMapEntrySet$RegularEntrySet                  : loaded 2 times (x 147B)
Class com.google.common.collect.Maps$BiMapConverter                                   : loaded 2 times (x 86B)
Class settings_98rtivzum4d25josyyxxs2odq$_run_closure1$_closure2                      : loaded 2 times (x 135B)
Class com.google.common.cache.LocalCache$EntryFactory$4                               : loaded 2 times (x 79B)
Class com.google.common.collect.ImmutableSet$Builder                                  : loaded 2 times (x 81B)
Class com.google.common.base.CharMatcher$InRange                                      : loaded 2 times (x 107B)
Class com.google.common.cache.LocalCache$EntryFactory$5                               : loaded 2 times (x 79B)
Class com.google.common.cache.LocalCache$EntryFactory$6                               : loaded 2 times (x 79B)
Class org.gradle.internal.installation.CurrentGradleInstallationLocator               : loaded 2 times (x 67B)
Class com.google.common.collect.Maps$KeySet                                           : loaded 2 times (x 133B)
Class com.google.common.cache.LocalCache$EntryFactory$7                               : loaded 2 times (x 79B)
Class com.google.common.collect.ImmutableSet$EmptySetBuilderImpl                      : loaded 2 times (x 72B)
Class com.google.common.collect.ImmutableList                                         : loaded 2 times (x 202B)
Class org.gradle.internal.service.DefaultServiceLocator                               : loaded 2 times (x 79B)
Class com.google.common.cache.LocalCache$EntryFactory$8                               : loaded 2 times (x 79B)
Class com.google.common.collect.ImmutableSet$SetBuilderImpl                           : loaded 2 times (x 72B)
Class org.gradle.internal.installation.CurrentGradleInstallation                      : loaded 2 times (x 69B)
Class com.google.common.cache.CacheLoader$1                                           : loaded 2 times (x 71B)
Class com.google.common.collect.ImmutableList$SubList                                 : loaded 2 times (x 204B)
Class org.gradle.util.internal.GUtil                                                  : loaded 2 times (x 67B)
Class com.google.common.util.concurrent.AbstractFuture$SetFuture                      : loaded 2 times (x 71B)
Class com.google.common.cache.AbstractCache$StatsCounter                              : loaded 2 times (x 66B)
Class com.google.common.collect.Iterators$MergingIterator                             : loaded 2 times (x 77B)
Class com.google.common.collect.RegularImmutableSet                                   : loaded 2 times (x 144B)
Class org.gradle.internal.installation.GradleInstallation                             : loaded 2 times (x 71B)
Class com.google.common.collect.Iterables                                             : loaded 2 times (x 67B)
Class com.google.common.base.Splitter$Strategy                                        : loaded 2 times (x 66B)

---------------  S Y S T E M  ---------------

OS:
 Windows 11 , 64 bit Build 26100 (10.0.26100.4484)
OS uptime: 7 days 9:24 hours

CPU: total 32 (initial active 32) (16 cores per cpu, 2 threads per core) family 6 model 183 stepping 1 microcode 0x12b, cx8, cmov, fxsr, ht, mmx, 3dnowpref, sse, sse2, sse3, ssse3, sse4.1, sse4.2, popcnt, lzcnt, tsc, tscinvbit, avx, avx2, aes, erms, clmul, bmi1, bmi2, adx, sha, fma, vzeroupper, clflush, clflushopt, clwb, serialize, rdtscp, rdpid, fsrm, f16c, pku, cet_ibt, cet_ss
Processor Information for processor 0
  Max Mhz: 2200, Current Mhz: 2200, Mhz Limit: 2200
Processor Information for processor 1
  Max Mhz: 2200, Current Mhz: 1466, Mhz Limit: 2200
Processor Information for processor 2
  Max Mhz: 2200, Current Mhz: 2200, Mhz Limit: 2200
Processor Information for processor 3
  Max Mhz: 2200, Current Mhz: 1466, Mhz Limit: 2200
Processor Information for processor 4
  Max Mhz: 2200, Current Mhz: 2200, Mhz Limit: 2200
Processor Information for processor 5
  Max Mhz: 2200, Current Mhz: 1466, Mhz Limit: 2200
Processor Information for processor 6
  Max Mhz: 2200, Current Mhz: 2200, Mhz Limit: 2200
Processor Information for processor 7
  Max Mhz: 2200, Current Mhz: 1466, Mhz Limit: 2200
Processor Information for processor 8
  Max Mhz: 2200, Current Mhz: 2200, Mhz Limit: 2200
Processor Information for processor 9
  Max Mhz: 2200, Current Mhz: 2200, Mhz Limit: 2200
Processor Information for processor 10
  Max Mhz: 2200, Current Mhz: 2200, Mhz Limit: 2200
Processor Information for processor 11
  Max Mhz: 2200, Current Mhz: 1466, Mhz Limit: 2200
Processor Information for processor 12
  Max Mhz: 2200, Current Mhz: 2200, Mhz Limit: 2200
Processor Information for processor 13
  Max Mhz: 2200, Current Mhz: 1466, Mhz Limit: 2200
Processor Information for processor 14
  Max Mhz: 2200, Current Mhz: 2200, Mhz Limit: 2200
Processor Information for processor 15
  Max Mhz: 2200, Current Mhz: 1466, Mhz Limit: 2200
Processor Information for processor 16
  Max Mhz: 2200, Current Mhz: 1600, Mhz Limit: 1584
Processor Information for processor 17
  Max Mhz: 2200, Current Mhz: 1600, Mhz Limit: 1584
Processor Information for processor 18
  Max Mhz: 2200, Current Mhz: 1600, Mhz Limit: 1584
Processor Information for processor 19
  Max Mhz: 2200, Current Mhz: 1600, Mhz Limit: 1584
Processor Information for processor 20
  Max Mhz: 2200, Current Mhz: 1600, Mhz Limit: 1584
Processor Information for processor 21
  Max Mhz: 2200, Current Mhz: 1600, Mhz Limit: 1584
Processor Information for processor 22
  Max Mhz: 2200, Current Mhz: 1600, Mhz Limit: 1584
Processor Information for processor 23
  Max Mhz: 2200, Current Mhz: 1600, Mhz Limit: 1584
Processor Information for processor 24
  Max Mhz: 2200, Current Mhz: 1500, Mhz Limit: 1584
Processor Information for processor 25
  Max Mhz: 2200, Current Mhz: 1600, Mhz Limit: 1584
Processor Information for processor 26
  Max Mhz: 2200, Current Mhz: 1600, Mhz Limit: 1584
Processor Information for processor 27
  Max Mhz: 2200, Current Mhz: 1500, Mhz Limit: 1584
Processor Information for processor 28
  Max Mhz: 2200, Current Mhz: 1500, Mhz Limit: 1584
Processor Information for processor 29
  Max Mhz: 2200, Current Mhz: 1600, Mhz Limit: 1584
Processor Information for processor 30
  Max Mhz: 2200, Current Mhz: 1500, Mhz Limit: 1584
Processor Information for processor 31
  Max Mhz: 2200, Current Mhz: 1600, Mhz Limit: 1584

Memory: 4k page, system-wide physical 32386M (1100M free)
TotalPageFile size 74053M (AvailPageFile size 13M)
current process WorkingSet (physical memory assigned to process): 590M, peak: 590M
current process commit charge ("private bytes"): 671M, peak: 680M

vm_info: OpenJDK 64-Bit Server VM (21.0.5+-13047016-b750.29) for windows-amd64 JRE (21.0.5+-13047016-b750.29), built on 2025-02-11T21:12:39Z by "builder" with MS VC++ 16.10 / 16.11 (VS2019)

END.
