#
# There is insufficient memory for the Java Runtime Environment to continue.
# Native memory allocation (malloc) failed to allocate 1586896 bytes. Error detail: Chunk::new
# Possible reasons:
#   The system is out of physical RAM or swap space
#   This process is running with CompressedOops enabled, and the Java Heap may be blocking the growth of the native heap
# Possible solutions:
#   Reduce memory load on the system
#   Increase physical memory or swap space
#   Check if swap backing store is full
#   Decrease Java heap size (-Xmx/-Xms)
#   Decrease number of Java threads
#   Decrease Java thread stack sizes (-Xss)
#   Set larger code cache with -XX:ReservedCodeCacheSize=
#   JVM is running with Unscaled Compressed Oops mode in which the Java heap is
#     placed in the first 4GB address space. The Java Heap base address is the
#     maximum limit for the native heap growth. Please use -XX:HeapBaseMinAddress
#     to set the Java Heap base and to place the Java Heap above 4GB virtual address.
# This output file may be truncated or incomplete.
#
#  Out of Memory Error (arena.cpp:168), pid=23616, tid=19480
#
# JRE version: OpenJDK Runtime Environment (21.0.5) (build 21.0.5+-13047016-b750.29)
# Java VM: OpenJDK 64-Bit Server VM (21.0.5+-13047016-b750.29, mixed mode, tiered, compressed oops, compressed class ptrs, g1 gc, windows-amd64)
# No core dump will be written. Minidumps are not enabled by default on client versions of Windows
#

---------------  S U M M A R Y ------------

Command Line: --add-opens=java.base/java.util=ALL-UNNAMED --add-opens=java.base/java.lang=ALL-UNNAMED --add-opens=java.base/java.lang.invoke=ALL-UNNAMED --add-opens=java.prefs/java.util.prefs=ALL-UNNAMED --add-exports=jdk.compiler/com.sun.tools.javac.api=ALL-UNNAMED --add-exports=jdk.compiler/com.sun.tools.javac.util=ALL-UNNAMED --add-opens=java.base/java.nio.charset=ALL-UNNAMED --add-opens=java.base/java.net=ALL-UNNAMED --add-opens=java.base/java.util.concurrent.atomic=ALL-UNNAMED -Xmx2048m -Dfile.encoding=UTF-8 -Duser.country=CN -Duser.language=zh -Duser.variant -javaagent:C:\Users\1\.gradle\wrapper\dists\gradle-8.10-bin\deqhafrv1ntovfmgh0nh3npr9\gradle-8.10\lib\agents\gradle-instrumentation-agent-8.10.jar org.gradle.launcher.daemon.bootstrap.GradleDaemon 8.10

Host: Intel(R) Core(TM) i9-14900HX, 32 cores, 31G,  Windows 11 , 64 bit Build 26100 (10.0.26100.3912)
Time: Fri Jun  6 17:35:22 2025  Windows 11 , 64 bit Build 26100 (10.0.26100.3912) elapsed time: 1557.472458 seconds (0d 0h 25m 57s)

---------------  T H R E A D  ---------------

Current thread (0x0000013aca6eb7d0):  JavaThread "C2 CompilerThread3" daemon [_thread_in_native, id=19480, stack(0x000000165f700000,0x000000165f800000) (1024K)]


Current CompileTask:
C2:1557472 32780   !   4       java.util.concurrent.ConcurrentHashMap::compute (654 bytes)

Stack: [0x000000165f700000,0x000000165f800000]
Native frames: (J=compiled Java code, j=interpreted, Vv=VM code, C=native code)
V  [jvm.dll+0x6cfb29]
V  [jvm.dll+0x85df93]
V  [jvm.dll+0x8604ee]
V  [jvm.dll+0x860bd3]
V  [jvm.dll+0x27e6b6]
V  [jvm.dll+0xbff6d]
V  [jvm.dll+0xc04a3]
V  [jvm.dll+0x3b5fc1]
V  [jvm.dll+0x1de664]
V  [jvm.dll+0x247db4]
V  [jvm.dll+0x247231]
V  [jvm.dll+0x1c5ee4]
V  [jvm.dll+0x25697c]
V  [jvm.dll+0x254ec6]
V  [jvm.dll+0x3f0ce6]
V  [jvm.dll+0x806368]
V  [jvm.dll+0x6ce3fd]
C  [ucrtbase.dll+0x37b0]
C  [KERNEL32.DLL+0x2e8d7]
C  [ntdll.dll+0x9c5dc]


---------------  P R O C E S S  ---------------

Threads class SMR info:
_java_thread_list=0x0000013ac8244a20, length=219, elements={
0x0000013aa5e56760, 0x0000013ac1b91ca0, 0x0000013ac1b94700, 0x0000013ac1ba5130,
0x0000013ac1b80e10, 0x0000013ac1b81470, 0x0000013ac1bb40b0, 0x0000013ac1b7f2f0,
0x0000013ac1bb94a0, 0x0000013ac1bb4dd0, 0x0000013ac1bb4740, 0x0000013ac1bb1fe0,
0x0000013ac1bb5460, 0x0000013ac1bb2670, 0x0000013ac80de450, 0x0000013ac80deae0,
0x0000013ac80dfe90, 0x0000013ac80e1240, 0x0000013ac80dddc0, 0x0000013ac80e18d0,
0x0000013ac80e2c80, 0x0000013acb52b0f0, 0x0000013acb52b780, 0x0000013acc7c4540,
0x0000013acc7c4bd0, 0x0000013acc7c5f80, 0x0000013acc7c6ca0, 0x0000013acdcb8ee0,
0x0000013ad30a7020, 0x0000013ad30a9780, 0x0000013ad30a6300, 0x0000013ad30a76b0,
0x0000013ad30a7d40, 0x0000013ad30a9e10, 0x0000013ad30a83d0, 0x0000013ad30a8a60,
0x0000013ad30a6990, 0x0000013aca6e7a80, 0x0000013ad30aa4a0, 0x0000013ad30acc00,
0x0000013ad30ab1c0, 0x0000013aca6e8820, 0x0000013ad30ac570, 0x0000013ad30ad920,
0x0000013ad30ab850, 0x0000013ad30adfb0, 0x0000013ad30ad290, 0x0000013ad30aab30,
0x0000013ad30b0080, 0x0000013ad30b1430, 0x0000013ad30b0710, 0x0000013ad30b0da0,
0x0000013ad30ae640, 0x0000013ad30aecd0, 0x0000013ad30b1ac0, 0x0000013ad30af9f0,
0x0000013ad30b2150, 0x0000013ad30b27e0, 0x0000013ad30af360, 0x0000013ad30b62f0,
0x0000013ad30b55d0, 0x0000013ad30b48b0, 0x0000013ad30b4220, 0x0000013ad30b3b90,
0x0000013ad30b4f40, 0x0000013ad30b3500, 0x0000013ad30b2e70, 0x0000013ad30b8a50,
0x0000013ad30b83c0, 0x0000013ad30b90e0, 0x0000013ad30b5c60, 0x0000013ad30b7010,
0x0000013ad30b6980, 0x0000013ad30b9770, 0x0000013aca6e51a0, 0x0000013ad30b9e00,
0x0000013ad30ba490, 0x0000013ad30bab20, 0x0000013ad30b76a0, 0x0000013ad30bb1b0,
0x0000013ad30b7d30, 0x0000013ad30bcbf0, 0x0000013ad30bb840, 0x0000013ad30bf350,
0x0000013ad30bbed0, 0x0000013ad30bdfa0, 0x0000013ad30bf9e0, 0x0000013ad30be630,
0x0000013ad30bc560, 0x0000013ad30c0070, 0x0000013ad30bd280, 0x0000013ad30becc0,
0x0000013ad30bd910, 0x0000013ad30c34f0, 0x0000013ad30c27d0, 0x0000013ad30c2e60,
0x0000013ad30c3b80, 0x0000013ad30c1ab0, 0x0000013ad30c0700, 0x0000013ad30c4210,
0x0000013ad30c0d90, 0x0000013ad30c2140, 0x0000013ad30c48a0, 0x0000013ad30c1420,
0x0000013ad30c4f30, 0x0000013ad30c55c0, 0x0000013acbc36d80, 0x0000013acbc35340,
0x0000013acbc37410, 0x0000013acbc359d0, 0x0000013acbc366f0, 0x0000013acbc33f90,
0x0000013acbc39b70, 0x0000013acbc3a200, 0x0000013acbc394e0, 0x0000013acbc3a890,
0x0000013acbc3af20, 0x0000013acbc37aa0, 0x0000013acbc3b5b0, 0x0000013acbc3bc40,
0x0000013acbc387c0, 0x0000013acbc38e50, 0x0000013acbc3e3a0, 0x0000013acbc3f750,
0x0000013acbc3c960, 0x0000013acbc3ea30, 0x0000013acbc3f0c0, 0x0000013acbc3c2d0,
0x0000013acbc3fde0, 0x0000013acbc40470, 0x0000013acbc3cff0, 0x0000013acbc40b00,
0x0000013acbc3d680, 0x0000013acbc41190, 0x0000013acbc3dd10, 0x0000013acbc42bd0,
0x0000013acbc44ca0, 0x0000013acbc41eb0, 0x0000013acbc42540, 0x0000013aca6eb7d0,
0x0000013acbc44610, 0x0000013acbc438f0, 0x0000013acbc43f80, 0x0000013acbc43260,
0x0000013acbc41820, 0x0000013acbc48120, 0x0000013acbc46d70, 0x0000013acbc46050,
0x0000013acbc47400, 0x0000013acbc487b0, 0x0000013acbc45330, 0x0000013acbc459c0,
0x0000013acbc494d0, 0x0000013acbc48e40, 0x0000013acbc49b60, 0x0000013acbc466e0,
0x0000013acbc4cfe0, 0x0000013acbc4b5a0, 0x0000013acbc4af10, 0x0000013acbc4a1f0,
0x0000013acbc4d670, 0x0000013acbc4dd00, 0x0000013acbc4bc30, 0x0000013acbc4c2c0,
0x0000013acbc4c950, 0x0000013acbc4a880, 0x0000013acbc51810, 0x0000013acbc4ea20,
0x0000013acbc4fdd0, 0x0000013acbc4e390, 0x0000013acbc51180, 0x0000013acbc4f0b0,
0x0000013acbc51ea0, 0x0000013acbc52530, 0x0000013acbc50af0, 0x0000013acbc50460,
0x0000013acbc52bc0, 0x0000013aca6ebea0, 0x0000013acbc4f740, 0x0000013acbc53250,
0x0000013acdccb630, 0x0000013acdccafa0, 0x0000013acdcc8ed0, 0x0000013acdccbcc0,
0x0000013acdcca280, 0x0000013acdcc8840, 0x0000013acdccd070, 0x0000013acdccc9e0,
0x0000013acdccc350, 0x0000013acdccd700, 0x0000013acdcae440, 0x0000013acdcb0ba0,
0x0000013acdcaf160, 0x0000013acdcaf7f0, 0x0000013acdcafe80, 0x0000013acdcb1f50,
0x0000013acdcb0510, 0x0000013acdcb1230, 0x0000013acdcaead0, 0x0000013acdcb3990,
0x0000013acdcb25e0, 0x0000013acdcb4020, 0x0000013acdcb5a60, 0x0000013acdcb2c70,
0x0000013acdcb3300, 0x0000013acdcb60f0, 0x0000013acdcb18c0, 0x0000013acdcb74a0,
0x0000013acdcb7b30, 0x0000013acdcb6780, 0x0000013acdcb46b0, 0x0000013acdcbb640,
0x0000013acdcbafb0, 0x0000013acdcb9570, 0x0000013acdcb81c0, 0x0000013acdcb9c00,
0x0000013acdcba290, 0x0000013acdcb8850, 0x0000013acdcba920
}

Java Threads: ( => current thread )
  0x0000013aa5e56760 JavaThread "main"                              [_thread_blocked, id=58944, stack(0x0000001655100000,0x0000001655200000) (1024K)]
  0x0000013ac1b91ca0 JavaThread "Reference Handler"          daemon [_thread_blocked, id=53264, stack(0x0000001655900000,0x0000001655a00000) (1024K)]
  0x0000013ac1b94700 JavaThread "Finalizer"                  daemon [_thread_blocked, id=728, stack(0x0000001655a00000,0x0000001655b00000) (1024K)]
  0x0000013ac1ba5130 JavaThread "Signal Dispatcher"          daemon [_thread_blocked, id=16400, stack(0x0000001655b00000,0x0000001655c00000) (1024K)]
  0x0000013ac1b80e10 JavaThread "Attach Listener"            daemon [_thread_blocked, id=58796, stack(0x0000001655c00000,0x0000001655d00000) (1024K)]
  0x0000013ac1b81470 JavaThread "Service Thread"             daemon [_thread_blocked, id=56172, stack(0x0000001655d00000,0x0000001655e00000) (1024K)]
  0x0000013ac1bb40b0 JavaThread "Monitor Deflation Thread"   daemon [_thread_blocked, id=58536, stack(0x0000001655e00000,0x0000001655f00000) (1024K)]
  0x0000013ac1b7f2f0 JavaThread "C2 CompilerThread0"         daemon [_thread_blocked, id=52660, stack(0x0000001655f00000,0x0000001656000000) (1024K)]
  0x0000013ac1bb94a0 JavaThread "C1 CompilerThread0"         daemon [_thread_blocked, id=42856, stack(0x0000001656000000,0x0000001656100000) (1024K)]
  0x0000013ac1bb4dd0 JavaThread "Common-Cleaner"             daemon [_thread_blocked, id=56008, stack(0x0000001656200000,0x0000001656300000) (1024K)]
  0x0000013ac1bb4740 JavaThread "Notification Thread"        daemon [_thread_blocked, id=10336, stack(0x0000001656300000,0x0000001656400000) (1024K)]
  0x0000013ac1bb1fe0 JavaThread "Daemon health stats"               [_thread_blocked, id=55312, stack(0x0000001657400000,0x0000001657500000) (1024K)]
  0x0000013ac1bb5460 JavaThread "Incoming local TCP Connector on port 64078"        [_thread_in_native, id=57008, stack(0x0000001657600000,0x0000001657700000) (1024K)]
  0x0000013ac1bb2670 JavaThread "Daemon periodic checks"            [_thread_blocked, id=41612, stack(0x0000001657700000,0x0000001657800000) (1024K)]
  0x0000013ac80de450 JavaThread "Cache worker for journal cache (C:\Users\1\.gradle\caches\journal-1)"        [_thread_blocked, id=48016, stack(0x0000001658e00000,0x0000001658f00000) (1024K)]
  0x0000013ac80deae0 JavaThread "File lock request listener"        [_thread_in_native, id=23468, stack(0x0000001658f00000,0x0000001659000000) (1024K)]
  0x0000013ac80dfe90 JavaThread "Cache worker for file hash cache (C:\Users\1\.gradle\caches\8.10\fileHashes)"        [_thread_blocked, id=56540, stack(0x0000001659000000,0x0000001659100000) (1024K)]
  0x0000013ac80e1240 JavaThread "File watcher server"        daemon [_thread_in_native, id=50988, stack(0x0000001659400000,0x0000001659500000) (1024K)]
  0x0000013ac80dddc0 JavaThread "File watcher consumer"      daemon [_thread_blocked, id=58424, stack(0x0000001659500000,0x0000001659600000) (1024K)]
  0x0000013ac80e18d0 JavaThread "Cache worker for file content cache (C:\Users\1\.gradle\caches\8.10\fileContent)"        [_thread_blocked, id=26592, stack(0x0000001659700000,0x0000001659800000) (1024K)]
  0x0000013ac80e2c80 JavaThread "jar transforms"                    [_thread_blocked, id=51292, stack(0x0000001659c00000,0x0000001659d00000) (1024K)]
  0x0000013acb52b0f0 JavaThread "jar transforms Thread 2"           [_thread_blocked, id=20548, stack(0x0000001659d00000,0x0000001659e00000) (1024K)]
  0x0000013acb52b780 JavaThread "jar transforms Thread 3"           [_thread_blocked, id=20544, stack(0x0000001659a00000,0x0000001659b00000) (1024K)]
  0x0000013acc7c4540 JavaThread "jar transforms Thread 4"           [_thread_blocked, id=41848, stack(0x000000165fe00000,0x000000165ff00000) (1024K)]
  0x0000013acc7c4bd0 JavaThread "jar transforms Thread 5"           [_thread_blocked, id=44504, stack(0x000000165ff00000,0x0000001660000000) (1024K)]
  0x0000013acc7c5f80 JavaThread "Memory manager"                    [_thread_blocked, id=14500, stack(0x0000001656600000,0x0000001656700000) (1024K)]
  0x0000013acc7c6ca0 JavaThread "jar transforms Thread 6"           [_thread_blocked, id=37152, stack(0x000000165fb00000,0x000000165fc00000) (1024K)]
  0x0000013acdcb8ee0 JavaThread "Cache worker for Java compile cache (C:\Users\1\.gradle\caches\8.10\javaCompile)"        [_thread_blocked, id=51600, stack(0x0000001670600000,0x0000001670700000) (1024K)]
  0x0000013ad30a7020 JavaThread "Daemon Thread 4"                   [_thread_blocked, id=56620, stack(0x0000001654e00000,0x0000001654f00000) (1024K)]
  0x0000013ad30a9780 JavaThread "Handler for socket connection from /127.0.0.1:64078 to /127.0.0.1:55827"        [_thread_in_native, id=37324, stack(0x0000001654f00000,0x0000001655000000) (1024K)]
  0x0000013ad30a6300 JavaThread "Cancel handler"                    [_thread_blocked, id=2004, stack(0x0000001655000000,0x0000001655100000) (1024K)]
  0x0000013ad30a76b0 JavaThread "Daemon worker Thread 4"            [_thread_blocked, id=55872, stack(0x0000001656100000,0x0000001656200000) (1024K)]
  0x0000013ad30a7d40 JavaThread "Asynchronous log dispatcher for DefaultDaemonConnection: socket connection from /127.0.0.1:64078 to /127.0.0.1:55827"        [_thread_blocked, id=24920, stack(0x0000001656400000,0x0000001656500000) (1024K)]
  0x0000013ad30a9e10 JavaThread "Stdin handler"                     [_thread_blocked, id=16404, stack(0x0000001656500000,0x0000001656600000) (1024K)]
  0x0000013ad30a83d0 JavaThread "Daemon client event forwarder"        [_thread_blocked, id=46460, stack(0x0000001657200000,0x0000001657300000) (1024K)]
  0x0000013ad30a8a60 JavaThread "Cache worker for file hash cache (C:\Users\1\Desktop\Android\CreeperBoxVersion\.gradle\8.10\fileHashes)"        [_thread_blocked, id=54484, stack(0x0000001657300000,0x0000001657400000) (1024K)]
  0x0000013ad30a6990 JavaThread "Cache worker for Build Output Cleanup Cache (C:\Users\1\Desktop\Android\CreeperBoxVersion\.gradle\buildOutputCleanup)"        [_thread_blocked, id=20456, stack(0x0000001657500000,0x0000001657600000) (1024K)]
  0x0000013aca6e7a80 JavaThread "C1 CompilerThread1"         daemon [_thread_blocked, id=23792, stack(0x0000001657800000,0x0000001657900000) (1024K)]
  0x0000013ad30aa4a0 JavaThread "Cache worker for checksums cache (C:\Users\1\Desktop\Android\CreeperBoxVersion\.gradle\8.10\checksums)"        [_thread_blocked, id=9720, stack(0x0000001657900000,0x0000001657a00000) (1024K)]
  0x0000013ad30acc00 JavaThread "Cache worker for cache directory md-rule (C:\Users\1\.gradle\caches\8.10\md-rule)"        [_thread_blocked, id=41148, stack(0x0000001657a00000,0x0000001657b00000) (1024K)]
  0x0000013ad30ab1c0 JavaThread "Cache worker for cache directory md-supplier (C:\Users\1\.gradle\caches\8.10\md-supplier)"        [_thread_blocked, id=32340, stack(0x0000001657b00000,0x0000001657c00000) (1024K)]
  0x0000013aca6e8820 JavaThread "C2 CompilerThread1"         daemon [_thread_blocked, id=18540, stack(0x0000001657c00000,0x0000001657d00000) (1024K)]
  0x0000013ad30ac570 JavaThread "Unconstrained build operations"        [_thread_blocked, id=55848, stack(0x0000001657d00000,0x0000001657e00000) (1024K)]
  0x0000013ad30ad920 JavaThread "Unconstrained build operations Thread 2"        [_thread_blocked, id=51384, stack(0x0000001657e00000,0x0000001657f00000) (1024K)]
  0x0000013ad30ab850 JavaThread "Unconstrained build operations Thread 3"        [_thread_blocked, id=41684, stack(0x0000001659200000,0x0000001659300000) (1024K)]
  0x0000013ad30adfb0 JavaThread "Unconstrained build operations Thread 4"        [_thread_blocked, id=23304, stack(0x0000001659300000,0x0000001659400000) (1024K)]
  0x0000013ad30ad290 JavaThread "Unconstrained build operations Thread 5"        [_thread_blocked, id=42316, stack(0x0000001659600000,0x0000001659700000) (1024K)]
  0x0000013ad30aab30 JavaThread "Unconstrained build operations Thread 6"        [_thread_blocked, id=41152, stack(0x0000001659800000,0x0000001659900000) (1024K)]
  0x0000013ad30b0080 JavaThread "Unconstrained build operations Thread 7"        [_thread_blocked, id=55040, stack(0x0000001659900000,0x0000001659a00000) (1024K)]
  0x0000013ad30b1430 JavaThread "Unconstrained build operations Thread 8"        [_thread_blocked, id=56168, stack(0x0000001659b00000,0x0000001659c00000) (1024K)]
  0x0000013ad30b0710 JavaThread "Unconstrained build operations Thread 9"        [_thread_blocked, id=11424, stack(0x0000001659e00000,0x0000001659f00000) (1024K)]
  0x0000013ad30b0da0 JavaThread "Unconstrained build operations Thread 10"        [_thread_blocked, id=54976, stack(0x0000001659f00000,0x000000165a000000) (1024K)]
  0x0000013ad30ae640 JavaThread "Unconstrained build operations Thread 11"        [_thread_blocked, id=21376, stack(0x000000165a000000,0x000000165a100000) (1024K)]
  0x0000013ad30aecd0 JavaThread "Unconstrained build operations Thread 12"        [_thread_blocked, id=23640, stack(0x000000165a100000,0x000000165a200000) (1024K)]
  0x0000013ad30b1ac0 JavaThread "Unconstrained build operations Thread 13"        [_thread_blocked, id=38272, stack(0x000000165a200000,0x000000165a300000) (1024K)]
  0x0000013ad30af9f0 JavaThread "Unconstrained build operations Thread 14"        [_thread_blocked, id=37812, stack(0x000000165a300000,0x000000165a400000) (1024K)]
  0x0000013ad30b2150 JavaThread "Unconstrained build operations Thread 15"        [_thread_blocked, id=10964, stack(0x000000165a400000,0x000000165a500000) (1024K)]
  0x0000013ad30b27e0 JavaThread "Unconstrained build operations Thread 16"        [_thread_blocked, id=37880, stack(0x000000165a500000,0x000000165a600000) (1024K)]
  0x0000013ad30af360 JavaThread "Unconstrained build operations Thread 17"        [_thread_blocked, id=39472, stack(0x000000165a600000,0x000000165a700000) (1024K)]
  0x0000013ad30b62f0 JavaThread "Unconstrained build operations Thread 18"        [_thread_blocked, id=58612, stack(0x000000165a700000,0x000000165a800000) (1024K)]
  0x0000013ad30b55d0 JavaThread "Unconstrained build operations Thread 19"        [_thread_blocked, id=20684, stack(0x000000165a800000,0x000000165a900000) (1024K)]
  0x0000013ad30b48b0 JavaThread "Unconstrained build operations Thread 20"        [_thread_blocked, id=33976, stack(0x000000165a900000,0x000000165aa00000) (1024K)]
  0x0000013ad30b4220 JavaThread "Unconstrained build operations Thread 21"        [_thread_blocked, id=56364, stack(0x000000165aa00000,0x000000165ab00000) (1024K)]
  0x0000013ad30b3b90 JavaThread "Unconstrained build operations Thread 22"        [_thread_blocked, id=25652, stack(0x000000165ab00000,0x000000165ac00000) (1024K)]
  0x0000013ad30b4f40 JavaThread "Unconstrained build operations Thread 23"        [_thread_blocked, id=43548, stack(0x000000165ac00000,0x000000165ad00000) (1024K)]
  0x0000013ad30b3500 JavaThread "Unconstrained build operations Thread 24"        [_thread_blocked, id=17872, stack(0x000000165ad00000,0x000000165ae00000) (1024K)]
  0x0000013ad30b2e70 JavaThread "Unconstrained build operations Thread 25"        [_thread_blocked, id=44796, stack(0x000000165ae00000,0x000000165af00000) (1024K)]
  0x0000013ad30b8a50 JavaThread "Unconstrained build operations Thread 26"        [_thread_blocked, id=51372, stack(0x000000165af00000,0x000000165b000000) (1024K)]
  0x0000013ad30b83c0 JavaThread "Unconstrained build operations Thread 27"        [_thread_blocked, id=19000, stack(0x000000165b000000,0x000000165b100000) (1024K)]
  0x0000013ad30b90e0 JavaThread "Unconstrained build operations Thread 28"        [_thread_blocked, id=53008, stack(0x000000165b100000,0x000000165b200000) (1024K)]
  0x0000013ad30b5c60 JavaThread "Unconstrained build operations Thread 29"        [_thread_blocked, id=20696, stack(0x000000165b200000,0x000000165b300000) (1024K)]
  0x0000013ad30b7010 JavaThread "Unconstrained build operations Thread 30"        [_thread_blocked, id=25948, stack(0x000000165b300000,0x000000165b400000) (1024K)]
  0x0000013ad30b6980 JavaThread "Unconstrained build operations Thread 31"        [_thread_blocked, id=58180, stack(0x000000165b400000,0x000000165b500000) (1024K)]
  0x0000013ad30b9770 JavaThread "Unconstrained build operations Thread 32"        [_thread_blocked, id=58960, stack(0x000000165b600000,0x000000165b700000) (1024K)]
  0x0000013aca6e51a0 JavaThread "C2 CompilerThread2"         daemon [_thread_in_native, id=50016, stack(0x000000165b500000,0x000000165b600000) (1024K)]
  0x0000013ad30b9e00 JavaThread "Unconstrained build operations Thread 33"        [_thread_blocked, id=54832, stack(0x000000165b700000,0x000000165b800000) (1024K)]
  0x0000013ad30ba490 JavaThread "Unconstrained build operations Thread 34"        [_thread_blocked, id=27812, stack(0x000000165b800000,0x000000165b900000) (1024K)]
  0x0000013ad30bab20 JavaThread "Unconstrained build operations Thread 35"        [_thread_blocked, id=55420, stack(0x000000165b900000,0x000000165ba00000) (1024K)]
  0x0000013ad30b76a0 JavaThread "Unconstrained build operations Thread 36"        [_thread_blocked, id=37696, stack(0x000000165ba00000,0x000000165bb00000) (1024K)]
  0x0000013ad30bb1b0 JavaThread "Unconstrained build operations Thread 37"        [_thread_blocked, id=53124, stack(0x000000165bb00000,0x000000165bc00000) (1024K)]
  0x0000013ad30b7d30 JavaThread "Unconstrained build operations Thread 38"        [_thread_blocked, id=18688, stack(0x000000165bc00000,0x000000165bd00000) (1024K)]
  0x0000013ad30bcbf0 JavaThread "Unconstrained build operations Thread 39"        [_thread_blocked, id=9824, stack(0x000000165bd00000,0x000000165be00000) (1024K)]
  0x0000013ad30bb840 JavaThread "Unconstrained build operations Thread 40"        [_thread_blocked, id=11240, stack(0x000000165be00000,0x000000165bf00000) (1024K)]
  0x0000013ad30bf350 JavaThread "Unconstrained build operations Thread 41"        [_thread_blocked, id=42804, stack(0x000000165bf00000,0x000000165c000000) (1024K)]
  0x0000013ad30bbed0 JavaThread "Unconstrained build operations Thread 42"        [_thread_blocked, id=27872, stack(0x000000165c000000,0x000000165c100000) (1024K)]
  0x0000013ad30bdfa0 JavaThread "Unconstrained build operations Thread 43"        [_thread_blocked, id=56828, stack(0x000000165c100000,0x000000165c200000) (1024K)]
  0x0000013ad30bf9e0 JavaThread "Unconstrained build operations Thread 44"        [_thread_blocked, id=41260, stack(0x000000165c200000,0x000000165c300000) (1024K)]
  0x0000013ad30be630 JavaThread "Unconstrained build operations Thread 45"        [_thread_blocked, id=10260, stack(0x000000165c300000,0x000000165c400000) (1024K)]
  0x0000013ad30bc560 JavaThread "Unconstrained build operations Thread 46"        [_thread_blocked, id=30152, stack(0x000000165c400000,0x000000165c500000) (1024K)]
  0x0000013ad30c0070 JavaThread "Unconstrained build operations Thread 47"        [_thread_blocked, id=40220, stack(0x000000165c500000,0x000000165c600000) (1024K)]
  0x0000013ad30bd280 JavaThread "Unconstrained build operations Thread 48"        [_thread_blocked, id=53380, stack(0x000000165c600000,0x000000165c700000) (1024K)]
  0x0000013ad30becc0 JavaThread "Unconstrained build operations Thread 49"        [_thread_blocked, id=27688, stack(0x000000165c700000,0x000000165c800000) (1024K)]
  0x0000013ad30bd910 JavaThread "Unconstrained build operations Thread 50"        [_thread_blocked, id=57556, stack(0x000000165c800000,0x000000165c900000) (1024K)]
  0x0000013ad30c34f0 JavaThread "Unconstrained build operations Thread 51"        [_thread_blocked, id=58144, stack(0x000000165c900000,0x000000165ca00000) (1024K)]
  0x0000013ad30c27d0 JavaThread "Unconstrained build operations Thread 52"        [_thread_blocked, id=52976, stack(0x000000165ca00000,0x000000165cb00000) (1024K)]
  0x0000013ad30c2e60 JavaThread "Unconstrained build operations Thread 53"        [_thread_blocked, id=55832, stack(0x000000165cb00000,0x000000165cc00000) (1024K)]
  0x0000013ad30c3b80 JavaThread "Unconstrained build operations Thread 54"        [_thread_blocked, id=29676, stack(0x000000165cc00000,0x000000165cd00000) (1024K)]
  0x0000013ad30c1ab0 JavaThread "Unconstrained build operations Thread 55"        [_thread_blocked, id=44480, stack(0x000000165cd00000,0x000000165ce00000) (1024K)]
  0x0000013ad30c0700 JavaThread "Unconstrained build operations Thread 56"        [_thread_blocked, id=51904, stack(0x000000165ce00000,0x000000165cf00000) (1024K)]
  0x0000013ad30c4210 JavaThread "Unconstrained build operations Thread 57"        [_thread_blocked, id=47996, stack(0x000000165cf00000,0x000000165d000000) (1024K)]
  0x0000013ad30c0d90 JavaThread "Unconstrained build operations Thread 58"        [_thread_blocked, id=58568, stack(0x000000165d000000,0x000000165d100000) (1024K)]
  0x0000013ad30c2140 JavaThread "Unconstrained build operations Thread 59"        [_thread_blocked, id=54840, stack(0x000000165d100000,0x000000165d200000) (1024K)]
  0x0000013ad30c48a0 JavaThread "Unconstrained build operations Thread 60"        [_thread_blocked, id=25208, stack(0x000000165d200000,0x000000165d300000) (1024K)]
  0x0000013ad30c1420 JavaThread "Unconstrained build operations Thread 61"        [_thread_blocked, id=47256, stack(0x000000165d300000,0x000000165d400000) (1024K)]
  0x0000013ad30c4f30 JavaThread "Unconstrained build operations Thread 62"        [_thread_blocked, id=21508, stack(0x000000165d400000,0x000000165d500000) (1024K)]
  0x0000013ad30c55c0 JavaThread "build event listener"              [_thread_blocked, id=50804, stack(0x000000165d500000,0x000000165d600000) (1024K)]
  0x0000013acbc36d80 JavaThread "included builds"                   [_thread_blocked, id=19156, stack(0x000000165d600000,0x000000165d700000) (1024K)]
  0x0000013acbc35340 JavaThread "Execution worker"                  [_thread_blocked, id=27732, stack(0x000000165d700000,0x000000165d800000) (1024K)]
  0x0000013acbc37410 JavaThread "Execution worker Thread 2"         [_thread_blocked, id=57784, stack(0x000000165d800000,0x000000165d900000) (1024K)]
  0x0000013acbc359d0 JavaThread "Execution worker Thread 3"         [_thread_blocked, id=19448, stack(0x000000165d900000,0x000000165da00000) (1024K)]
  0x0000013acbc366f0 JavaThread "Execution worker Thread 4"         [_thread_blocked, id=17052, stack(0x000000165da00000,0x000000165db00000) (1024K)]
  0x0000013acbc33f90 JavaThread "Execution worker Thread 5"         [_thread_blocked, id=51544, stack(0x000000165db00000,0x000000165dc00000) (1024K)]
  0x0000013acbc39b70 JavaThread "Execution worker Thread 6"         [_thread_blocked, id=25048, stack(0x000000165dc00000,0x000000165dd00000) (1024K)]
  0x0000013acbc3a200 JavaThread "Execution worker Thread 7"         [_thread_blocked, id=45432, stack(0x000000165dd00000,0x000000165de00000) (1024K)]
  0x0000013acbc394e0 JavaThread "Execution worker Thread 8"         [_thread_blocked, id=57588, stack(0x000000165de00000,0x000000165df00000) (1024K)]
  0x0000013acbc3a890 JavaThread "Execution worker Thread 9"         [_thread_blocked, id=38904, stack(0x000000165df00000,0x000000165e000000) (1024K)]
  0x0000013acbc3af20 JavaThread "Execution worker Thread 10"        [_thread_blocked, id=56728, stack(0x000000165e000000,0x000000165e100000) (1024K)]
  0x0000013acbc37aa0 JavaThread "Execution worker Thread 11"        [_thread_blocked, id=17444, stack(0x000000165e100000,0x000000165e200000) (1024K)]
  0x0000013acbc3b5b0 JavaThread "Execution worker Thread 12"        [_thread_blocked, id=36936, stack(0x000000165e200000,0x000000165e300000) (1024K)]
  0x0000013acbc3bc40 JavaThread "Execution worker Thread 13"        [_thread_blocked, id=1168, stack(0x000000165e300000,0x000000165e400000) (1024K)]
  0x0000013acbc387c0 JavaThread "Execution worker Thread 14"        [_thread_blocked, id=21172, stack(0x000000165e400000,0x000000165e500000) (1024K)]
  0x0000013acbc38e50 JavaThread "Execution worker Thread 15"        [_thread_blocked, id=55912, stack(0x000000165e500000,0x000000165e600000) (1024K)]
  0x0000013acbc3e3a0 JavaThread "Execution worker Thread 16"        [_thread_blocked, id=51508, stack(0x000000165e600000,0x000000165e700000) (1024K)]
  0x0000013acbc3f750 JavaThread "Execution worker Thread 17"        [_thread_blocked, id=54612, stack(0x000000165e700000,0x000000165e800000) (1024K)]
  0x0000013acbc3c960 JavaThread "Execution worker Thread 18"        [_thread_blocked, id=55216, stack(0x000000165e800000,0x000000165e900000) (1024K)]
  0x0000013acbc3ea30 JavaThread "Cache worker for execution history cache (C:\Users\1\Desktop\Android\CreeperBoxVersion\.gradle\8.10\executionHistory)"        [_thread_blocked, id=41768, stack(0x000000165e900000,0x000000165ea00000) (1024K)]
  0x0000013acbc3f0c0 JavaThread "Execution worker Thread 19"        [_thread_blocked, id=57512, stack(0x000000165ea00000,0x000000165eb00000) (1024K)]
  0x0000013acbc3c2d0 JavaThread "Execution worker Thread 20"        [_thread_blocked, id=35020, stack(0x000000165eb00000,0x000000165ec00000) (1024K)]
  0x0000013acbc3fde0 JavaThread "Execution worker Thread 21"        [_thread_blocked, id=25312, stack(0x000000165ec00000,0x000000165ed00000) (1024K)]
  0x0000013acbc40470 JavaThread "Execution worker Thread 22"        [_thread_blocked, id=45644, stack(0x000000165ed00000,0x000000165ee00000) (1024K)]
  0x0000013acbc3cff0 JavaThread "Execution worker Thread 23"        [_thread_blocked, id=32040, stack(0x000000165ee00000,0x000000165ef00000) (1024K)]
  0x0000013acbc40b00 JavaThread "Execution worker Thread 24"        [_thread_blocked, id=5512, stack(0x000000165ef00000,0x000000165f000000) (1024K)]
  0x0000013acbc3d680 JavaThread "Execution worker Thread 25"        [_thread_blocked, id=50252, stack(0x000000165f000000,0x000000165f100000) (1024K)]
  0x0000013acbc41190 JavaThread "Execution worker Thread 26"        [_thread_blocked, id=56912, stack(0x000000165f100000,0x000000165f200000) (1024K)]
  0x0000013acbc3dd10 JavaThread "Execution worker Thread 27"        [_thread_blocked, id=14788, stack(0x000000165f200000,0x000000165f300000) (1024K)]
  0x0000013acbc42bd0 JavaThread "Execution worker Thread 28"        [_thread_blocked, id=45480, stack(0x000000165f300000,0x000000165f400000) (1024K)]
  0x0000013acbc44ca0 JavaThread "Execution worker Thread 29"        [_thread_blocked, id=19292, stack(0x000000165f400000,0x000000165f500000) (1024K)]
  0x0000013acbc41eb0 JavaThread "Execution worker Thread 30"        [_thread_blocked, id=59040, stack(0x000000165f500000,0x000000165f600000) (1024K)]
  0x0000013acbc42540 JavaThread "Execution worker Thread 31"        [_thread_blocked, id=58016, stack(0x000000165f600000,0x000000165f700000) (1024K)]
=>0x0000013aca6eb7d0 JavaThread "C2 CompilerThread3"         daemon [_thread_in_native, id=19480, stack(0x000000165f700000,0x000000165f800000) (1024K)]
  0x0000013acbc44610 JavaThread "Unconstrained build operations Thread 63"        [_thread_blocked, id=48908, stack(0x000000165f800000,0x000000165f900000) (1024K)]
  0x0000013acbc438f0 JavaThread "Unconstrained build operations Thread 64"        [_thread_blocked, id=43464, stack(0x000000165f900000,0x000000165fa00000) (1024K)]
  0x0000013acbc43f80 JavaThread "Unconstrained build operations Thread 65"        [_thread_blocked, id=55180, stack(0x000000165fa00000,0x000000165fb00000) (1024K)]
  0x0000013acbc43260 JavaThread "Unconstrained build operations Thread 66"        [_thread_blocked, id=52912, stack(0x000000165fc00000,0x000000165fd00000) (1024K)]
  0x0000013acbc41820 JavaThread "Unconstrained build operations Thread 67"        [_thread_blocked, id=8640, stack(0x000000165fd00000,0x000000165fe00000) (1024K)]
  0x0000013acbc48120 JavaThread "Unconstrained build operations Thread 68"        [_thread_blocked, id=47888, stack(0x0000001660000000,0x0000001660100000) (1024K)]
  0x0000013acbc46d70 JavaThread "Unconstrained build operations Thread 69"        [_thread_blocked, id=56192, stack(0x0000001660100000,0x0000001660200000) (1024K)]
  0x0000013acbc46050 JavaThread "Unconstrained build operations Thread 70"        [_thread_blocked, id=57612, stack(0x0000001660200000,0x0000001660300000) (1024K)]
  0x0000013acbc47400 JavaThread "Unconstrained build operations Thread 71"        [_thread_blocked, id=39648, stack(0x0000001660300000,0x0000001660400000) (1024K)]
  0x0000013acbc487b0 JavaThread "Unconstrained build operations Thread 72"        [_thread_blocked, id=44164, stack(0x0000001660400000,0x0000001660500000) (1024K)]
  0x0000013acbc45330 JavaThread "Unconstrained build operations Thread 73"        [_thread_blocked, id=53408, stack(0x0000001660500000,0x0000001660600000) (1024K)]
  0x0000013acbc459c0 JavaThread "Unconstrained build operations Thread 74"        [_thread_blocked, id=56288, stack(0x0000001660600000,0x0000001660700000) (1024K)]
  0x0000013acbc494d0 JavaThread "Unconstrained build operations Thread 75"        [_thread_blocked, id=50628, stack(0x0000001660700000,0x0000001660800000) (1024K)]
  0x0000013acbc48e40 JavaThread "Unconstrained build operations Thread 76"        [_thread_blocked, id=48216, stack(0x0000001660800000,0x0000001660900000) (1024K)]
  0x0000013acbc49b60 JavaThread "Unconstrained build operations Thread 77"        [_thread_blocked, id=3656, stack(0x0000001660900000,0x0000001660a00000) (1024K)]
  0x0000013acbc466e0 JavaThread "Unconstrained build operations Thread 78"        [_thread_blocked, id=57184, stack(0x0000001660a00000,0x0000001660b00000) (1024K)]
  0x0000013acbc4cfe0 JavaThread "Unconstrained build operations Thread 79"        [_thread_blocked, id=28180, stack(0x0000001660b00000,0x0000001660c00000) (1024K)]
  0x0000013acbc4b5a0 JavaThread "Unconstrained build operations Thread 80"        [_thread_blocked, id=37596, stack(0x0000001660c00000,0x0000001660d00000) (1024K)]
  0x0000013acbc4af10 JavaThread "Unconstrained build operations Thread 81"        [_thread_blocked, id=33240, stack(0x0000001660d00000,0x0000001660e00000) (1024K)]
  0x0000013acbc4a1f0 JavaThread "Unconstrained build operations Thread 82"        [_thread_blocked, id=2688, stack(0x0000001660e00000,0x0000001660f00000) (1024K)]
  0x0000013acbc4d670 JavaThread "Unconstrained build operations Thread 83"        [_thread_blocked, id=37240, stack(0x0000001660f00000,0x0000001661000000) (1024K)]
  0x0000013acbc4dd00 JavaThread "Unconstrained build operations Thread 84"        [_thread_blocked, id=40372, stack(0x0000001661000000,0x0000001661100000) (1024K)]
  0x0000013acbc4bc30 JavaThread "Unconstrained build operations Thread 85"        [_thread_blocked, id=52268, stack(0x0000001661100000,0x0000001661200000) (1024K)]
  0x0000013acbc4c2c0 JavaThread "Unconstrained build operations Thread 86"        [_thread_blocked, id=58920, stack(0x0000001661200000,0x0000001661300000) (1024K)]
  0x0000013acbc4c950 JavaThread "Unconstrained build operations Thread 87"        [_thread_blocked, id=55728, stack(0x0000001661300000,0x0000001661400000) (1024K)]
  0x0000013acbc4a880 JavaThread "Unconstrained build operations Thread 88"        [_thread_blocked, id=53520, stack(0x0000001661400000,0x0000001661500000) (1024K)]
  0x0000013acbc51810 JavaThread "Unconstrained build operations Thread 89"        [_thread_blocked, id=22016, stack(0x0000001661500000,0x0000001661600000) (1024K)]
  0x0000013acbc4ea20 JavaThread "Unconstrained build operations Thread 90"        [_thread_blocked, id=15524, stack(0x0000001661600000,0x0000001661700000) (1024K)]
  0x0000013acbc4fdd0 JavaThread "Unconstrained build operations Thread 91"        [_thread_blocked, id=55092, stack(0x0000001661700000,0x0000001661800000) (1024K)]
  0x0000013acbc4e390 JavaThread "Unconstrained build operations Thread 92"        [_thread_blocked, id=24876, stack(0x0000001661800000,0x0000001661900000) (1024K)]
  0x0000013acbc51180 JavaThread "Unconstrained build operations Thread 93"        [_thread_blocked, id=38588, stack(0x0000001661900000,0x0000001661a00000) (1024K)]
  0x0000013acbc4f0b0 JavaThread "Unconstrained build operations Thread 94"        [_thread_blocked, id=54376, stack(0x0000001661a00000,0x0000001661b00000) (1024K)]
  0x0000013acbc51ea0 JavaThread "Unconstrained build operations Thread 95"        [_thread_blocked, id=36968, stack(0x0000001661b00000,0x0000001661c00000) (1024K)]
  0x0000013acbc52530 JavaThread "Unconstrained build operations Thread 96"        [_thread_blocked, id=14852, stack(0x0000001661c00000,0x0000001661d00000) (1024K)]
  0x0000013acbc50af0 JavaThread "Unconstrained build operations Thread 97"        [_thread_blocked, id=7748, stack(0x0000001661d00000,0x0000001661e00000) (1024K)]
  0x0000013acbc50460 JavaThread "Unconstrained build operations Thread 98"        [_thread_blocked, id=57016, stack(0x0000001661e00000,0x0000001661f00000) (1024K)]
  0x0000013acbc52bc0 JavaThread "Unconstrained build operations Thread 99"        [_thread_blocked, id=58460, stack(0x0000001661f00000,0x0000001662000000) (1024K)]
  0x0000013aca6ebea0 JavaThread "C1 CompilerThread2"         daemon [_thread_blocked, id=58240, stack(0x0000001662000000,0x0000001662100000) (1024K)]
  0x0000013acbc4f740 JavaThread "Unconstrained build operations Thread 100"        [_thread_blocked, id=33424, stack(0x0000001662100000,0x0000001662200000) (1024K)]
  0x0000013acbc53250 JavaThread "Unconstrained build operations Thread 101"        [_thread_blocked, id=23588, stack(0x0000001662200000,0x0000001662300000) (1024K)]
  0x0000013acdccb630 JavaThread "Unconstrained build operations Thread 102"        [_thread_blocked, id=46812, stack(0x0000001662300000,0x0000001662400000) (1024K)]
  0x0000013acdccafa0 JavaThread "Unconstrained build operations Thread 103"        [_thread_blocked, id=17748, stack(0x0000001662400000,0x0000001662500000) (1024K)]
  0x0000013acdcc8ed0 JavaThread "Unconstrained build operations Thread 104"        [_thread_blocked, id=34556, stack(0x0000001662500000,0x0000001662600000) (1024K)]
  0x0000013acdccbcc0 JavaThread "Unconstrained build operations Thread 105"        [_thread_blocked, id=25512, stack(0x0000001662600000,0x0000001662700000) (1024K)]
  0x0000013acdcca280 JavaThread "Unconstrained build operations Thread 106"        [_thread_blocked, id=43496, stack(0x0000001662700000,0x0000001662800000) (1024K)]
  0x0000013acdcc8840 JavaThread "Unconstrained build operations Thread 107"        [_thread_blocked, id=58116, stack(0x0000001662800000,0x0000001662900000) (1024K)]
  0x0000013acdccd070 JavaThread "Unconstrained build operations Thread 108"        [_thread_blocked, id=56092, stack(0x0000001662900000,0x0000001662a00000) (1024K)]
  0x0000013acdccc9e0 JavaThread "Unconstrained build operations Thread 109"        [_thread_blocked, id=43816, stack(0x0000001662a00000,0x0000001662b00000) (1024K)]
  0x0000013acdccc350 JavaThread "Unconstrained build operations Thread 110"        [_thread_blocked, id=53084, stack(0x0000001662b00000,0x0000001662c00000) (1024K)]
  0x0000013acdccd700 JavaThread "Unconstrained build operations Thread 111"        [_thread_blocked, id=55244, stack(0x0000001662c00000,0x0000001662d00000) (1024K)]
  0x0000013acdcae440 JavaThread "Unconstrained build operations Thread 112"        [_thread_blocked, id=51328, stack(0x0000001662d00000,0x0000001662e00000) (1024K)]
  0x0000013acdcb0ba0 JavaThread "Unconstrained build operations Thread 113"        [_thread_blocked, id=14420, stack(0x0000001662e00000,0x0000001662f00000) (1024K)]
  0x0000013acdcaf160 JavaThread "Unconstrained build operations Thread 114"        [_thread_blocked, id=41136, stack(0x0000001662f00000,0x0000001663000000) (1024K)]
  0x0000013acdcaf7f0 JavaThread "Unconstrained build operations Thread 115"        [_thread_blocked, id=34788, stack(0x0000001663000000,0x0000001663100000) (1024K)]
  0x0000013acdcafe80 JavaThread "Unconstrained build operations Thread 116"        [_thread_blocked, id=37384, stack(0x0000001663100000,0x0000001663200000) (1024K)]
  0x0000013acdcb1f50 JavaThread "Unconstrained build operations Thread 117"        [_thread_blocked, id=44000, stack(0x0000001663200000,0x0000001663300000) (1024K)]
  0x0000013acdcb0510 JavaThread "Unconstrained build operations Thread 118"        [_thread_blocked, id=56640, stack(0x0000001663300000,0x0000001663400000) (1024K)]
  0x0000013acdcb1230 JavaThread "Unconstrained build operations Thread 119"        [_thread_blocked, id=55520, stack(0x0000001663400000,0x0000001663500000) (1024K)]
  0x0000013acdcaead0 JavaThread "Unconstrained build operations Thread 120"        [_thread_blocked, id=27708, stack(0x0000001663500000,0x0000001663600000) (1024K)]
  0x0000013acdcb3990 JavaThread "Unconstrained build operations Thread 121"        [_thread_blocked, id=58860, stack(0x0000001663600000,0x0000001663700000) (1024K)]
  0x0000013acdcb25e0 JavaThread "Unconstrained build operations Thread 122"        [_thread_blocked, id=38824, stack(0x0000001663700000,0x0000001663800000) (1024K)]
  0x0000013acdcb4020 JavaThread "Unconstrained build operations Thread 123"        [_thread_blocked, id=54816, stack(0x0000001663800000,0x0000001663900000) (1024K)]
  0x0000013acdcb5a60 JavaThread "Unconstrained build operations Thread 124"        [_thread_blocked, id=16784, stack(0x0000001663900000,0x0000001663a00000) (1024K)]
  0x0000013acdcb2c70 JavaThread "Unconstrained build operations Thread 125"        [_thread_blocked, id=5548, stack(0x0000001663a00000,0x0000001663b00000) (1024K)]
  0x0000013acdcb3300 JavaThread "Unconstrained build operations Thread 126"        [_thread_blocked, id=44452, stack(0x0000001663b00000,0x0000001663c00000) (1024K)]
  0x0000013acdcb60f0 JavaThread "Unconstrained build operations Thread 127"        [_thread_blocked, id=52936, stack(0x0000001663c00000,0x0000001663d00000) (1024K)]
  0x0000013acdcb18c0 JavaThread "Unconstrained build operations Thread 128"        [_thread_blocked, id=21132, stack(0x0000001663d00000,0x0000001663e00000) (1024K)]
  0x0000013acdcb74a0 JavaThread "Unconstrained build operations Thread 129"        [_thread_blocked, id=13356, stack(0x0000001663e00000,0x0000001663f00000) (1024K)]
  0x0000013acdcb7b30 JavaThread "Unconstrained build operations Thread 130"        [_thread_blocked, id=25592, stack(0x0000001663f00000,0x0000001664000000) (1024K)]
  0x0000013acdcb6780 JavaThread "Unconstrained build operations Thread 131"        [_thread_blocked, id=41888, stack(0x0000001664000000,0x0000001664100000) (1024K)]
  0x0000013acdcb46b0 JavaThread "Unconstrained build operations Thread 132"        [_thread_blocked, id=45016, stack(0x0000001664100000,0x0000001664200000) (1024K)]
  0x0000013acdcbb640 JavaThread "Unconstrained build operations Thread 133"        [_thread_blocked, id=42512, stack(0x0000001664200000,0x0000001664300000) (1024K)]
  0x0000013acdcbafb0 JavaThread "Unconstrained build operations Thread 134"        [_thread_blocked, id=37736, stack(0x0000001664300000,0x0000001664400000) (1024K)]
  0x0000013acdcb9570 JavaThread "Unconstrained build operations Thread 135"        [_thread_blocked, id=26216, stack(0x0000001664400000,0x0000001664500000) (1024K)]
  0x0000013acdcb81c0 JavaThread "Unconstrained build operations Thread 136"        [_thread_blocked, id=34204, stack(0x0000001664500000,0x0000001664600000) (1024K)]
  0x0000013acdcb9c00 JavaThread "Unconstrained build operations Thread 137"        [_thread_blocked, id=54904, stack(0x0000001664600000,0x0000001664700000) (1024K)]
  0x0000013acdcba290 JavaThread "Unconstrained build operations Thread 138"        [_thread_blocked, id=56180, stack(0x0000001664700000,0x0000001664800000) (1024K)]
  0x0000013acdcb8850 JavaThread "Unconstrained build operations Thread 139"        [_thread_blocked, id=55464, stack(0x0000001664800000,0x0000001664900000) (1024K)]
  0x0000013acdcba920 JavaThread "Unconstrained build operations Thread 140"        [_thread_blocked, id=22112, stack(0x0000001664900000,0x0000001664a00000) (1024K)]
Total: 219

Other Threads:
  0x0000013ac1acbf60 VMThread "VM Thread"                           [id=54240, stack(0x0000001655800000,0x0000001655900000) (1024K)]
  0x0000013ac0d597a0 WatcherThread "VM Periodic Task Thread"        [id=58312, stack(0x0000001655700000,0x0000001655800000) (1024K)]
  0x0000013aa81272e0 WorkerThread "GC Thread#0"                     [id=54092, stack(0x0000001655200000,0x0000001655300000) (1024K)]
  0x0000013ac67a2470 WorkerThread "GC Thread#1"                     [id=45680, stack(0x0000001656700000,0x0000001656800000) (1024K)]
  0x0000013ac67a2810 WorkerThread "GC Thread#2"                     [id=49212, stack(0x0000001656800000,0x0000001656900000) (1024K)]
  0x0000013ac691f2c0 WorkerThread "GC Thread#3"                     [id=56864, stack(0x0000001656900000,0x0000001656a00000) (1024K)]
  0x0000013ac691f660 WorkerThread "GC Thread#4"                     [id=59252, stack(0x0000001656a00000,0x0000001656b00000) (1024K)]
  0x0000013ac691fa00 WorkerThread "GC Thread#5"                     [id=31760, stack(0x0000001656b00000,0x0000001656c00000) (1024K)]
  0x0000013ac691fda0 WorkerThread "GC Thread#6"                     [id=38888, stack(0x0000001656c00000,0x0000001656d00000) (1024K)]
  0x0000013ac6920140 WorkerThread "GC Thread#7"                     [id=45228, stack(0x0000001656d00000,0x0000001656e00000) (1024K)]
  0x0000013ac63224e0 WorkerThread "GC Thread#8"                     [id=54108, stack(0x0000001656e00000,0x0000001656f00000) (1024K)]
  0x0000013ac6322880 WorkerThread "GC Thread#9"                     [id=47656, stack(0x0000001656f00000,0x0000001657000000) (1024K)]
  0x0000013ac6323030 WorkerThread "GC Thread#10"                    [id=51364, stack(0x0000001657000000,0x0000001657100000) (1024K)]
  0x0000013ac6852420 WorkerThread "GC Thread#11"                    [id=44132, stack(0x0000001657100000,0x0000001657200000) (1024K)]
  0x0000013ac6852080 WorkerThread "GC Thread#12"                    [id=47540, stack(0x0000001657f00000,0x0000001658000000) (1024K)]
  0x0000013ac6852b60 WorkerThread "GC Thread#13"                    [id=45000, stack(0x0000001658000000,0x0000001658100000) (1024K)]
  0x0000013ac6852f00 WorkerThread "GC Thread#14"                    [id=56976, stack(0x0000001658100000,0x0000001658200000) (1024K)]
  0x0000013ac68532a0 WorkerThread "GC Thread#15"                    [id=58556, stack(0x0000001658200000,0x0000001658300000) (1024K)]
  0x0000013ac8042c30 WorkerThread "GC Thread#16"                    [id=24872, stack(0x0000001658300000,0x0000001658400000) (1024K)]
  0x0000013ac80441f0 WorkerThread "GC Thread#17"                    [id=28284, stack(0x0000001658400000,0x0000001658500000) (1024K)]
  0x0000013ac8043e50 WorkerThread "GC Thread#18"                    [id=55476, stack(0x0000001658500000,0x0000001658600000) (1024K)]
  0x0000013ac8044930 WorkerThread "GC Thread#19"                    [id=46016, stack(0x0000001658600000,0x0000001658700000) (1024K)]
  0x0000013ac8042890 WorkerThread "GC Thread#20"                    [id=56692, stack(0x0000001658700000,0x0000001658800000) (1024K)]
  0x0000013ac8043370 WorkerThread "GC Thread#21"                    [id=7416, stack(0x0000001658800000,0x0000001658900000) (1024K)]
  0x0000013ac8044cd0 WorkerThread "GC Thread#22"                    [id=16056, stack(0x0000001659100000,0x0000001659200000) (1024K)]
  0x0000013aa81390d0 ConcurrentGCThread "G1 Main Marker"            [id=37504, stack(0x0000001655300000,0x0000001655400000) (1024K)]
  0x0000013aa8139ae0 WorkerThread "G1 Conc#0"                       [id=51524, stack(0x0000001655400000,0x0000001655500000) (1024K)]
  0x0000013ac8045070 WorkerThread "G1 Conc#1"                       [id=31396, stack(0x0000001658900000,0x0000001658a00000) (1024K)]
  0x0000013ac8043ab0 WorkerThread "G1 Conc#2"                       [id=57048, stack(0x0000001658a00000,0x0000001658b00000) (1024K)]
  0x0000013ac8045410 WorkerThread "G1 Conc#3"                       [id=59328, stack(0x0000001658b00000,0x0000001658c00000) (1024K)]
  0x0000013ac8042fd0 WorkerThread "G1 Conc#4"                       [id=47140, stack(0x0000001658c00000,0x0000001658d00000) (1024K)]
  0x0000013ac80424f0 WorkerThread "G1 Conc#5"                       [id=39476, stack(0x0000001658d00000,0x0000001658e00000) (1024K)]
  0x0000013ac1952010 ConcurrentGCThread "G1 Refine#0"               [id=25916, stack(0x0000001655500000,0x0000001655600000) (1024K)]
  0x0000013ac1953940 ConcurrentGCThread "G1 Service"                [id=35208, stack(0x0000001655600000,0x0000001655700000) (1024K)]
Total: 34

Threads with active compile tasks:
C2 CompilerThread0  1557496 32974   !   4       org.gradle.internal.snapshot.impl.DirectorySnapshotter$PathVisitor::doVisitFile (194 bytes)
C2 CompilerThread1  1557496 32973       4       com.google.common.collect.Interners$InternerImpl::intern (54 bytes)
C2 CompilerThread2  1557496 32756       4       org.gradle.api.internal.artifacts.ivyservice.resolveengine.graph.builder.DependencyGraphBuilder::resolveEdges (47 bytes)
C2 CompilerThread3  1557496 32780   !   4       java.util.concurrent.ConcurrentHashMap::compute (654 bytes)
Total: 4

VM state: not at safepoint (normal execution)

VM Mutex/Monitor currently owned by a thread: None

Heap address: 0x0000000080000000, size: 2048 MB, Compressed Oops mode: 32-bit

CDS archive(s) not mapped
Compressed class space mapped at: 0x0000000100000000-0x0000000140000000, reserved size: 1073741824
Narrow klass base: 0x0000000000000000, Narrow klass shift: 3, Narrow klass range: 0x140000000

GC Precious Log:
 CardTable entry size: 512
 Card Set container configuration: InlinePtr #cards 5 size 8 Array Of Cards #cards 12 size 40 Howl #buckets 4 coarsen threshold 1843 Howl Bitmap #cards 512 size 80 coarsen threshold 460 Card regions per heap region 1 cards per card region 2048
 CPUs: 32 total, 32 available
 Memory: 32386M
 Large Page Support: Disabled
 NUMA Support: Disabled
 Compressed Oops: Enabled (32-bit)
 Heap Region Size: 1M
 Heap Min Capacity: 8M
 Heap Initial Capacity: 508M
 Heap Max Capacity: 2G
 Pre-touch: Disabled
 Parallel Workers: 23
 Concurrent Workers: 6
 Concurrent Refinement Workers: 23
 Periodic GC: Disabled

Heap:
 garbage-first heap   total 405504K, used 178357K [0x0000000080000000, 0x0000000100000000)
  region size 1024K, 46 young (47104K), 10 survivors (10240K)
 Metaspace       used 154444K, committed 156736K, reserved 1245184K
  class space    used 21075K, committed 22208K, reserved 1048576K

Heap Regions: E=young(eden), S=young(survivor), O=old, HS=humongous(starts), HC=humongous(continues), CS=collection set, F=free, TAMS=top-at-mark-start, PB=parsable bottom
|   0|0x0000000080000000, 0x0000000080100000, 0x0000000080100000|100%|HS|  |TAMS 0x0000000080000000| PB 0x0000000080000000| Complete 
|   1|0x0000000080100000, 0x0000000080200000, 0x0000000080200000|100%|HC|  |TAMS 0x0000000080100000| PB 0x0000000080100000| Complete 
|   2|0x0000000080200000, 0x0000000080300000, 0x0000000080300000|100%|HC|  |TAMS 0x0000000080200000| PB 0x0000000080200000| Complete 
|   3|0x0000000080300000, 0x0000000080400000, 0x0000000080400000|100%|HC|  |TAMS 0x0000000080300000| PB 0x0000000080300000| Complete 
|   4|0x0000000080400000, 0x0000000080500000, 0x0000000080500000|100%| O|  |TAMS 0x0000000080400000| PB 0x0000000080400000| Untracked 
|   5|0x0000000080500000, 0x0000000080600000, 0x0000000080600000|100%| O|  |TAMS 0x0000000080500000| PB 0x0000000080500000| Untracked 
|   6|0x0000000080600000, 0x0000000080700000, 0x0000000080700000|100%| O|  |TAMS 0x0000000080600000| PB 0x0000000080600000| Untracked 
|   7|0x0000000080700000, 0x0000000080800000, 0x0000000080800000|100%| O|  |TAMS 0x0000000080700000| PB 0x0000000080700000| Untracked 
|   8|0x0000000080800000, 0x0000000080900000, 0x0000000080900000|100%| O|  |TAMS 0x0000000080800000| PB 0x0000000080800000| Untracked 
|   9|0x0000000080900000, 0x0000000080a00000, 0x0000000080a00000|100%| O|  |TAMS 0x0000000080900000| PB 0x0000000080900000| Untracked 
|  10|0x0000000080a00000, 0x0000000080b00000, 0x0000000080b00000|100%|HS|  |TAMS 0x0000000080a00000| PB 0x0000000080a00000| Complete 
|  11|0x0000000080b00000, 0x0000000080c00000, 0x0000000080c00000|100%| O|  |TAMS 0x0000000080b00000| PB 0x0000000080b00000| Untracked 
|  12|0x0000000080c00000, 0x0000000080d00000, 0x0000000080d00000|100%| O|  |TAMS 0x0000000080c00000| PB 0x0000000080c00000| Untracked 
|  13|0x0000000080d00000, 0x0000000080e00000, 0x0000000080e00000|100%| O|  |TAMS 0x0000000080d00000| PB 0x0000000080d00000| Untracked 
|  14|0x0000000080e00000, 0x0000000080f00000, 0x0000000080f00000|100%| O|  |TAMS 0x0000000080e00000| PB 0x0000000080e00000| Untracked 
|  15|0x0000000080f00000, 0x0000000081000000, 0x0000000081000000|100%| O|  |TAMS 0x0000000080f00000| PB 0x0000000080f00000| Untracked 
|  16|0x0000000081000000, 0x0000000081100000, 0x0000000081100000|100%| O|  |TAMS 0x0000000081000000| PB 0x0000000081000000| Untracked 
|  17|0x0000000081100000, 0x0000000081200000, 0x0000000081200000|100%| O|  |TAMS 0x0000000081100000| PB 0x0000000081100000| Untracked 
|  18|0x0000000081200000, 0x0000000081300000, 0x0000000081300000|100%| O|  |TAMS 0x0000000081200000| PB 0x0000000081200000| Untracked 
|  19|0x0000000081300000, 0x0000000081400000, 0x0000000081400000|100%| O|  |TAMS 0x0000000081300000| PB 0x0000000081300000| Untracked 
|  20|0x0000000081400000, 0x0000000081500000, 0x0000000081500000|100%| O|  |TAMS 0x0000000081400000| PB 0x0000000081400000| Untracked 
|  21|0x0000000081500000, 0x0000000081600000, 0x0000000081600000|100%| O|  |TAMS 0x0000000081500000| PB 0x0000000081500000| Untracked 
|  22|0x0000000081600000, 0x0000000081700000, 0x0000000081700000|100%| O|  |TAMS 0x0000000081600000| PB 0x0000000081600000| Untracked 
|  23|0x0000000081700000, 0x0000000081800000, 0x0000000081800000|100%| O|  |TAMS 0x0000000081700000| PB 0x0000000081700000| Untracked 
|  24|0x0000000081800000, 0x0000000081900000, 0x0000000081900000|100%| O|  |TAMS 0x0000000081800000| PB 0x0000000081800000| Untracked 
|  25|0x0000000081900000, 0x0000000081a00000, 0x0000000081a00000|100%| O|  |TAMS 0x0000000081900000| PB 0x0000000081900000| Untracked 
|  26|0x0000000081a00000, 0x0000000081b00000, 0x0000000081b00000|100%| O|  |TAMS 0x0000000081a00000| PB 0x0000000081a00000| Untracked 
|  27|0x0000000081b00000, 0x0000000081c00000, 0x0000000081c00000|100%| O|  |TAMS 0x0000000081b00000| PB 0x0000000081b00000| Untracked 
|  28|0x0000000081c00000, 0x0000000081d00000, 0x0000000081d00000|100%| O|  |TAMS 0x0000000081c00000| PB 0x0000000081c00000| Untracked 
|  29|0x0000000081d00000, 0x0000000081e00000, 0x0000000081e00000|100%|HS|  |TAMS 0x0000000081d00000| PB 0x0000000081d00000| Complete 
|  30|0x0000000081e00000, 0x0000000081f00000, 0x0000000081f00000|100%|HS|  |TAMS 0x0000000081e00000| PB 0x0000000081e00000| Complete 
|  31|0x0000000081f00000, 0x0000000082000000, 0x0000000082000000|100%|HS|  |TAMS 0x0000000081f00000| PB 0x0000000081f00000| Complete 
|  32|0x0000000082000000, 0x0000000082100000, 0x0000000082100000|100%| O|  |TAMS 0x0000000082000000| PB 0x0000000082000000| Untracked 
|  33|0x0000000082100000, 0x0000000082200000, 0x0000000082200000|100%|HS|  |TAMS 0x0000000082100000| PB 0x0000000082100000| Complete 
|  34|0x0000000082200000, 0x0000000082300000, 0x0000000082300000|100%|HS|  |TAMS 0x0000000082200000| PB 0x0000000082200000| Complete 
|  35|0x0000000082300000, 0x0000000082400000, 0x0000000082400000|100%| O|  |TAMS 0x0000000082300000| PB 0x0000000082300000| Untracked 
|  36|0x0000000082400000, 0x0000000082500000, 0x0000000082500000|100%| O|  |TAMS 0x0000000082400000| PB 0x0000000082400000| Untracked 
|  37|0x0000000082500000, 0x0000000082600000, 0x0000000082600000|100%| O|  |TAMS 0x0000000082500000| PB 0x0000000082500000| Untracked 
|  38|0x0000000082600000, 0x0000000082700000, 0x0000000082700000|100%| O|  |TAMS 0x0000000082600000| PB 0x0000000082600000| Untracked 
|  39|0x0000000082700000, 0x0000000082800000, 0x0000000082800000|100%| O|  |TAMS 0x0000000082700000| PB 0x0000000082700000| Untracked 
|  40|0x0000000082800000, 0x0000000082900000, 0x0000000082900000|100%| O|  |TAMS 0x0000000082800000| PB 0x0000000082800000| Untracked 
|  41|0x0000000082900000, 0x0000000082a00000, 0x0000000082a00000|100%| O|  |TAMS 0x0000000082900000| PB 0x0000000082900000| Untracked 
|  42|0x0000000082a00000, 0x0000000082b00000, 0x0000000082b00000|100%| O|  |TAMS 0x0000000082a00000| PB 0x0000000082a00000| Untracked 
|  43|0x0000000082b00000, 0x0000000082c00000, 0x0000000082c00000|100%| O|  |TAMS 0x0000000082b00000| PB 0x0000000082b00000| Untracked 
|  44|0x0000000082c00000, 0x0000000082d00000, 0x0000000082d00000|100%| O|  |TAMS 0x0000000082c00000| PB 0x0000000082c00000| Untracked 
|  45|0x0000000082d00000, 0x0000000082e00000, 0x0000000082e00000|100%| O|  |TAMS 0x0000000082d00000| PB 0x0000000082d00000| Untracked 
|  46|0x0000000082e00000, 0x0000000082f00000, 0x0000000082f00000|100%| O|  |TAMS 0x0000000082e00000| PB 0x0000000082e00000| Untracked 
|  47|0x0000000082f00000, 0x0000000083000000, 0x0000000083000000|100%| O|  |TAMS 0x0000000082f00000| PB 0x0000000082f00000| Untracked 
|  48|0x0000000083000000, 0x0000000083100000, 0x0000000083100000|100%| O|  |TAMS 0x0000000083000000| PB 0x0000000083000000| Untracked 
|  49|0x0000000083100000, 0x0000000083200000, 0x0000000083200000|100%| O|  |TAMS 0x0000000083100000| PB 0x0000000083100000| Untracked 
|  50|0x0000000083200000, 0x0000000083300000, 0x0000000083300000|100%| O|  |TAMS 0x0000000083200000| PB 0x0000000083200000| Untracked 
|  51|0x0000000083300000, 0x0000000083400000, 0x0000000083400000|100%| O|  |TAMS 0x0000000083300000| PB 0x0000000083300000| Untracked 
|  52|0x0000000083400000, 0x0000000083500000, 0x0000000083500000|100%| O|  |TAMS 0x0000000083400000| PB 0x0000000083400000| Untracked 
|  53|0x0000000083500000, 0x0000000083600000, 0x0000000083600000|100%| O|  |TAMS 0x0000000083500000| PB 0x0000000083500000| Untracked 
|  54|0x0000000083600000, 0x0000000083700000, 0x0000000083700000|100%| O|  |TAMS 0x0000000083600000| PB 0x0000000083600000| Untracked 
|  55|0x0000000083700000, 0x0000000083800000, 0x0000000083800000|100%| O|  |TAMS 0x0000000083700000| PB 0x0000000083700000| Untracked 
|  56|0x0000000083800000, 0x0000000083900000, 0x0000000083900000|100%| O|  |TAMS 0x0000000083800000| PB 0x0000000083800000| Untracked 
|  57|0x0000000083900000, 0x0000000083a00000, 0x0000000083a00000|100%| O|  |TAMS 0x0000000083900000| PB 0x0000000083900000| Untracked 
|  58|0x0000000083a00000, 0x0000000083b00000, 0x0000000083b00000|100%| O|  |TAMS 0x0000000083a00000| PB 0x0000000083a00000| Untracked 
|  59|0x0000000083b00000, 0x0000000083c00000, 0x0000000083c00000|100%| O|  |TAMS 0x0000000083b00000| PB 0x0000000083b00000| Untracked 
|  60|0x0000000083c00000, 0x0000000083d00000, 0x0000000083d00000|100%| O|  |TAMS 0x0000000083c00000| PB 0x0000000083c00000| Untracked 
|  61|0x0000000083d00000, 0x0000000083e00000, 0x0000000083e00000|100%| O|  |TAMS 0x0000000083d00000| PB 0x0000000083d00000| Untracked 
|  62|0x0000000083e00000, 0x0000000083f00000, 0x0000000083f00000|100%| O|  |TAMS 0x0000000083e00000| PB 0x0000000083e00000| Untracked 
|  63|0x0000000083f00000, 0x0000000084000000, 0x0000000084000000|100%| O|  |TAMS 0x0000000083f00000| PB 0x0000000083f00000| Untracked 
|  64|0x0000000084000000, 0x0000000084100000, 0x0000000084100000|100%| O|  |TAMS 0x0000000084000000| PB 0x0000000084000000| Untracked 
|  65|0x0000000084100000, 0x0000000084200000, 0x0000000084200000|100%| O|  |TAMS 0x0000000084100000| PB 0x0000000084100000| Untracked 
|  66|0x0000000084200000, 0x0000000084300000, 0x0000000084300000|100%| O|  |TAMS 0x0000000084200000| PB 0x0000000084200000| Untracked 
|  67|0x0000000084300000, 0x0000000084400000, 0x0000000084400000|100%| O|  |TAMS 0x0000000084300000| PB 0x0000000084300000| Untracked 
|  68|0x0000000084400000, 0x0000000084400000, 0x0000000084500000|  0%| F|  |TAMS 0x0000000084400000| PB 0x0000000084400000| Untracked 
|  69|0x0000000084500000, 0x0000000084600000, 0x0000000084600000|100%| O|  |TAMS 0x0000000084500000| PB 0x0000000084500000| Untracked 
|  70|0x0000000084600000, 0x0000000084700000, 0x0000000084700000|100%| O|  |TAMS 0x0000000084600000| PB 0x0000000084600000| Untracked 
|  71|0x0000000084700000, 0x0000000084800000, 0x0000000084800000|100%| O|  |TAMS 0x0000000084700000| PB 0x0000000084700000| Untracked 
|  72|0x0000000084800000, 0x0000000084900000, 0x0000000084900000|100%| O|  |TAMS 0x0000000084800000| PB 0x0000000084800000| Untracked 
|  73|0x0000000084900000, 0x0000000084a00000, 0x0000000084a00000|100%| O|  |TAMS 0x0000000084900000| PB 0x0000000084900000| Untracked 
|  74|0x0000000084a00000, 0x0000000084b00000, 0x0000000084b00000|100%| O|  |TAMS 0x0000000084a00000| PB 0x0000000084a00000| Untracked 
|  75|0x0000000084b00000, 0x0000000084c00000, 0x0000000084c00000|100%| O|  |TAMS 0x0000000084b00000| PB 0x0000000084b00000| Untracked 
|  76|0x0000000084c00000, 0x0000000084d00000, 0x0000000084d00000|100%| O|  |TAMS 0x0000000084c00000| PB 0x0000000084c00000| Untracked 
|  77|0x0000000084d00000, 0x0000000084e00000, 0x0000000084e00000|100%| O|  |TAMS 0x0000000084d00000| PB 0x0000000084d00000| Untracked 
|  78|0x0000000084e00000, 0x0000000084f00000, 0x0000000084f00000|100%| O|  |TAMS 0x0000000084e00000| PB 0x0000000084e00000| Untracked 
|  79|0x0000000084f00000, 0x0000000085000000, 0x0000000085000000|100%| O|  |TAMS 0x0000000084f00000| PB 0x0000000084f00000| Untracked 
|  80|0x0000000085000000, 0x0000000085100000, 0x0000000085100000|100%| O|  |TAMS 0x0000000085000000| PB 0x0000000085000000| Untracked 
|  81|0x0000000085100000, 0x0000000085200000, 0x0000000085200000|100%| O|  |TAMS 0x0000000085100000| PB 0x0000000085100000| Untracked 
|  82|0x0000000085200000, 0x0000000085300000, 0x0000000085300000|100%| O|  |TAMS 0x0000000085200000| PB 0x0000000085200000| Untracked 
|  83|0x0000000085300000, 0x0000000085400000, 0x0000000085400000|100%| O|  |TAMS 0x0000000085300000| PB 0x0000000085300000| Untracked 
|  84|0x0000000085400000, 0x0000000085500000, 0x0000000085500000|100%| O|  |TAMS 0x0000000085400000| PB 0x0000000085400000| Untracked 
|  85|0x0000000085500000, 0x0000000085600000, 0x0000000085600000|100%| O|  |TAMS 0x0000000085500000| PB 0x0000000085500000| Untracked 
|  86|0x0000000085600000, 0x0000000085700000, 0x0000000085700000|100%| O|  |TAMS 0x0000000085600000| PB 0x0000000085600000| Untracked 
|  87|0x0000000085700000, 0x0000000085800000, 0x0000000085800000|100%| O|  |TAMS 0x0000000085700000| PB 0x0000000085700000| Untracked 
|  88|0x0000000085800000, 0x0000000085900000, 0x0000000085900000|100%| O|  |TAMS 0x0000000085800000| PB 0x0000000085800000| Untracked 
|  89|0x0000000085900000, 0x0000000085a00000, 0x0000000085a00000|100%| O|  |TAMS 0x0000000085900000| PB 0x0000000085900000| Untracked 
|  90|0x0000000085a00000, 0x0000000085b00000, 0x0000000085b00000|100%| O|  |TAMS 0x0000000085a00000| PB 0x0000000085a00000| Untracked 
|  91|0x0000000085b00000, 0x0000000085c00000, 0x0000000085c00000|100%| O|  |TAMS 0x0000000085b00000| PB 0x0000000085b00000| Untracked 
|  92|0x0000000085c00000, 0x0000000085d00000, 0x0000000085d00000|100%| O|  |TAMS 0x0000000085c00000| PB 0x0000000085c00000| Untracked 
|  93|0x0000000085d00000, 0x0000000085e00000, 0x0000000085e00000|100%| O|  |TAMS 0x0000000085d00000| PB 0x0000000085d00000| Untracked 
|  94|0x0000000085e00000, 0x0000000085f00000, 0x0000000085f00000|100%| O|  |TAMS 0x0000000085e00000| PB 0x0000000085e00000| Untracked 
|  95|0x0000000085f00000, 0x0000000086000000, 0x0000000086000000|100%| O|  |TAMS 0x0000000085f00000| PB 0x0000000085f00000| Untracked 
|  96|0x0000000086000000, 0x0000000086100000, 0x0000000086100000|100%| O|  |TAMS 0x0000000086000000| PB 0x0000000086000000| Untracked 
|  97|0x0000000086100000, 0x0000000086200000, 0x0000000086200000|100%| O|  |TAMS 0x0000000086100000| PB 0x0000000086100000| Untracked 
|  98|0x0000000086200000, 0x0000000086300000, 0x0000000086300000|100%| O|  |TAMS 0x0000000086200000| PB 0x0000000086200000| Untracked 
|  99|0x0000000086300000, 0x0000000086400000, 0x0000000086400000|100%| O|  |TAMS 0x0000000086300000| PB 0x0000000086300000| Untracked 
| 100|0x0000000086400000, 0x0000000086500000, 0x0000000086500000|100%| O|  |TAMS 0x0000000086400000| PB 0x0000000086400000| Untracked 
| 101|0x0000000086500000, 0x0000000086600000, 0x0000000086600000|100%| O|  |TAMS 0x0000000086500000| PB 0x0000000086500000| Untracked 
| 102|0x0000000086600000, 0x0000000086700000, 0x0000000086700000|100%| O|  |TAMS 0x0000000086600000| PB 0x0000000086600000| Untracked 
| 103|0x0000000086700000, 0x0000000086800000, 0x0000000086800000|100%| O|  |TAMS 0x0000000086700000| PB 0x0000000086700000| Untracked 
| 104|0x0000000086800000, 0x0000000086900000, 0x0000000086900000|100%| O|  |TAMS 0x0000000086800000| PB 0x0000000086800000| Untracked 
| 105|0x0000000086900000, 0x0000000086a00000, 0x0000000086a00000|100%| O|  |TAMS 0x0000000086900000| PB 0x0000000086900000| Untracked 
| 106|0x0000000086a00000, 0x0000000086a00000, 0x0000000086b00000|  0%| F|  |TAMS 0x0000000086a00000| PB 0x0000000086a00000| Untracked 
| 107|0x0000000086b00000, 0x0000000086b00000, 0x0000000086c00000|  0%| F|  |TAMS 0x0000000086b00000| PB 0x0000000086b00000| Untracked 
| 108|0x0000000086c00000, 0x0000000086d00000, 0x0000000086d00000|100%| O|  |TAMS 0x0000000086c00000| PB 0x0000000086c00000| Untracked 
| 109|0x0000000086d00000, 0x0000000086d00000, 0x0000000086e00000|  0%| F|  |TAMS 0x0000000086d00000| PB 0x0000000086d00000| Untracked 
| 110|0x0000000086e00000, 0x0000000086e00000, 0x0000000086f00000|  0%| F|  |TAMS 0x0000000086e00000| PB 0x0000000086e00000| Untracked 
| 111|0x0000000086f00000, 0x0000000086f00000, 0x0000000087000000|  0%| F|  |TAMS 0x0000000086f00000| PB 0x0000000086f00000| Untracked 
| 112|0x0000000087000000, 0x0000000087000000, 0x0000000087100000|  0%| F|  |TAMS 0x0000000087000000| PB 0x0000000087000000| Untracked 
| 113|0x0000000087100000, 0x0000000087100000, 0x0000000087200000|  0%| F|  |TAMS 0x0000000087100000| PB 0x0000000087100000| Untracked 
| 114|0x0000000087200000, 0x0000000087200000, 0x0000000087300000|  0%| F|  |TAMS 0x0000000087200000| PB 0x0000000087200000| Untracked 
| 115|0x0000000087300000, 0x0000000087300000, 0x0000000087400000|  0%| F|  |TAMS 0x0000000087300000| PB 0x0000000087300000| Untracked 
| 116|0x0000000087400000, 0x0000000087400000, 0x0000000087500000|  0%| F|  |TAMS 0x0000000087400000| PB 0x0000000087400000| Untracked 
| 117|0x0000000087500000, 0x0000000087600000, 0x0000000087600000|100%| O|  |TAMS 0x0000000087500000| PB 0x0000000087500000| Untracked 
| 118|0x0000000087600000, 0x0000000087600000, 0x0000000087700000|  0%| F|  |TAMS 0x0000000087600000| PB 0x0000000087600000| Untracked 
| 119|0x0000000087700000, 0x0000000087700000, 0x0000000087800000|  0%| F|  |TAMS 0x0000000087700000| PB 0x0000000087700000| Untracked 
| 120|0x0000000087800000, 0x0000000087800000, 0x0000000087900000|  0%| F|  |TAMS 0x0000000087800000| PB 0x0000000087800000| Untracked 
| 121|0x0000000087900000, 0x0000000087900000, 0x0000000087a00000|  0%| F|  |TAMS 0x0000000087900000| PB 0x0000000087900000| Untracked 
| 122|0x0000000087a00000, 0x0000000087a00000, 0x0000000087b00000|  0%| F|  |TAMS 0x0000000087a00000| PB 0x0000000087a00000| Untracked 
| 123|0x0000000087b00000, 0x0000000087c00000, 0x0000000087c00000|100%| O|  |TAMS 0x0000000087b00000| PB 0x0000000087b00000| Untracked 
| 124|0x0000000087c00000, 0x0000000087d00000, 0x0000000087d00000|100%| O|  |TAMS 0x0000000087c00000| PB 0x0000000087c00000| Untracked 
| 125|0x0000000087d00000, 0x0000000087d00000, 0x0000000087e00000|  0%| F|  |TAMS 0x0000000087d00000| PB 0x0000000087d00000| Untracked 
| 126|0x0000000087e00000, 0x0000000087f00000, 0x0000000087f00000|100%| O|  |TAMS 0x0000000087e00000| PB 0x0000000087e00000| Untracked 
| 127|0x0000000087f00000, 0x0000000088000000, 0x0000000088000000|100%| O|  |TAMS 0x0000000087f00000| PB 0x0000000087f00000| Untracked 
| 128|0x0000000088000000, 0x0000000088100000, 0x0000000088100000|100%| O|  |TAMS 0x0000000088000000| PB 0x0000000088000000| Untracked 
| 129|0x0000000088100000, 0x0000000088200000, 0x0000000088200000|100%| O|  |TAMS 0x0000000088100000| PB 0x0000000088100000| Untracked 
| 130|0x0000000088200000, 0x0000000088300000, 0x0000000088300000|100%| O|  |TAMS 0x0000000088200000| PB 0x0000000088200000| Untracked 
| 131|0x0000000088300000, 0x0000000088300000, 0x0000000088400000|  0%| F|  |TAMS 0x0000000088300000| PB 0x0000000088300000| Untracked 
| 132|0x0000000088400000, 0x0000000088500000, 0x0000000088500000|100%| O|  |TAMS 0x0000000088400000| PB 0x0000000088400000| Untracked 
| 133|0x0000000088500000, 0x0000000088500000, 0x0000000088600000|  0%| F|  |TAMS 0x0000000088500000| PB 0x0000000088500000| Untracked 
| 134|0x0000000088600000, 0x0000000088700000, 0x0000000088700000|100%| O|  |TAMS 0x0000000088600000| PB 0x0000000088600000| Untracked 
| 135|0x0000000088700000, 0x0000000088800000, 0x0000000088800000|100%| O|  |TAMS 0x0000000088700000| PB 0x0000000088700000| Untracked 
| 136|0x0000000088800000, 0x0000000088800000, 0x0000000088900000|  0%| F|  |TAMS 0x0000000088800000| PB 0x0000000088800000| Untracked 
| 137|0x0000000088900000, 0x0000000088900000, 0x0000000088a00000|  0%| F|  |TAMS 0x0000000088900000| PB 0x0000000088900000| Untracked 
| 138|0x0000000088a00000, 0x0000000088a00000, 0x0000000088b00000|  0%| F|  |TAMS 0x0000000088a00000| PB 0x0000000088a00000| Untracked 
| 139|0x0000000088b00000, 0x0000000088b00000, 0x0000000088c00000|  0%| F|  |TAMS 0x0000000088b00000| PB 0x0000000088b00000| Untracked 
| 140|0x0000000088c00000, 0x0000000088c00000, 0x0000000088d00000|  0%| F|  |TAMS 0x0000000088c00000| PB 0x0000000088c00000| Untracked 
| 141|0x0000000088d00000, 0x0000000088d00000, 0x0000000088e00000|  0%| F|  |TAMS 0x0000000088d00000| PB 0x0000000088d00000| Untracked 
| 142|0x0000000088e00000, 0x0000000088e00000, 0x0000000088f00000|  0%| F|  |TAMS 0x0000000088e00000| PB 0x0000000088e00000| Untracked 
| 143|0x0000000088f00000, 0x0000000089000000, 0x0000000089000000|100%| O|  |TAMS 0x0000000088f00000| PB 0x0000000088f00000| Untracked 
| 144|0x0000000089000000, 0x0000000089100000, 0x0000000089100000|100%| O|  |TAMS 0x0000000089000000| PB 0x0000000089000000| Untracked 
| 145|0x0000000089100000, 0x0000000089200000, 0x0000000089200000|100%| O|  |TAMS 0x0000000089100000| PB 0x0000000089100000| Untracked 
| 146|0x0000000089200000, 0x0000000089200000, 0x0000000089300000|  0%| F|  |TAMS 0x0000000089200000| PB 0x0000000089200000| Untracked 
| 147|0x0000000089300000, 0x0000000089300000, 0x0000000089400000|  0%| F|  |TAMS 0x0000000089300000| PB 0x0000000089300000| Untracked 
| 148|0x0000000089400000, 0x0000000089400000, 0x0000000089500000|  0%| F|  |TAMS 0x0000000089400000| PB 0x0000000089400000| Untracked 
| 149|0x0000000089500000, 0x0000000089500000, 0x0000000089600000|  0%| F|  |TAMS 0x0000000089500000| PB 0x0000000089500000| Untracked 
| 150|0x0000000089600000, 0x0000000089600000, 0x0000000089700000|  0%| F|  |TAMS 0x0000000089600000| PB 0x0000000089600000| Untracked 
| 151|0x0000000089700000, 0x0000000089700000, 0x0000000089800000|  0%| F|  |TAMS 0x0000000089700000| PB 0x0000000089700000| Untracked 
| 152|0x0000000089800000, 0x0000000089800000, 0x0000000089900000|  0%| F|  |TAMS 0x0000000089800000| PB 0x0000000089800000| Untracked 
| 153|0x0000000089900000, 0x0000000089900000, 0x0000000089a00000|  0%| F|  |TAMS 0x0000000089900000| PB 0x0000000089900000| Untracked 
| 154|0x0000000089a00000, 0x0000000089a00000, 0x0000000089b00000|  0%| F|  |TAMS 0x0000000089a00000| PB 0x0000000089a00000| Untracked 
| 155|0x0000000089b00000, 0x0000000089b00000, 0x0000000089c00000|  0%| F|  |TAMS 0x0000000089b00000| PB 0x0000000089b00000| Untracked 
| 156|0x0000000089c00000, 0x0000000089c00000, 0x0000000089d00000|  0%| F|  |TAMS 0x0000000089c00000| PB 0x0000000089c00000| Untracked 
| 157|0x0000000089d00000, 0x0000000089d00000, 0x0000000089e00000|  0%| F|  |TAMS 0x0000000089d00000| PB 0x0000000089d00000| Untracked 
| 158|0x0000000089e00000, 0x0000000089e00000, 0x0000000089f00000|  0%| F|  |TAMS 0x0000000089e00000| PB 0x0000000089e00000| Untracked 
| 159|0x0000000089f00000, 0x0000000089f00000, 0x000000008a000000|  0%| F|  |TAMS 0x0000000089f00000| PB 0x0000000089f00000| Untracked 
| 160|0x000000008a000000, 0x000000008a000000, 0x000000008a100000|  0%| F|  |TAMS 0x000000008a000000| PB 0x000000008a000000| Untracked 
| 161|0x000000008a100000, 0x000000008a100000, 0x000000008a200000|  0%| F|  |TAMS 0x000000008a100000| PB 0x000000008a100000| Untracked 
| 162|0x000000008a200000, 0x000000008a200000, 0x000000008a300000|  0%| F|  |TAMS 0x000000008a200000| PB 0x000000008a200000| Untracked 
| 163|0x000000008a300000, 0x000000008a300000, 0x000000008a400000|  0%| F|  |TAMS 0x000000008a300000| PB 0x000000008a300000| Untracked 
| 164|0x000000008a400000, 0x000000008a400000, 0x000000008a500000|  0%| F|  |TAMS 0x000000008a400000| PB 0x000000008a400000| Untracked 
| 165|0x000000008a500000, 0x000000008a500000, 0x000000008a600000|  0%| F|  |TAMS 0x000000008a500000| PB 0x000000008a500000| Untracked 
| 166|0x000000008a600000, 0x000000008a600000, 0x000000008a700000|  0%| F|  |TAMS 0x000000008a600000| PB 0x000000008a600000| Untracked 
| 167|0x000000008a700000, 0x000000008a700000, 0x000000008a800000|  0%| F|  |TAMS 0x000000008a700000| PB 0x000000008a700000| Untracked 
| 168|0x000000008a800000, 0x000000008a800000, 0x000000008a900000|  0%| F|  |TAMS 0x000000008a800000| PB 0x000000008a800000| Untracked 
| 169|0x000000008a900000, 0x000000008a900000, 0x000000008aa00000|  0%| F|  |TAMS 0x000000008a900000| PB 0x000000008a900000| Untracked 
| 170|0x000000008aa00000, 0x000000008aa00000, 0x000000008ab00000|  0%| F|  |TAMS 0x000000008aa00000| PB 0x000000008aa00000| Untracked 
| 171|0x000000008ab00000, 0x000000008ab00000, 0x000000008ac00000|  0%| F|  |TAMS 0x000000008ab00000| PB 0x000000008ab00000| Untracked 
| 172|0x000000008ac00000, 0x000000008ac00000, 0x000000008ad00000|  0%| F|  |TAMS 0x000000008ac00000| PB 0x000000008ac00000| Untracked 
| 173|0x000000008ad00000, 0x000000008ad00000, 0x000000008ae00000|  0%| F|  |TAMS 0x000000008ad00000| PB 0x000000008ad00000| Untracked 
| 174|0x000000008ae00000, 0x000000008ae00000, 0x000000008af00000|  0%| F|  |TAMS 0x000000008ae00000| PB 0x000000008ae00000| Untracked 
| 175|0x000000008af00000, 0x000000008af00000, 0x000000008b000000|  0%| F|  |TAMS 0x000000008af00000| PB 0x000000008af00000| Untracked 
| 176|0x000000008b000000, 0x000000008b000000, 0x000000008b100000|  0%| F|  |TAMS 0x000000008b000000| PB 0x000000008b000000| Untracked 
| 177|0x000000008b100000, 0x000000008b100000, 0x000000008b200000|  0%| F|  |TAMS 0x000000008b100000| PB 0x000000008b100000| Untracked 
| 178|0x000000008b200000, 0x000000008b200000, 0x000000008b300000|  0%| F|  |TAMS 0x000000008b200000| PB 0x000000008b200000| Untracked 
| 179|0x000000008b300000, 0x000000008b300000, 0x000000008b400000|  0%| F|  |TAMS 0x000000008b300000| PB 0x000000008b300000| Untracked 
| 180|0x000000008b400000, 0x000000008b400000, 0x000000008b500000|  0%| F|  |TAMS 0x000000008b400000| PB 0x000000008b400000| Untracked 
| 181|0x000000008b500000, 0x000000008b500000, 0x000000008b600000|  0%| F|  |TAMS 0x000000008b500000| PB 0x000000008b500000| Untracked 
| 182|0x000000008b600000, 0x000000008b600000, 0x000000008b700000|  0%| F|  |TAMS 0x000000008b600000| PB 0x000000008b600000| Untracked 
| 183|0x000000008b700000, 0x000000008b700000, 0x000000008b800000|  0%| F|  |TAMS 0x000000008b700000| PB 0x000000008b700000| Untracked 
| 184|0x000000008b800000, 0x000000008b800000, 0x000000008b900000|  0%| F|  |TAMS 0x000000008b800000| PB 0x000000008b800000| Untracked 
| 185|0x000000008b900000, 0x000000008b900000, 0x000000008ba00000|  0%| F|  |TAMS 0x000000008b900000| PB 0x000000008b900000| Untracked 
| 186|0x000000008ba00000, 0x000000008ba00000, 0x000000008bb00000|  0%| F|  |TAMS 0x000000008ba00000| PB 0x000000008ba00000| Untracked 
| 187|0x000000008bb00000, 0x000000008bb00000, 0x000000008bc00000|  0%| F|  |TAMS 0x000000008bb00000| PB 0x000000008bb00000| Untracked 
| 188|0x000000008bc00000, 0x000000008bc00000, 0x000000008bd00000|  0%| F|  |TAMS 0x000000008bc00000| PB 0x000000008bc00000| Untracked 
| 189|0x000000008bd00000, 0x000000008bd00000, 0x000000008be00000|  0%| F|  |TAMS 0x000000008bd00000| PB 0x000000008bd00000| Untracked 
| 190|0x000000008be00000, 0x000000008be00000, 0x000000008bf00000|  0%| F|  |TAMS 0x000000008be00000| PB 0x000000008be00000| Untracked 
| 191|0x000000008bf00000, 0x000000008bf00000, 0x000000008c000000|  0%| F|  |TAMS 0x000000008bf00000| PB 0x000000008bf00000| Untracked 
| 192|0x000000008c000000, 0x000000008c000000, 0x000000008c100000|  0%| F|  |TAMS 0x000000008c000000| PB 0x000000008c000000| Untracked 
| 193|0x000000008c100000, 0x000000008c100000, 0x000000008c200000|  0%| F|  |TAMS 0x000000008c100000| PB 0x000000008c100000| Untracked 
| 194|0x000000008c200000, 0x000000008c200000, 0x000000008c300000|  0%| F|  |TAMS 0x000000008c200000| PB 0x000000008c200000| Untracked 
| 195|0x000000008c300000, 0x000000008c300000, 0x000000008c400000|  0%| F|  |TAMS 0x000000008c300000| PB 0x000000008c300000| Untracked 
| 196|0x000000008c400000, 0x000000008c400000, 0x000000008c500000|  0%| F|  |TAMS 0x000000008c400000| PB 0x000000008c400000| Untracked 
| 197|0x000000008c500000, 0x000000008c500000, 0x000000008c600000|  0%| F|  |TAMS 0x000000008c500000| PB 0x000000008c500000| Untracked 
| 198|0x000000008c600000, 0x000000008c600000, 0x000000008c700000|  0%| F|  |TAMS 0x000000008c600000| PB 0x000000008c600000| Untracked 
| 199|0x000000008c700000, 0x000000008c700000, 0x000000008c800000|  0%| F|  |TAMS 0x000000008c700000| PB 0x000000008c700000| Untracked 
| 200|0x000000008c800000, 0x000000008c800000, 0x000000008c900000|  0%| F|  |TAMS 0x000000008c800000| PB 0x000000008c800000| Untracked 
| 201|0x000000008c900000, 0x000000008c900000, 0x000000008ca00000|  0%| F|  |TAMS 0x000000008c900000| PB 0x000000008c900000| Untracked 
| 202|0x000000008ca00000, 0x000000008ca00000, 0x000000008cb00000|  0%| F|  |TAMS 0x000000008ca00000| PB 0x000000008ca00000| Untracked 
| 203|0x000000008cb00000, 0x000000008cb00000, 0x000000008cc00000|  0%| F|  |TAMS 0x000000008cb00000| PB 0x000000008cb00000| Untracked 
| 204|0x000000008cc00000, 0x000000008cc00000, 0x000000008cd00000|  0%| F|  |TAMS 0x000000008cc00000| PB 0x000000008cc00000| Untracked 
| 205|0x000000008cd00000, 0x000000008cd00000, 0x000000008ce00000|  0%| F|  |TAMS 0x000000008cd00000| PB 0x000000008cd00000| Untracked 
| 206|0x000000008ce00000, 0x000000008ce00000, 0x000000008cf00000|  0%| F|  |TAMS 0x000000008ce00000| PB 0x000000008ce00000| Untracked 
| 207|0x000000008cf00000, 0x000000008cf00000, 0x000000008d000000|  0%| F|  |TAMS 0x000000008cf00000| PB 0x000000008cf00000| Untracked 
| 208|0x000000008d000000, 0x000000008d000000, 0x000000008d100000|  0%| F|  |TAMS 0x000000008d000000| PB 0x000000008d000000| Untracked 
| 209|0x000000008d100000, 0x000000008d100000, 0x000000008d200000|  0%| F|  |TAMS 0x000000008d100000| PB 0x000000008d100000| Untracked 
| 210|0x000000008d200000, 0x000000008d200000, 0x000000008d300000|  0%| F|  |TAMS 0x000000008d200000| PB 0x000000008d200000| Untracked 
| 211|0x000000008d300000, 0x000000008d300000, 0x000000008d400000|  0%| F|  |TAMS 0x000000008d300000| PB 0x000000008d300000| Untracked 
| 212|0x000000008d400000, 0x000000008d400000, 0x000000008d500000|  0%| F|  |TAMS 0x000000008d400000| PB 0x000000008d400000| Untracked 
| 213|0x000000008d500000, 0x000000008d500000, 0x000000008d600000|  0%| F|  |TAMS 0x000000008d500000| PB 0x000000008d500000| Untracked 
| 214|0x000000008d600000, 0x000000008d600000, 0x000000008d700000|  0%| F|  |TAMS 0x000000008d600000| PB 0x000000008d600000| Untracked 
| 215|0x000000008d700000, 0x000000008d700000, 0x000000008d800000|  0%| F|  |TAMS 0x000000008d700000| PB 0x000000008d700000| Untracked 
| 216|0x000000008d800000, 0x000000008d800000, 0x000000008d900000|  0%| F|  |TAMS 0x000000008d800000| PB 0x000000008d800000| Untracked 
| 217|0x000000008d900000, 0x000000008d900000, 0x000000008da00000|  0%| F|  |TAMS 0x000000008d900000| PB 0x000000008d900000| Untracked 
| 218|0x000000008da00000, 0x000000008da00000, 0x000000008db00000|  0%| F|  |TAMS 0x000000008da00000| PB 0x000000008da00000| Untracked 
| 219|0x000000008db00000, 0x000000008db00000, 0x000000008dc00000|  0%| F|  |TAMS 0x000000008db00000| PB 0x000000008db00000| Untracked 
| 220|0x000000008dc00000, 0x000000008dc00000, 0x000000008dd00000|  0%| F|  |TAMS 0x000000008dc00000| PB 0x000000008dc00000| Untracked 
| 221|0x000000008dd00000, 0x000000008dd00000, 0x000000008de00000|  0%| F|  |TAMS 0x000000008dd00000| PB 0x000000008dd00000| Untracked 
| 222|0x000000008de00000, 0x000000008de00000, 0x000000008df00000|  0%| F|  |TAMS 0x000000008de00000| PB 0x000000008de00000| Untracked 
| 223|0x000000008df00000, 0x000000008df00000, 0x000000008e000000|  0%| F|  |TAMS 0x000000008df00000| PB 0x000000008df00000| Untracked 
| 224|0x000000008e000000, 0x000000008e000000, 0x000000008e100000|  0%| F|  |TAMS 0x000000008e000000| PB 0x000000008e000000| Untracked 
| 225|0x000000008e100000, 0x000000008e100000, 0x000000008e200000|  0%| F|  |TAMS 0x000000008e100000| PB 0x000000008e100000| Untracked 
| 226|0x000000008e200000, 0x000000008e200000, 0x000000008e300000|  0%| F|  |TAMS 0x000000008e200000| PB 0x000000008e200000| Untracked 
| 227|0x000000008e300000, 0x000000008e300000, 0x000000008e400000|  0%| F|  |TAMS 0x000000008e300000| PB 0x000000008e300000| Untracked 
| 228|0x000000008e400000, 0x000000008e400000, 0x000000008e500000|  0%| F|  |TAMS 0x000000008e400000| PB 0x000000008e400000| Untracked 
| 229|0x000000008e500000, 0x000000008e500000, 0x000000008e600000|  0%| F|  |TAMS 0x000000008e500000| PB 0x000000008e500000| Untracked 
| 230|0x000000008e600000, 0x000000008e600000, 0x000000008e700000|  0%| F|  |TAMS 0x000000008e600000| PB 0x000000008e600000| Untracked 
| 231|0x000000008e700000, 0x000000008e700000, 0x000000008e800000|  0%| F|  |TAMS 0x000000008e700000| PB 0x000000008e700000| Untracked 
| 232|0x000000008e800000, 0x000000008e800000, 0x000000008e900000|  0%| F|  |TAMS 0x000000008e800000| PB 0x000000008e800000| Untracked 
| 233|0x000000008e900000, 0x000000008e900000, 0x000000008ea00000|  0%| F|  |TAMS 0x000000008e900000| PB 0x000000008e900000| Untracked 
| 234|0x000000008ea00000, 0x000000008ea00000, 0x000000008eb00000|  0%| F|  |TAMS 0x000000008ea00000| PB 0x000000008ea00000| Untracked 
| 235|0x000000008eb00000, 0x000000008eb00000, 0x000000008ec00000|  0%| F|  |TAMS 0x000000008eb00000| PB 0x000000008eb00000| Untracked 
| 236|0x000000008ec00000, 0x000000008ec00000, 0x000000008ed00000|  0%| F|  |TAMS 0x000000008ec00000| PB 0x000000008ec00000| Untracked 
| 237|0x000000008ed00000, 0x000000008ed00000, 0x000000008ee00000|  0%| F|  |TAMS 0x000000008ed00000| PB 0x000000008ed00000| Untracked 
| 238|0x000000008ee00000, 0x000000008ee00000, 0x000000008ef00000|  0%| F|  |TAMS 0x000000008ee00000| PB 0x000000008ee00000| Untracked 
| 239|0x000000008ef00000, 0x000000008ef00000, 0x000000008f000000|  0%| F|  |TAMS 0x000000008ef00000| PB 0x000000008ef00000| Untracked 
| 240|0x000000008f000000, 0x000000008f000000, 0x000000008f100000|  0%| F|  |TAMS 0x000000008f000000| PB 0x000000008f000000| Untracked 
| 241|0x000000008f100000, 0x000000008f100000, 0x000000008f200000|  0%| F|  |TAMS 0x000000008f100000| PB 0x000000008f100000| Untracked 
| 242|0x000000008f200000, 0x000000008f200000, 0x000000008f300000|  0%| F|  |TAMS 0x000000008f200000| PB 0x000000008f200000| Untracked 
| 243|0x000000008f300000, 0x000000008f300000, 0x000000008f400000|  0%| F|  |TAMS 0x000000008f300000| PB 0x000000008f300000| Untracked 
| 244|0x000000008f400000, 0x000000008f400000, 0x000000008f500000|  0%| F|  |TAMS 0x000000008f400000| PB 0x000000008f400000| Untracked 
| 245|0x000000008f500000, 0x000000008f500000, 0x000000008f600000|  0%| F|  |TAMS 0x000000008f500000| PB 0x000000008f500000| Untracked 
| 246|0x000000008f600000, 0x000000008f600000, 0x000000008f700000|  0%| F|  |TAMS 0x000000008f600000| PB 0x000000008f600000| Untracked 
| 247|0x000000008f700000, 0x000000008f700000, 0x000000008f800000|  0%| F|  |TAMS 0x000000008f700000| PB 0x000000008f700000| Untracked 
| 248|0x000000008f800000, 0x000000008f800000, 0x000000008f900000|  0%| F|  |TAMS 0x000000008f800000| PB 0x000000008f800000| Untracked 
| 249|0x000000008f900000, 0x000000008f900000, 0x000000008fa00000|  0%| F|  |TAMS 0x000000008f900000| PB 0x000000008f900000| Untracked 
| 250|0x000000008fa00000, 0x000000008fa00000, 0x000000008fb00000|  0%| F|  |TAMS 0x000000008fa00000| PB 0x000000008fa00000| Untracked 
| 251|0x000000008fb00000, 0x000000008fb00000, 0x000000008fc00000|  0%| F|  |TAMS 0x000000008fb00000| PB 0x000000008fb00000| Untracked 
| 252|0x000000008fc00000, 0x000000008fc00000, 0x000000008fd00000|  0%| F|  |TAMS 0x000000008fc00000| PB 0x000000008fc00000| Untracked 
| 253|0x000000008fd00000, 0x000000008fd00000, 0x000000008fe00000|  0%| F|  |TAMS 0x000000008fd00000| PB 0x000000008fd00000| Untracked 
| 254|0x000000008fe00000, 0x000000008fe00000, 0x000000008ff00000|  0%| F|  |TAMS 0x000000008fe00000| PB 0x000000008fe00000| Untracked 
| 255|0x000000008ff00000, 0x000000008ff00000, 0x0000000090000000|  0%| F|  |TAMS 0x000000008ff00000| PB 0x000000008ff00000| Untracked 
| 256|0x0000000090000000, 0x0000000090000000, 0x0000000090100000|  0%| F|  |TAMS 0x0000000090000000| PB 0x0000000090000000| Untracked 
| 257|0x0000000090100000, 0x0000000090100000, 0x0000000090200000|  0%| F|  |TAMS 0x0000000090100000| PB 0x0000000090100000| Untracked 
| 258|0x0000000090200000, 0x0000000090200000, 0x0000000090300000|  0%| F|  |TAMS 0x0000000090200000| PB 0x0000000090200000| Untracked 
| 259|0x0000000090300000, 0x0000000090300000, 0x0000000090400000|  0%| F|  |TAMS 0x0000000090300000| PB 0x0000000090300000| Untracked 
| 260|0x0000000090400000, 0x0000000090400000, 0x0000000090500000|  0%| F|  |TAMS 0x0000000090400000| PB 0x0000000090400000| Untracked 
| 261|0x0000000090500000, 0x0000000090500000, 0x0000000090600000|  0%| F|  |TAMS 0x0000000090500000| PB 0x0000000090500000| Untracked 
| 262|0x0000000090600000, 0x0000000090600000, 0x0000000090700000|  0%| F|  |TAMS 0x0000000090600000| PB 0x0000000090600000| Untracked 
| 263|0x0000000090700000, 0x0000000090700000, 0x0000000090800000|  0%| F|  |TAMS 0x0000000090700000| PB 0x0000000090700000| Untracked 
| 264|0x0000000090800000, 0x0000000090800000, 0x0000000090900000|  0%| F|  |TAMS 0x0000000090800000| PB 0x0000000090800000| Untracked 
| 265|0x0000000090900000, 0x0000000090900000, 0x0000000090a00000|  0%| F|  |TAMS 0x0000000090900000| PB 0x0000000090900000| Untracked 
| 266|0x0000000090a00000, 0x0000000090a00000, 0x0000000090b00000|  0%| F|  |TAMS 0x0000000090a00000| PB 0x0000000090a00000| Untracked 
| 267|0x0000000090b00000, 0x0000000090b00000, 0x0000000090c00000|  0%| F|  |TAMS 0x0000000090b00000| PB 0x0000000090b00000| Untracked 
| 268|0x0000000090c00000, 0x0000000090c00000, 0x0000000090d00000|  0%| F|  |TAMS 0x0000000090c00000| PB 0x0000000090c00000| Untracked 
| 269|0x0000000090d00000, 0x0000000090d00000, 0x0000000090e00000|  0%| F|  |TAMS 0x0000000090d00000| PB 0x0000000090d00000| Untracked 
| 270|0x0000000090e00000, 0x0000000090e00000, 0x0000000090f00000|  0%| F|  |TAMS 0x0000000090e00000| PB 0x0000000090e00000| Untracked 
| 271|0x0000000090f00000, 0x0000000090f00000, 0x0000000091000000|  0%| F|  |TAMS 0x0000000090f00000| PB 0x0000000090f00000| Untracked 
| 272|0x0000000091000000, 0x0000000091000000, 0x0000000091100000|  0%| F|  |TAMS 0x0000000091000000| PB 0x0000000091000000| Untracked 
| 273|0x0000000091100000, 0x0000000091100000, 0x0000000091200000|  0%| F|  |TAMS 0x0000000091100000| PB 0x0000000091100000| Untracked 
| 274|0x0000000091200000, 0x0000000091200000, 0x0000000091300000|  0%| F|  |TAMS 0x0000000091200000| PB 0x0000000091200000| Untracked 
| 275|0x0000000091300000, 0x0000000091300000, 0x0000000091400000|  0%| F|  |TAMS 0x0000000091300000| PB 0x0000000091300000| Untracked 
| 276|0x0000000091400000, 0x0000000091400000, 0x0000000091500000|  0%| F|  |TAMS 0x0000000091400000| PB 0x0000000091400000| Untracked 
| 277|0x0000000091500000, 0x0000000091500000, 0x0000000091600000|  0%| F|  |TAMS 0x0000000091500000| PB 0x0000000091500000| Untracked 
| 278|0x0000000091600000, 0x0000000091600000, 0x0000000091700000|  0%| F|  |TAMS 0x0000000091600000| PB 0x0000000091600000| Untracked 
| 279|0x0000000091700000, 0x0000000091700000, 0x0000000091800000|  0%| F|  |TAMS 0x0000000091700000| PB 0x0000000091700000| Untracked 
| 280|0x0000000091800000, 0x0000000091800000, 0x0000000091900000|  0%| F|  |TAMS 0x0000000091800000| PB 0x0000000091800000| Untracked 
| 281|0x0000000091900000, 0x0000000091900000, 0x0000000091a00000|  0%| F|  |TAMS 0x0000000091900000| PB 0x0000000091900000| Untracked 
| 282|0x0000000091a00000, 0x0000000091a00000, 0x0000000091b00000|  0%| F|  |TAMS 0x0000000091a00000| PB 0x0000000091a00000| Untracked 
| 283|0x0000000091b00000, 0x0000000091b00000, 0x0000000091c00000|  0%| F|  |TAMS 0x0000000091b00000| PB 0x0000000091b00000| Untracked 
| 284|0x0000000091c00000, 0x0000000091c00000, 0x0000000091d00000|  0%| F|  |TAMS 0x0000000091c00000| PB 0x0000000091c00000| Untracked 
| 285|0x0000000091d00000, 0x0000000091d00000, 0x0000000091e00000|  0%| F|  |TAMS 0x0000000091d00000| PB 0x0000000091d00000| Untracked 
| 286|0x0000000091e00000, 0x0000000091e00000, 0x0000000091f00000|  0%| F|  |TAMS 0x0000000091e00000| PB 0x0000000091e00000| Untracked 
| 287|0x0000000091f00000, 0x0000000091f00000, 0x0000000092000000|  0%| F|  |TAMS 0x0000000091f00000| PB 0x0000000091f00000| Untracked 
| 288|0x0000000092000000, 0x0000000092000000, 0x0000000092100000|  0%| F|  |TAMS 0x0000000092000000| PB 0x0000000092000000| Untracked 
| 289|0x0000000092100000, 0x0000000092100000, 0x0000000092200000|  0%| F|  |TAMS 0x0000000092100000| PB 0x0000000092100000| Untracked 
| 290|0x0000000092200000, 0x0000000092200000, 0x0000000092300000|  0%| F|  |TAMS 0x0000000092200000| PB 0x0000000092200000| Untracked 
| 291|0x0000000092300000, 0x0000000092300000, 0x0000000092400000|  0%| F|  |TAMS 0x0000000092300000| PB 0x0000000092300000| Untracked 
| 292|0x0000000092400000, 0x0000000092400000, 0x0000000092500000|  0%| F|  |TAMS 0x0000000092400000| PB 0x0000000092400000| Untracked 
| 293|0x0000000092500000, 0x0000000092500000, 0x0000000092600000|  0%| F|  |TAMS 0x0000000092500000| PB 0x0000000092500000| Untracked 
| 294|0x0000000092600000, 0x0000000092600000, 0x0000000092700000|  0%| F|  |TAMS 0x0000000092600000| PB 0x0000000092600000| Untracked 
| 295|0x0000000092700000, 0x0000000092700000, 0x0000000092800000|  0%| F|  |TAMS 0x0000000092700000| PB 0x0000000092700000| Untracked 
| 296|0x0000000092800000, 0x0000000092800000, 0x0000000092900000|  0%| F|  |TAMS 0x0000000092800000| PB 0x0000000092800000| Untracked 
| 297|0x0000000092900000, 0x0000000092900000, 0x0000000092a00000|  0%| F|  |TAMS 0x0000000092900000| PB 0x0000000092900000| Untracked 
| 298|0x0000000092a00000, 0x0000000092a00000, 0x0000000092b00000|  0%| F|  |TAMS 0x0000000092a00000| PB 0x0000000092a00000| Untracked 
| 299|0x0000000092b00000, 0x0000000092b00000, 0x0000000092c00000|  0%| F|  |TAMS 0x0000000092b00000| PB 0x0000000092b00000| Untracked 
| 300|0x0000000092c00000, 0x0000000092c00000, 0x0000000092d00000|  0%| F|  |TAMS 0x0000000092c00000| PB 0x0000000092c00000| Untracked 
| 301|0x0000000092d00000, 0x0000000092d00000, 0x0000000092e00000|  0%| F|  |TAMS 0x0000000092d00000| PB 0x0000000092d00000| Untracked 
| 302|0x0000000092e00000, 0x0000000092e00000, 0x0000000092f00000|  0%| F|  |TAMS 0x0000000092e00000| PB 0x0000000092e00000| Untracked 
| 303|0x0000000092f00000, 0x0000000092f00000, 0x0000000093000000|  0%| F|  |TAMS 0x0000000092f00000| PB 0x0000000092f00000| Untracked 
| 304|0x0000000093000000, 0x0000000093000000, 0x0000000093100000|  0%| F|  |TAMS 0x0000000093000000| PB 0x0000000093000000| Untracked 
| 305|0x0000000093100000, 0x0000000093100000, 0x0000000093200000|  0%| F|  |TAMS 0x0000000093100000| PB 0x0000000093100000| Untracked 
| 306|0x0000000093200000, 0x0000000093200000, 0x0000000093300000|  0%| F|  |TAMS 0x0000000093200000| PB 0x0000000093200000| Untracked 
| 307|0x0000000093300000, 0x0000000093300000, 0x0000000093400000|  0%| F|  |TAMS 0x0000000093300000| PB 0x0000000093300000| Untracked 
| 308|0x0000000093400000, 0x0000000093400000, 0x0000000093500000|  0%| F|  |TAMS 0x0000000093400000| PB 0x0000000093400000| Untracked 
| 309|0x0000000093500000, 0x0000000093500000, 0x0000000093600000|  0%| F|  |TAMS 0x0000000093500000| PB 0x0000000093500000| Untracked 
| 310|0x0000000093600000, 0x0000000093600000, 0x0000000093700000|  0%| F|  |TAMS 0x0000000093600000| PB 0x0000000093600000| Untracked 
| 311|0x0000000093700000, 0x0000000093700000, 0x0000000093800000|  0%| F|  |TAMS 0x0000000093700000| PB 0x0000000093700000| Untracked 
| 312|0x0000000093800000, 0x0000000093800000, 0x0000000093900000|  0%| F|  |TAMS 0x0000000093800000| PB 0x0000000093800000| Untracked 
| 313|0x0000000093900000, 0x0000000093900000, 0x0000000093a00000|  0%| F|  |TAMS 0x0000000093900000| PB 0x0000000093900000| Untracked 
| 314|0x0000000093a00000, 0x0000000093a00000, 0x0000000093b00000|  0%| F|  |TAMS 0x0000000093a00000| PB 0x0000000093a00000| Untracked 
| 315|0x0000000093b00000, 0x0000000093b00000, 0x0000000093c00000|  0%| F|  |TAMS 0x0000000093b00000| PB 0x0000000093b00000| Untracked 
| 316|0x0000000093c00000, 0x0000000093c00000, 0x0000000093d00000|  0%| F|  |TAMS 0x0000000093c00000| PB 0x0000000093c00000| Untracked 
| 317|0x0000000093d00000, 0x0000000093d00000, 0x0000000093e00000|  0%| F|  |TAMS 0x0000000093d00000| PB 0x0000000093d00000| Untracked 
| 318|0x0000000093e00000, 0x0000000093e00000, 0x0000000093f00000|  0%| F|  |TAMS 0x0000000093e00000| PB 0x0000000093e00000| Untracked 
| 319|0x0000000093f00000, 0x0000000093f00000, 0x0000000094000000|  0%| F|  |TAMS 0x0000000093f00000| PB 0x0000000093f00000| Untracked 
| 320|0x0000000094000000, 0x0000000094000000, 0x0000000094100000|  0%| F|  |TAMS 0x0000000094000000| PB 0x0000000094000000| Untracked 
| 321|0x0000000094100000, 0x0000000094100000, 0x0000000094200000|  0%| F|  |TAMS 0x0000000094100000| PB 0x0000000094100000| Untracked 
| 322|0x0000000094200000, 0x0000000094200000, 0x0000000094300000|  0%| F|  |TAMS 0x0000000094200000| PB 0x0000000094200000| Untracked 
| 323|0x0000000094300000, 0x0000000094300000, 0x0000000094400000|  0%| F|  |TAMS 0x0000000094300000| PB 0x0000000094300000| Untracked 
| 324|0x0000000094400000, 0x0000000094400000, 0x0000000094500000|  0%| F|  |TAMS 0x0000000094400000| PB 0x0000000094400000| Untracked 
| 325|0x0000000094500000, 0x0000000094500000, 0x0000000094600000|  0%| F|  |TAMS 0x0000000094500000| PB 0x0000000094500000| Untracked 
| 326|0x0000000094600000, 0x0000000094600000, 0x0000000094700000|  0%| F|  |TAMS 0x0000000094600000| PB 0x0000000094600000| Untracked 
| 327|0x0000000094700000, 0x0000000094700000, 0x0000000094800000|  0%| F|  |TAMS 0x0000000094700000| PB 0x0000000094700000| Untracked 
| 328|0x0000000094800000, 0x0000000094800000, 0x0000000094900000|  0%| F|  |TAMS 0x0000000094800000| PB 0x0000000094800000| Untracked 
| 329|0x0000000094900000, 0x0000000094900000, 0x0000000094a00000|  0%| F|  |TAMS 0x0000000094900000| PB 0x0000000094900000| Untracked 
| 330|0x0000000094a00000, 0x0000000094a00000, 0x0000000094b00000|  0%| F|  |TAMS 0x0000000094a00000| PB 0x0000000094a00000| Untracked 
| 331|0x0000000094b00000, 0x0000000094b00000, 0x0000000094c00000|  0%| F|  |TAMS 0x0000000094b00000| PB 0x0000000094b00000| Untracked 
| 332|0x0000000094c00000, 0x0000000094c00000, 0x0000000094d00000|  0%| F|  |TAMS 0x0000000094c00000| PB 0x0000000094c00000| Untracked 
| 333|0x0000000094d00000, 0x0000000094d00000, 0x0000000094e00000|  0%| F|  |TAMS 0x0000000094d00000| PB 0x0000000094d00000| Untracked 
| 334|0x0000000094e00000, 0x0000000094e00000, 0x0000000094f00000|  0%| F|  |TAMS 0x0000000094e00000| PB 0x0000000094e00000| Untracked 
| 335|0x0000000094f00000, 0x0000000094f00000, 0x0000000095000000|  0%| F|  |TAMS 0x0000000094f00000| PB 0x0000000094f00000| Untracked 
| 336|0x0000000095000000, 0x0000000095000000, 0x0000000095100000|  0%| F|  |TAMS 0x0000000095000000| PB 0x0000000095000000| Untracked 
| 337|0x0000000095100000, 0x0000000095100000, 0x0000000095200000|  0%| F|  |TAMS 0x0000000095100000| PB 0x0000000095100000| Untracked 
| 338|0x0000000095200000, 0x0000000095200000, 0x0000000095300000|  0%| F|  |TAMS 0x0000000095200000| PB 0x0000000095200000| Untracked 
| 339|0x0000000095300000, 0x00000000953ccaa8, 0x0000000095400000| 79%| E|  |TAMS 0x0000000095300000| PB 0x0000000095300000| Complete 
| 340|0x0000000095400000, 0x0000000095500000, 0x0000000095500000|100%| E|CS|TAMS 0x0000000095400000| PB 0x0000000095400000| Complete 
| 341|0x0000000095500000, 0x0000000095600000, 0x0000000095600000|100%| E|CS|TAMS 0x0000000095500000| PB 0x0000000095500000| Complete 
| 342|0x0000000095600000, 0x0000000095700000, 0x0000000095700000|100%| E|CS|TAMS 0x0000000095600000| PB 0x0000000095600000| Complete 
| 343|0x0000000095700000, 0x0000000095800000, 0x0000000095800000|100%| E|CS|TAMS 0x0000000095700000| PB 0x0000000095700000| Complete 
| 344|0x0000000095800000, 0x0000000095900000, 0x0000000095900000|100%| E|CS|TAMS 0x0000000095800000| PB 0x0000000095800000| Complete 
| 345|0x0000000095900000, 0x0000000095a00000, 0x0000000095a00000|100%| E|CS|TAMS 0x0000000095900000| PB 0x0000000095900000| Complete 
| 346|0x0000000095a00000, 0x0000000095b00000, 0x0000000095b00000|100%| E|CS|TAMS 0x0000000095a00000| PB 0x0000000095a00000| Complete 
| 347|0x0000000095b00000, 0x0000000095c00000, 0x0000000095c00000|100%| E|CS|TAMS 0x0000000095b00000| PB 0x0000000095b00000| Complete 
| 348|0x0000000095c00000, 0x0000000095d00000, 0x0000000095d00000|100%| E|CS|TAMS 0x0000000095c00000| PB 0x0000000095c00000| Complete 
| 349|0x0000000095d00000, 0x0000000095e00000, 0x0000000095e00000|100%| E|CS|TAMS 0x0000000095d00000| PB 0x0000000095d00000| Complete 
| 350|0x0000000095e00000, 0x0000000095f00000, 0x0000000095f00000|100%| E|CS|TAMS 0x0000000095e00000| PB 0x0000000095e00000| Complete 
| 351|0x0000000095f00000, 0x0000000096000000, 0x0000000096000000|100%| E|CS|TAMS 0x0000000095f00000| PB 0x0000000095f00000| Complete 
| 352|0x0000000096000000, 0x0000000096100000, 0x0000000096100000|100%| E|CS|TAMS 0x0000000096000000| PB 0x0000000096000000| Complete 
| 353|0x0000000096100000, 0x0000000096200000, 0x0000000096200000|100%| E|CS|TAMS 0x0000000096100000| PB 0x0000000096100000| Complete 
| 354|0x0000000096200000, 0x0000000096300000, 0x0000000096300000|100%| E|CS|TAMS 0x0000000096200000| PB 0x0000000096200000| Complete 
| 355|0x0000000096300000, 0x0000000096400000, 0x0000000096400000|100%| E|CS|TAMS 0x0000000096300000| PB 0x0000000096300000| Complete 
| 356|0x0000000096400000, 0x0000000096500000, 0x0000000096500000|100%| E|CS|TAMS 0x0000000096400000| PB 0x0000000096400000| Complete 
| 357|0x0000000096500000, 0x0000000096600000, 0x0000000096600000|100%| E|CS|TAMS 0x0000000096500000| PB 0x0000000096500000| Complete 
| 358|0x0000000096600000, 0x0000000096700000, 0x0000000096700000|100%| E|CS|TAMS 0x0000000096600000| PB 0x0000000096600000| Complete 
| 359|0x0000000096700000, 0x0000000096800000, 0x0000000096800000|100%| E|CS|TAMS 0x0000000096700000| PB 0x0000000096700000| Complete 
| 360|0x0000000096800000, 0x0000000096900000, 0x0000000096900000|100%| S|CS|TAMS 0x0000000096800000| PB 0x0000000096800000| Complete 
| 361|0x0000000096900000, 0x0000000096a00000, 0x0000000096a00000|100%| S|CS|TAMS 0x0000000096900000| PB 0x0000000096900000| Complete 
| 362|0x0000000096a00000, 0x0000000096b00000, 0x0000000096b00000|100%| S|CS|TAMS 0x0000000096a00000| PB 0x0000000096a00000| Complete 
| 363|0x0000000096b00000, 0x0000000096c00000, 0x0000000096c00000|100%| S|CS|TAMS 0x0000000096b00000| PB 0x0000000096b00000| Complete 
| 364|0x0000000096c00000, 0x0000000096d00000, 0x0000000096d00000|100%| S|CS|TAMS 0x0000000096c00000| PB 0x0000000096c00000| Complete 
| 365|0x0000000096d00000, 0x0000000096e00000, 0x0000000096e00000|100%| S|CS|TAMS 0x0000000096d00000| PB 0x0000000096d00000| Complete 
| 366|0x0000000096e00000, 0x0000000096f00000, 0x0000000096f00000|100%| S|CS|TAMS 0x0000000096e00000| PB 0x0000000096e00000| Complete 
| 367|0x0000000096f00000, 0x0000000097000000, 0x0000000097000000|100%| S|CS|TAMS 0x0000000096f00000| PB 0x0000000096f00000| Complete 
| 368|0x0000000097000000, 0x0000000097100000, 0x0000000097100000|100%| S|CS|TAMS 0x0000000097000000| PB 0x0000000097000000| Complete 
| 369|0x0000000097100000, 0x000000009711ae28, 0x0000000097200000| 10%| S|CS|TAMS 0x0000000097100000| PB 0x0000000097100000| Complete 
| 477|0x000000009dd00000, 0x000000009de00000, 0x000000009de00000|100%| E|CS|TAMS 0x000000009dd00000| PB 0x000000009dd00000| Complete 
| 478|0x000000009de00000, 0x000000009df00000, 0x000000009df00000|100%| E|CS|TAMS 0x000000009de00000| PB 0x000000009de00000| Complete 
| 479|0x000000009df00000, 0x000000009e000000, 0x000000009e000000|100%| E|CS|TAMS 0x000000009df00000| PB 0x000000009df00000| Complete 
| 480|0x000000009e000000, 0x000000009e100000, 0x000000009e100000|100%| E|CS|TAMS 0x000000009e000000| PB 0x000000009e000000| Complete 
| 481|0x000000009e100000, 0x000000009e200000, 0x000000009e200000|100%| E|CS|TAMS 0x000000009e100000| PB 0x000000009e100000| Complete 
| 482|0x000000009e200000, 0x000000009e300000, 0x000000009e300000|100%| E|CS|TAMS 0x000000009e200000| PB 0x000000009e200000| Complete 
| 483|0x000000009e300000, 0x000000009e400000, 0x000000009e400000|100%| E|CS|TAMS 0x000000009e300000| PB 0x000000009e300000| Complete 
| 484|0x000000009e400000, 0x000000009e500000, 0x000000009e500000|100%| E|CS|TAMS 0x000000009e400000| PB 0x000000009e400000| Complete 
| 507|0x000000009fb00000, 0x000000009fc00000, 0x000000009fc00000|100%| E|CS|TAMS 0x000000009fb00000| PB 0x000000009fb00000| Complete 
|2031|0x00000000fef00000, 0x00000000fef12650, 0x00000000ff000000|  7%| O|  |TAMS 0x00000000fef00000| PB 0x00000000fef00000| Untracked 
|2032|0x00000000ff000000, 0x00000000ff100000, 0x00000000ff100000|100%| O|  |TAMS 0x00000000ff000000| PB 0x00000000ff000000| Untracked 
|2033|0x00000000ff100000, 0x00000000ff200000, 0x00000000ff200000|100%| O|  |TAMS 0x00000000ff100000| PB 0x00000000ff100000| Untracked 
|2034|0x00000000ff200000, 0x00000000ff300000, 0x00000000ff300000|100%| O|  |TAMS 0x00000000ff200000| PB 0x00000000ff200000| Untracked 
|2035|0x00000000ff300000, 0x00000000ff400000, 0x00000000ff400000|100%| O|  |TAMS 0x00000000ff300000| PB 0x00000000ff300000| Untracked 
|2036|0x00000000ff400000, 0x00000000ff500000, 0x00000000ff500000|100%| E|CS|TAMS 0x00000000ff400000| PB 0x00000000ff400000| Complete 
|2037|0x00000000ff500000, 0x00000000ff600000, 0x00000000ff600000|100%| E|CS|TAMS 0x00000000ff500000| PB 0x00000000ff500000| Complete 
|2038|0x00000000ff600000, 0x00000000ff700000, 0x00000000ff700000|100%| O|  |TAMS 0x00000000ff600000| PB 0x00000000ff600000| Untracked 
|2039|0x00000000ff700000, 0x00000000ff800000, 0x00000000ff800000|100%| O|  |TAMS 0x00000000ff700000| PB 0x00000000ff700000| Untracked 
|2040|0x00000000ff800000, 0x00000000ff900000, 0x00000000ff900000|100%| O|  |TAMS 0x00000000ff800000| PB 0x00000000ff800000| Untracked 
|2041|0x00000000ff900000, 0x00000000ffa00000, 0x00000000ffa00000|100%| O|  |TAMS 0x00000000ff900000| PB 0x00000000ff900000| Untracked 
|2042|0x00000000ffa00000, 0x00000000ffb00000, 0x00000000ffb00000|100%| E|CS|TAMS 0x00000000ffa00000| PB 0x00000000ffa00000| Complete 
|2043|0x00000000ffb00000, 0x00000000ffc00000, 0x00000000ffc00000|100%| E|CS|TAMS 0x00000000ffb00000| PB 0x00000000ffb00000| Complete 
|2044|0x00000000ffc00000, 0x00000000ffd00000, 0x00000000ffd00000|100%| E|CS|TAMS 0x00000000ffc00000| PB 0x00000000ffc00000| Complete 
|2045|0x00000000ffd00000, 0x00000000ffe00000, 0x00000000ffe00000|100%| E|CS|TAMS 0x00000000ffd00000| PB 0x00000000ffd00000| Complete 
|2046|0x00000000ffe00000, 0x00000000fff00000, 0x00000000fff00000|100%| O|  |TAMS 0x00000000ffe00000| PB 0x00000000ffe00000| Untracked 
|2047|0x00000000fff00000, 0x0000000100000000, 0x0000000100000000|100%| O|  |TAMS 0x00000000fff00000| PB 0x00000000fff00000| Untracked 

Card table byte_map: [0x0000013abb950000,0x0000013abbd50000] _byte_map_base: 0x0000013abb550000

Marking Bits: (CMBitMap*) 0x0000013aa81278f0
 Bits: [0x0000013abbd50000, 0x0000013abdd50000)

Polling page: 0x0000013aa5dd0000

Metaspace:

Usage:
  Non-class:    130.24 MB used.
      Class:     20.58 MB used.
       Both:    150.83 MB used.

Virtual space:
  Non-class space:      192.00 MB reserved,     131.38 MB ( 68%) committed,  3 nodes.
      Class space:        1.00 GB reserved,      21.69 MB (  2%) committed,  1 nodes.
             Both:        1.19 GB reserved,     153.06 MB ( 13%) committed. 

Chunk freelists:
   Non-Class:  12.62 MB
       Class:  10.28 MB
        Both:  22.90 MB

MaxMetaspaceSize: unlimited
CompressedClassSpaceSize: 1.00 GB
Initial GC threshold: 21.00 MB
Current GC threshold: 253.69 MB
CDS: off
 - commit_granule_bytes: 65536.
 - commit_granule_words: 8192.
 - virtual_space_node_default_size: 8388608.
 - enlarge_chunks_in_place: 1.
 - use_allocation_guard: 0.


Internal statistics:

num_allocs_failed_limit: 12.
num_arena_births: 4586.
num_arena_deaths: 148.
num_vsnodes_births: 4.
num_vsnodes_deaths: 0.
num_space_committed: 2450.
num_space_uncommitted: 2.
num_chunks_returned_to_freelist: 251.
num_chunks_taken_from_freelist: 11154.
num_chunk_merges: 111.
num_chunk_splits: 7371.
num_chunks_enlarged: 4790.
num_inconsistent_stats: 0.

CodeHeap 'non-profiled nmethods': size=118848Kb used=20916Kb max_used=20916Kb free=97931Kb
 bounds [0x0000013ab2e10000, 0x0000013ab42b0000, 0x0000013aba220000]
CodeHeap 'profiled nmethods': size=118848Kb used=46222Kb max_used=50812Kb free=72625Kb
 bounds [0x0000013aab220000, 0x0000013aae3d0000, 0x0000013ab2630000]
CodeHeap 'non-nmethods': size=8064Kb used=4084Kb max_used=5313Kb free=3979Kb
 bounds [0x0000013ab2630000, 0x0000013ab2b70000, 0x0000013ab2e10000]
 total_blobs=22766 nmethods=21715 adapters=952
 compilation: enabled
              stopped_count=0, restarted_count=0
 full_count=0

Compilation events (20 events):
Event: 1556.462 Thread 0x0000013aca6ebea0 nmethod 32938 0x0000013aac5e7e10 code [0x0000013aac5e7fe0, 0x0000013aac5e8218]
Event: 1556.463 Thread 0x0000013ac1b7f2f0 nmethod 32926 0x0000013ab42a2e90 code [0x0000013ab42a3100, 0x0000013ab42a3e78]
Event: 1556.463 Thread 0x0000013ac1b7f2f0 32934       4       org.gradle.api.internal.provider.EvaluationContext$PerThreadContext::close (37 bytes)
Event: 1556.463 Thread 0x0000013aca6ebea0 32939       3       org.gradle.api.internal.provider.Collectors$ElementsFromCollectionProvider::collectEntries (21 bytes)
Event: 1556.464 Thread 0x0000013aca6ebea0 nmethod 32939 0x0000013aac655490 code [0x0000013aac655640, 0x0000013aac655868]
Event: 1556.464 Thread 0x0000013aca6ebea0 32942       3       org.gradle.api.internal.artifacts.configurations.DefaultConfiguration$ResolverResultsResolutionResultProvider::getValue (5 bytes)
Event: 1556.464 Thread 0x0000013aca6e7a80 32943       3       org.gradle.api.internal.artifacts.configurations.DefaultConfiguration$ResolverResultsResolutionResultProvider::getValue (57 bytes)
Event: 1556.464 Thread 0x0000013ac1bb94a0 32944       3       org.gradle.api.internal.artifacts.configurations.DefaultConfiguration::access$1200 (5 bytes)
Event: 1556.464 Thread 0x0000013aca6ebea0 nmethod 32942 0x0000013aac51d290 code [0x0000013aac51d440, 0x0000013aac51d598]
Event: 1556.464 Thread 0x0000013ac1bb94a0 nmethod 32944 0x0000013aac59ed10 code [0x0000013aac59eec0, 0x0000013aac59efe0]
Event: 1556.464 Thread 0x0000013aca6ebea0 32945       3       org.gradle.api.internal.artifacts.configurations.DefaultConfiguration::resolveGraphIfRequired (195 bytes)
Event: 1556.464 Thread 0x0000013ac1bb94a0 32946       3       org.gradle.internal.deprecation.DeprecatableConfiguration::maybeEmitResolutionDeprecation (50 bytes)
Event: 1556.465 Thread 0x0000013ac1bb94a0 nmethod 32946 0x0000013aabc4b110 code [0x0000013aabc4b3a0, 0x0000013aabc4bfa8]
Event: 1556.465 Thread 0x0000013ac1bb94a0 32947       3       org.gradle.api.internal.artifacts.configurations.DefaultUnlockedConfiguration_Decorated::isDeprecatedForResolution (46 bytes)
Event: 1556.465 Thread 0x0000013aca6e7a80 nmethod 32943 0x0000013aab71cd10 code [0x0000013aab71d060, 0x0000013aab71e530]
Event: 1556.466 Thread 0x0000013ac1bb94a0 nmethod 32947 0x0000013aabf81390 code [0x0000013aabf81580, 0x0000013aabf819b8]
Event: 1556.467 Thread 0x0000013aca6ebea0 nmethod 32945 0x0000013aac14e790 code [0x0000013aac14ee60, 0x0000013aac152bc8]
Event: 1556.471 Thread 0x0000013aca6ebea0 32948       3       org.gradle.internal.snapshot.MediumChildMap::<init> (6 bytes)
Event: 1556.479 Thread 0x0000013ac1bb94a0 32950       3       org.gradle.execution.plan.NodeGroup::checkSuccessorsCompleteFor (4 bytes)
Event: 1556.486 Thread 0x0000013aca6e7a80 32952       2       org.gradle.internal.snapshot.ChildMapFactory::childMapFromSorted (84 bytes)

GC Heap History (20 events):
Event: 14.315 GC heap before
{Heap before GC invocations=50 (full 0):
 garbage-first heap   total 258048K, used 235705K [0x0000000080000000, 0x0000000100000000)
  region size 1024K, 103 young (105472K), 6 survivors (6144K)
 Metaspace       used 136558K, committed 138816K, reserved 1179648K
  class space    used 19193K, committed 20288K, reserved 1048576K
}
Event: 14.318 GC heap after
{Heap after GC invocations=51 (full 0):
 garbage-first heap   total 258048K, used 134255K [0x0000000080000000, 0x0000000100000000)
  region size 1024K, 7 young (7168K), 7 survivors (7168K)
 Metaspace       used 136558K, committed 138816K, reserved 1179648K
  class space    used 19193K, committed 20288K, reserved 1048576K
}
Event: 14.744 GC heap before
{Heap before GC invocations=51 (full 0):
 garbage-first heap   total 258048K, used 234607K [0x0000000080000000, 0x0000000100000000)
  region size 1024K, 106 young (108544K), 7 survivors (7168K)
 Metaspace       used 139897K, committed 142144K, reserved 1179648K
  class space    used 19611K, committed 20672K, reserved 1048576K
}
Event: 14.748 GC heap after
{Heap after GC invocations=52 (full 0):
 garbage-first heap   total 258048K, used 137298K [0x0000000080000000, 0x0000000100000000)
  region size 1024K, 10 young (10240K), 10 survivors (10240K)
 Metaspace       used 139897K, committed 142144K, reserved 1179648K
  class space    used 19611K, committed 20672K, reserved 1048576K
}
Event: 16.050 GC heap before
{Heap before GC invocations=53 (full 0):
 garbage-first heap   total 303104K, used 301138K [0x0000000080000000, 0x0000000100000000)
  region size 1024K, 94 young (96256K), 10 survivors (10240K)
 Metaspace       used 148975K, committed 151232K, reserved 1179648K
  class space    used 20732K, committed 21824K, reserved 1048576K
}
Event: 16.056 GC heap after
{Heap after GC invocations=54 (full 0):
 garbage-first heap   total 318464K, used 141906K [0x0000000080000000, 0x0000000100000000)
  region size 1024K, 12 young (12288K), 12 survivors (12288K)
 Metaspace       used 148975K, committed 151232K, reserved 1179648K
  class space    used 20732K, committed 21824K, reserved 1048576K
}
Event: 46.710 GC heap before
{Heap before GC invocations=54 (full 0):
 garbage-first heap   total 361472K, used 358994K [0x0000000080000000, 0x0000000100000000)
  region size 1024K, 148 young (151552K), 12 survivors (12288K)
 Metaspace       used 151740K, committed 154048K, reserved 1245184K
  class space    used 21017K, committed 22144K, reserved 1048576K
}
Event: 46.720 GC heap after
{Heap after GC invocations=55 (full 0):
 garbage-first heap   total 384000K, used 147798K [0x0000000080000000, 0x0000000100000000)
  region size 1024K, 19 young (19456K), 19 survivors (19456K)
 Metaspace       used 151740K, committed 154048K, reserved 1245184K
  class space    used 21017K, committed 22144K, reserved 1048576K
}
Event: 121.552 GC heap before
{Heap before GC invocations=55 (full 0):
 garbage-first heap   total 384000K, used 248150K [0x0000000080000000, 0x0000000100000000)
  region size 1024K, 118 young (120832K), 19 survivors (19456K)
 Metaspace       used 152111K, committed 154432K, reserved 1245184K
  class space    used 21023K, committed 22144K, reserved 1048576K
}
Event: 121.558 GC heap after
{Heap after GC invocations=56 (full 0):
 garbage-first heap   total 384000K, used 161300K [0x0000000080000000, 0x0000000100000000)
  region size 1024K, 23 young (23552K), 23 survivors (23552K)
 Metaspace       used 152111K, committed 154432K, reserved 1245184K
  class space    used 21023K, committed 22144K, reserved 1048576K
}
Event: 122.973 GC heap before
{Heap before GC invocations=57 (full 0):
 garbage-first heap   total 384000K, used 344596K [0x0000000080000000, 0x0000000100000000)
  region size 1024K, 194 young (198656K), 23 survivors (23552K)
 Metaspace       used 152821K, committed 155136K, reserved 1245184K
  class space    used 21044K, committed 22208K, reserved 1048576K
}
Event: 122.978 GC heap after
{Heap after GC invocations=58 (full 0):
 garbage-first heap   total 384000K, used 163596K [0x0000000080000000, 0x0000000100000000)
  region size 1024K, 13 young (13312K), 13 survivors (13312K)
 Metaspace       used 152821K, committed 155136K, reserved 1245184K
  class space    used 21044K, committed 22208K, reserved 1048576K
}
Event: 1384.486 GC heap before
{Heap before GC invocations=58 (full 0):
 garbage-first heap   total 384000K, used 381708K [0x0000000080000000, 0x0000000100000000)
  region size 1024K, 150 young (153600K), 13 survivors (13312K)
 Metaspace       used 153212K, committed 155520K, reserved 1245184K
  class space    used 21046K, committed 22208K, reserved 1048576K
}
Event: 1384.491 GC heap after
{Heap after GC invocations=59 (full 0):
 garbage-first heap   total 390144K, used 148325K [0x0000000080000000, 0x0000000100000000)
  region size 1024K, 4 young (4096K), 4 survivors (4096K)
 Metaspace       used 153212K, committed 155520K, reserved 1245184K
  class space    used 21046K, committed 22208K, reserved 1048576K
}
Event: 1385.054 GC heap before
{Heap before GC invocations=59 (full 0):
 garbage-first heap   total 390144K, used 231269K [0x0000000080000000, 0x0000000100000000)
  region size 1024K, 86 young (88064K), 4 survivors (4096K)
 Metaspace       used 153490K, committed 155840K, reserved 1245184K
  class space    used 21048K, committed 22208K, reserved 1048576K
}
Event: 1385.058 GC heap after
{Heap after GC invocations=60 (full 0):
 garbage-first heap   total 390144K, used 157782K [0x0000000080000000, 0x0000000100000000)
  region size 1024K, 14 young (14336K), 14 survivors (14336K)
 Metaspace       used 153490K, committed 155840K, reserved 1245184K
  class space    used 21048K, committed 22208K, reserved 1048576K
}
Event: 1386.027 GC heap before
{Heap before GC invocations=61 (full 0):
 garbage-first heap   total 390144K, used 355414K [0x0000000080000000, 0x0000000100000000)
  region size 1024K, 199 young (203776K), 14 survivors (14336K)
 Metaspace       used 154046K, committed 156352K, reserved 1245184K
  class space    used 21069K, committed 22208K, reserved 1048576K
}
Event: 1386.033 GC heap after
{Heap after GC invocations=62 (full 0):
 garbage-first heap   total 390144K, used 161792K [0x0000000080000000, 0x0000000100000000)
  region size 1024K, 14 young (14336K), 14 survivors (14336K)
 Metaspace       used 154046K, committed 156352K, reserved 1245184K
  class space    used 21069K, committed 22208K, reserved 1048576K
}
Event: 1556.266 GC heap before
{Heap before GC invocations=62 (full 0):
 garbage-first heap   total 390144K, used 389120K [0x0000000080000000, 0x0000000100000000)
  region size 1024K, 160 young (163840K), 14 survivors (14336K)
 Metaspace       used 154351K, committed 156672K, reserved 1245184K
  class space    used 21074K, committed 22208K, reserved 1048576K
}
Event: 1556.274 GC heap after
{Heap after GC invocations=63 (full 0):
 garbage-first heap   total 405504K, used 142517K [0x0000000080000000, 0x0000000100000000)
  region size 1024K, 10 young (10240K), 10 survivors (10240K)
 Metaspace       used 154351K, committed 156672K, reserved 1245184K
  class space    used 21074K, committed 22208K, reserved 1048576K
}

Dll operation events (3 events):
Event: 0.008 Loaded shared library D:\Program Files\Android\Android Studio\jbr\bin\java.dll
Event: 0.014 Loaded shared library D:\Program Files\Android\Android Studio\jbr\bin\zip.dll
Event: 0.319 Loaded shared library D:\Program Files\Android\Android Studio\jbr\bin\verify.dll

Deoptimization events (20 events):
Event: 1386.417 Thread 0x0000013ad30c2140 Uncommon trap: trap_request=0xffffff45 fr.pc=0x0000013ab37ee804 relative=0x00000000000002a4
Event: 1386.417 Thread 0x0000013ad30c2140 Uncommon trap: reason=unstable_if action=reinterpret pc=0x0000013ab37ee804 method=com.android.tools.r8.graph.A2.c(Ljava/lang/Object;)Z @ 37 c2
Event: 1386.417 Thread 0x0000013ad30c2140 DEOPT PACKING pc=0x0000013ab37ee804 sp=0x00000016678fd170
Event: 1386.417 Thread 0x0000013ad30c2140 DEOPT UNPACKING pc=0x0000013ab26846a2 sp=0x00000016678fd100 mode 2
Event: 1386.422 Thread 0x0000013ad30c2140 DEOPT PACKING pc=0x0000013aad93eb15 sp=0x00000016678fd710
Event: 1386.422 Thread 0x0000013ad30c2140 DEOPT UNPACKING pc=0x0000013ab2684e42 sp=0x00000016678fcc10 mode 0
Event: 1386.772 Thread 0x0000013acdcb9570 Uncommon trap: trap_request=0xffffffc6 fr.pc=0x0000013ab34d8df8 relative=0x0000000000000318
Event: 1386.772 Thread 0x0000013acdcb9570 Uncommon trap: reason=bimorphic_or_optimized_type_check action=maybe_recompile pc=0x0000013ab34d8df8 method=org.gradle.internal.snapshot.ChildMapFactory.childMapFromSorted(Ljava/util/List;)Lorg/gradle/internal/snapshot/ChildMap; @ 1 c2
Event: 1386.772 Thread 0x0000013acdcb9570 DEOPT PACKING pc=0x0000013ab34d8df8 sp=0x000000165f1fe160
Event: 1386.772 Thread 0x0000013acdcb9570 DEOPT UNPACKING pc=0x0000013ab26846a2 sp=0x000000165f1fe128 mode 2
Event: 1387.003 Thread 0x0000013acbc37410 DEOPT PACKING pc=0x0000013aabba328e sp=0x0000001654efe180
Event: 1387.003 Thread 0x0000013acbc37410 DEOPT UNPACKING pc=0x0000013ab2684e42 sp=0x0000001654efd6d8 mode 0
Event: 1555.876 Thread 0x0000013ad30a76b0 Uncommon trap: trap_request=0xffffffbe fr.pc=0x0000013ab41fcc2c relative=0x000000000000158c
Event: 1555.876 Thread 0x0000013ad30a76b0 Uncommon trap: reason=profile_predicate action=maybe_recompile pc=0x0000013ab41fcc2c method=org.gradle.internal.component.external.model.maven.DefaultMavenModuleResolveMetadata.filterDependencies(Lorg/gradle/internal/component/external/model/DefaultConfig
Event: 1555.876 Thread 0x0000013ad30a76b0 DEOPT PACKING pc=0x0000013ab41fcc2c sp=0x00000016561f8690
Event: 1555.876 Thread 0x0000013ad30a76b0 DEOPT UNPACKING pc=0x0000013ab26846a2 sp=0x00000016561f8660 mode 2
Event: 1555.901 Thread 0x0000013ad30a76b0 Uncommon trap: trap_request=0xffffffdc fr.pc=0x0000013ab41fcd68 relative=0x00000000000016c8
Event: 1555.901 Thread 0x0000013ad30a76b0 Uncommon trap: reason=class_check action=make_not_entrant pc=0x0000013ab41fcd68 method=com.google.common.collect.Platform.copy([Ljava/lang/Object;II[Ljava/lang/Object;)[Ljava/lang/Object; @ 7 c2
Event: 1555.901 Thread 0x0000013ad30a76b0 DEOPT PACKING pc=0x0000013ab41fcd68 sp=0x00000016561f8690
Event: 1555.901 Thread 0x0000013ad30a76b0 DEOPT UNPACKING pc=0x0000013ab26846a2 sp=0x00000016561f8558 mode 2

Classes loaded (20 events):
Event: 45.812 Loading class org/w3c/dom/CharacterData
Event: 45.812 Loading class org/w3c/dom/CharacterData done
Event: 45.812 Loading class org/w3c/dom/Text done
Event: 45.812 Loading class org/w3c/dom/CDATASection done
Event: 45.812 Loading class org/w3c/dom/Comment
Event: 45.812 Loading class org/w3c/dom/Comment done
Event: 45.812 Loading class org/w3c/dom/DocumentFragment
Event: 45.812 Loading class org/w3c/dom/DocumentFragment done
Event: 45.813 Loading class org/w3c/dom/events/Event
Event: 45.813 Loading class org/w3c/dom/events/Event done
Event: 45.813 Loading class org/w3c/dom/traversal/NodeIterator
Event: 45.813 Loading class org/w3c/dom/traversal/NodeIterator done
Event: 45.813 Loading class org/w3c/dom/traversal/TreeWalker
Event: 45.813 Loading class org/w3c/dom/traversal/TreeWalker done
Event: 45.813 Loading class org/w3c/dom/ranges/Range
Event: 45.813 Loading class org/w3c/dom/ranges/Range done
Event: 45.813 Loading class org/w3c/dom/events/MutationEvent
Event: 45.813 Loading class org/w3c/dom/events/MutationEvent done
Event: 45.814 Loading class org/w3c/dom/events/EventException
Event: 45.814 Loading class org/w3c/dom/events/EventException done

Classes unloaded (20 events):
Event: 13.971 Thread 0x0000013ac1acbf60 Unloading class 0x000000010110a400 'java/lang/invoke/LambdaForm$DMH+0x000000010110a400'
Event: 13.971 Thread 0x0000013ac1acbf60 Unloading class 0x0000000101108800 'java/lang/invoke/LambdaForm$DMH+0x0000000101108800'
Event: 13.971 Thread 0x0000013ac1acbf60 Unloading class 0x000000010107d400 'java/lang/invoke/LambdaForm$DMH+0x000000010107d400'
Event: 13.971 Thread 0x0000013ac1acbf60 Unloading class 0x000000010107c800 'java/lang/invoke/LambdaForm$DMH+0x000000010107c800'
Event: 13.971 Thread 0x0000013ac1acbf60 Unloading class 0x000000010107c400 'java/lang/invoke/LambdaForm$DMH+0x000000010107c400'
Event: 13.971 Thread 0x0000013ac1acbf60 Unloading class 0x000000010107d000 'java/lang/invoke/LambdaForm$DMH+0x000000010107d000'
Event: 13.971 Thread 0x0000013ac1acbf60 Unloading class 0x000000010107cc00 'java/lang/invoke/LambdaForm$DMH+0x000000010107cc00'
Event: 14.779 Thread 0x0000013ac1acbf60 Unloading class 0x00000001012bec00 'java/lang/invoke/LambdaForm$DMH+0x00000001012bec00'
Event: 14.779 Thread 0x0000013ac1acbf60 Unloading class 0x00000001012be800 'java/lang/invoke/LambdaForm$DMH+0x00000001012be800'
Event: 14.779 Thread 0x0000013ac1acbf60 Unloading class 0x00000001012be400 'java/lang/invoke/LambdaForm$DMH+0x00000001012be400'
Event: 14.779 Thread 0x0000013ac1acbf60 Unloading class 0x00000001012be000 'java/lang/invoke/LambdaForm$DMH+0x00000001012be000'
Event: 14.779 Thread 0x0000013ac1acbf60 Unloading class 0x00000001012bdc00 'java/lang/invoke/LambdaForm$DMH+0x00000001012bdc00'
Event: 14.779 Thread 0x0000013ac1acbf60 Unloading class 0x00000001012bd800 'java/lang/invoke/LambdaForm$DMH+0x00000001012bd800'
Event: 14.779 Thread 0x0000013ac1acbf60 Unloading class 0x00000001012bc400 'java/lang/invoke/LambdaForm$DMH+0x00000001012bc400'
Event: 14.779 Thread 0x0000013ac1acbf60 Unloading class 0x00000001012bd400 'java/lang/invoke/LambdaForm$DMH+0x00000001012bd400'
Event: 14.779 Thread 0x0000013ac1acbf60 Unloading class 0x00000001012bd000 'java/lang/invoke/LambdaForm$DMH+0x00000001012bd000'
Event: 14.779 Thread 0x0000013ac1acbf60 Unloading class 0x00000001012bc800 'java/lang/invoke/LambdaForm$DMH+0x00000001012bc800'
Event: 14.779 Thread 0x0000013ac1acbf60 Unloading class 0x00000001012bcc00 'java/lang/invoke/LambdaForm$DMH+0x00000001012bcc00'
Event: 121.588 Thread 0x0000013ac1acbf60 Unloading class 0x000000010136c400 'java/lang/invoke/LambdaForm$DMH+0x000000010136c400'
Event: 1385.087 Thread 0x0000013ac1acbf60 Unloading class 0x0000000101414400 'java/lang/invoke/LambdaForm$DMH+0x0000000101414400'

Classes redefined (0 events):
No events

Internal exceptions (20 events):
Event: 1386.288 Thread 0x0000013ad30c27d0 Exception <a 'sun/nio/fs/WindowsException'{0x0000000093a97e88}> (0x0000000093a97e88) 
thrown [s\src\hotspot\share\prims\jni.cpp, line 535]
Event: 1386.375 Thread 0x0000013ad30c4210 Exception <a 'sun/nio/fs/WindowsException'{0x00000000934ae180}> (0x00000000934ae180) 
thrown [s\src\hotspot\share\prims\jni.cpp, line 535]
Event: 1386.429 Thread 0x0000013ad30c2140 Exception <a 'sun/nio/fs/WindowsException'{0x00000000931afa18}> (0x00000000931afa18) 
thrown [s\src\hotspot\share\prims\jni.cpp, line 535]
Event: 1386.948 Thread 0x0000013acbc366f0 Exception <a 'sun/nio/fs/WindowsException'{0x0000000092aa49d8}> (0x0000000092aa49d8) 
thrown [s\src\hotspot\share\prims\jni.cpp, line 535]
Event: 1387.029 Thread 0x0000013ad30a9780 Exception <a 'sun/nio/fs/WindowsException'{0x0000000091d8ed30}> (0x0000000091d8ed30) 
thrown [s\src\hotspot\share\prims\jni.cpp, line 535]
Event: 1387.029 Thread 0x0000013ad30a9780 Exception <a 'sun/nio/fs/WindowsException'{0x0000000091d8f810}> (0x0000000091d8f810) 
thrown [s\src\hotspot\share\prims\jni.cpp, line 535]
Event: 1387.029 Thread 0x0000013ad30a9780 Exception <a 'sun/nio/fs/WindowsException'{0x0000000091d9cde0}> (0x0000000091d9cde0) 
thrown [s\src\hotspot\share\prims\jni.cpp, line 535]
Event: 1387.029 Thread 0x0000013ad30a9780 Exception <a 'sun/nio/fs/WindowsException'{0x0000000091d9dbf8}> (0x0000000091d9dbf8) 
thrown [s\src\hotspot\share\prims\jni.cpp, line 535]
Event: 1387.030 Thread 0x0000013ad30a9780 Exception <a 'sun/nio/fs/WindowsException'{0x0000000091da7840}> (0x0000000091da7840) 
thrown [s\src\hotspot\share\prims\jni.cpp, line 535]
Event: 1555.849 Thread 0x0000013ad30a76b0 Exception <a 'sun/nio/fs/WindowsException'{0x0000000091524458}> (0x0000000091524458) 
thrown [s\src\hotspot\share\prims\jni.cpp, line 535]
Event: 1555.850 Thread 0x0000013ad30a76b0 Exception <a 'sun/nio/fs/WindowsException'{0x0000000091525820}> (0x0000000091525820) 
thrown [s\src\hotspot\share\prims\jni.cpp, line 535]
Event: 1555.850 Thread 0x0000013ad30a76b0 Exception <a 'sun/nio/fs/WindowsException'{0x0000000091526bd8}> (0x0000000091526bd8) 
thrown [s\src\hotspot\share\prims\jni.cpp, line 535]
Event: 1555.850 Thread 0x0000013ad30a76b0 Exception <a 'sun/nio/fs/WindowsException'{0x0000000091528208}> (0x0000000091528208) 
thrown [s\src\hotspot\share\prims\jni.cpp, line 535]
Event: 1556.094 Thread 0x0000013ad30a76b0 Exception <a 'java/lang/NoClassDefFoundError'{0x000000008f334198}: org/jetbrains/kotlin/gradle/plugin/KotlinBasePluginWrapper> (0x000000008f334198) 
thrown [s\src\hotspot\share\oops\constantPool.cpp, line 873]
Event: 1556.136 Thread 0x0000013ad30a76b0 Exception <a 'sun/nio/fs/WindowsException'{0x000000008f02a7b0}> (0x000000008f02a7b0) 
thrown [s\src\hotspot\share\prims\jni.cpp, line 535]
Event: 1556.136 Thread 0x0000013ad30a76b0 Exception <a 'sun/nio/fs/WindowsException'{0x000000008f02bce0}> (0x000000008f02bce0) 
thrown [s\src\hotspot\share\prims\jni.cpp, line 535]
Event: 1556.136 Thread 0x0000013ad30a76b0 Exception <a 'sun/nio/fs/WindowsException'{0x000000008f02d260}> (0x000000008f02d260) 
thrown [s\src\hotspot\share\prims\jni.cpp, line 535]
Event: 1556.136 Thread 0x0000013ad30a76b0 Exception <a 'sun/nio/fs/WindowsException'{0x000000008f02e7e0}> (0x000000008f02e7e0) 
thrown [s\src\hotspot\share\prims\jni.cpp, line 535]
Event: 1556.430 Thread 0x0000013acbc36d80 Exception <a 'sun/nio/fs/WindowsException'{0x0000000096115410}> (0x0000000096115410) 
thrown [s\src\hotspot\share\prims\jni.cpp, line 535]
Event: 1556.461 Thread 0x0000013acbc42bd0 Exception <a 'sun/nio/fs/WindowsException'{0x0000000095c27298}> (0x0000000095c27298) 
thrown [s\src\hotspot\share\prims\jni.cpp, line 535]

ZGC Phase Switch (0 events):
No events

VM Operations (20 events):
Event: 1385.678 Executing VM operation: ICBufferFull done
Event: 1386.015 Executing VM operation: ICBufferFull
Event: 1386.015 Executing VM operation: ICBufferFull done
Event: 1386.027 Executing VM operation: G1CollectForAllocation (G1 Evacuation Pause)
Event: 1386.033 Executing VM operation: G1CollectForAllocation (G1 Evacuation Pause) done
Event: 1386.322 Executing VM operation: ICBufferFull
Event: 1386.322 Executing VM operation: ICBufferFull done
Event: 1387.333 Executing VM operation: Cleanup
Event: 1387.333 Executing VM operation: Cleanup done
Event: 1391.377 Executing VM operation: Cleanup
Event: 1391.377 Executing VM operation: Cleanup done
Event: 1443.160 Executing VM operation: HandshakeAllThreads (HandshakeForDeflation)
Event: 1443.160 Executing VM operation: HandshakeAllThreads (HandshakeForDeflation) done
Event: 1443.160 Executing VM operation: RendezvousGCThreads
Event: 1443.160 Executing VM operation: RendezvousGCThreads done
Event: 1556.227 Executing VM operation: Cleanup
Event: 1556.227 Executing VM operation: Cleanup done
Event: 1556.266 Executing VM operation: G1CollectForAllocation (G1 Evacuation Pause)
Event: 1556.274 Executing VM operation: G1CollectForAllocation (G1 Evacuation Pause) done
Event: 1557.275 Executing VM operation: Cleanup

Memory protections (0 events):
No events

Nmethod flushes (20 events):
Event: 1385.116 Thread 0x0000013ac1acbf60 flushing  nmethod 0x0000013aacc3f510
Event: 1385.116 Thread 0x0000013ac1acbf60 flushing  nmethod 0x0000013aacc42d10
Event: 1385.116 Thread 0x0000013ac1acbf60 flushing  nmethod 0x0000013aaccc0290
Event: 1385.116 Thread 0x0000013ac1acbf60 flushing  nmethod 0x0000013aaccc2b90
Event: 1385.116 Thread 0x0000013ac1acbf60 flushing  nmethod 0x0000013aaccc5010
Event: 1385.116 Thread 0x0000013ac1acbf60 flushing  nmethod 0x0000013aaccc5510
Event: 1385.116 Thread 0x0000013ac1acbf60 flushing  nmethod 0x0000013aaccc7710
Event: 1385.116 Thread 0x0000013ac1acbf60 flushing  nmethod 0x0000013aace46f10
Event: 1385.116 Thread 0x0000013ac1acbf60 flushing  nmethod 0x0000013aad0c3e10
Event: 1385.116 Thread 0x0000013ac1acbf60 flushing  nmethod 0x0000013aad0c5810
Event: 1385.116 Thread 0x0000013ac1acbf60 flushing  nmethod 0x0000013aad0c6090
Event: 1385.116 Thread 0x0000013ac1acbf60 flushing  nmethod 0x0000013aad102590
Event: 1385.116 Thread 0x0000013ac1acbf60 flushing  nmethod 0x0000013aad102a90
Event: 1385.116 Thread 0x0000013ac1acbf60 flushing  nmethod 0x0000013aad104c90
Event: 1385.116 Thread 0x0000013ac1acbf60 flushing  nmethod 0x0000013aad105510
Event: 1385.116 Thread 0x0000013ac1acbf60 flushing  nmethod 0x0000013aad293910
Event: 1385.116 Thread 0x0000013ac1acbf60 flushing  nmethod 0x0000013aad29a990
Event: 1385.116 Thread 0x0000013ac1acbf60 flushing  nmethod 0x0000013aad29ad90
Event: 1385.116 Thread 0x0000013ac1acbf60 flushing  nmethod 0x0000013aad375c10
Event: 1385.116 Thread 0x0000013ac1acbf60 flushing  nmethod 0x0000013aad376290

Events (20 events):
Event: 1556.410 Thread 0x0000013acbc36d80 Thread added: 0x0000013acdcaead0
Event: 1556.410 Thread 0x0000013acbc36d80 Thread added: 0x0000013acdcb3990
Event: 1556.410 Thread 0x0000013acbc36d80 Thread added: 0x0000013acdcb25e0
Event: 1556.410 Thread 0x0000013acbc36d80 Thread added: 0x0000013acdcb4020
Event: 1556.411 Thread 0x0000013acbc36d80 Thread added: 0x0000013acdcb5a60
Event: 1556.411 Thread 0x0000013acbc36d80 Thread added: 0x0000013acdcb2c70
Event: 1556.411 Thread 0x0000013acbc36d80 Thread added: 0x0000013acdcb3300
Event: 1556.411 Thread 0x0000013acbc36d80 Thread added: 0x0000013acdcb60f0
Event: 1556.411 Thread 0x0000013acbc36d80 Thread added: 0x0000013acdcb18c0
Event: 1556.411 Thread 0x0000013acbc36d80 Thread added: 0x0000013acdcb74a0
Event: 1556.411 Thread 0x0000013acbc36d80 Thread added: 0x0000013acdcb7b30
Event: 1556.412 Thread 0x0000013acbc36d80 Thread added: 0x0000013acdcb6780
Event: 1556.454 Thread 0x0000013acbc42bd0 Thread added: 0x0000013acdcb46b0
Event: 1556.455 Thread 0x0000013acbc42bd0 Thread added: 0x0000013acdcbb640
Event: 1556.455 Thread 0x0000013acbc42bd0 Thread added: 0x0000013acdcbafb0
Event: 1556.455 Thread 0x0000013acbc42bd0 Thread added: 0x0000013acdcb9570
Event: 1556.455 Thread 0x0000013acbc42bd0 Thread added: 0x0000013acdcb81c0
Event: 1556.455 Thread 0x0000013acbc42bd0 Thread added: 0x0000013acdcb9c00
Event: 1556.455 Thread 0x0000013acbc42bd0 Thread added: 0x0000013acdcba290
Event: 1556.455 Thread 0x0000013acbc42bd0 Thread added: 0x0000013acdcb8850


Dynamic libraries:
0x00007ff696bc0000 - 0x00007ff696bca000 	D:\Program Files\Android\Android Studio\jbr\bin\java.exe
0x00007ff9d9e00000 - 0x00007ff9da066000 	C:\WINDOWS\SYSTEM32\ntdll.dll
0x00007ff9d7b90000 - 0x00007ff9d7c59000 	C:\WINDOWS\System32\KERNEL32.DLL
0x00007ff9d6ff0000 - 0x00007ff9d73bc000 	C:\WINDOWS\System32\KERNELBASE.dll
0x00007ff9d75c0000 - 0x00007ff9d770b000 	C:\WINDOWS\System32\ucrtbase.dll
0x00007ff9ce1e0000 - 0x00007ff9ce1fb000 	D:\Program Files\Android\Android Studio\jbr\bin\VCRUNTIME140.dll
0x00007ff9b9830000 - 0x00007ff9b9848000 	D:\Program Files\Android\Android Studio\jbr\bin\jli.dll
0x00007ff9d9a20000 - 0x00007ff9d9bea000 	C:\WINDOWS\System32\USER32.dll
0x00007ff9bb3f0000 - 0x00007ff9bb68a000 	C:\WINDOWS\WinSxS\amd64_microsoft.windows.common-controls_6595b64144ccf1df_6.0.26100.3912_none_3e07963ce335137e\COMCTL32.dll
0x00007ff9d84a0000 - 0x00007ff9d8549000 	C:\WINDOWS\System32\msvcrt.dll
0x00007ff9d8550000 - 0x00007ff9d857b000 	C:\WINDOWS\System32\GDI32.dll
0x00007ff9d7930000 - 0x00007ff9d7957000 	C:\WINDOWS\System32\win32u.dll
0x00007ff9d7480000 - 0x00007ff9d75b2000 	C:\WINDOWS\System32\gdi32full.dll
0x00007ff9d7ae0000 - 0x00007ff9d7b83000 	C:\WINDOWS\System32\msvcp_win.dll
0x00007ff9d8080000 - 0x00007ff9d80b0000 	C:\WINDOWS\System32\IMM32.DLL
0x00007ff9d2af0000 - 0x00007ff9d2afc000 	D:\Program Files\Android\Android Studio\jbr\bin\vcruntime140_1.dll
0x00007ff9854b0000 - 0x00007ff98553d000 	D:\Program Files\Android\Android Studio\jbr\bin\msvcp140.dll
0x00007ff8fa350000 - 0x00007ff8fafda000 	D:\Program Files\Android\Android Studio\jbr\bin\server\jvm.dll
0x00007ff9d8680000 - 0x00007ff9d8732000 	C:\WINDOWS\System32\ADVAPI32.dll
0x00007ff9d7cf0000 - 0x00007ff9d7d96000 	C:\WINDOWS\System32\sechost.dll
0x00007ff9d9900000 - 0x00007ff9d9a16000 	C:\WINDOWS\System32\RPCRT4.dll
0x00007ff9d7ff0000 - 0x00007ff9d8064000 	C:\WINDOWS\System32\WS2_32.dll
0x00007ff9cd460000 - 0x00007ff9cd496000 	C:\WINDOWS\SYSTEM32\WINMM.dll
0x00007ff9d5bb0000 - 0x00007ff9d5c0e000 	C:\WINDOWS\SYSTEM32\POWRPROF.dll
0x00007ff9ce3c0000 - 0x00007ff9ce3cb000 	C:\WINDOWS\SYSTEM32\VERSION.dll
0x00007ff9d5b90000 - 0x00007ff9d5ba4000 	C:\WINDOWS\SYSTEM32\UMPDC.dll
0x00007ff9d5e40000 - 0x00007ff9d5e5a000 	C:\WINDOWS\SYSTEM32\kernel.appcore.dll
0x00007ff9d0990000 - 0x00007ff9d099a000 	D:\Program Files\Android\Android Studio\jbr\bin\jimage.dll
0x00007ff9d3e20000 - 0x00007ff9d4061000 	C:\WINDOWS\SYSTEM32\DBGHELP.DLL
0x00007ff9d8e70000 - 0x00007ff9d91f4000 	C:\WINDOWS\System32\combase.dll
0x00007ff9d9bf0000 - 0x00007ff9d9cd0000 	C:\WINDOWS\System32\OLEAUT32.dll
0x00007ff9b2050000 - 0x00007ff9b2089000 	C:\WINDOWS\SYSTEM32\dbgcore.DLL
0x00007ff9d7890000 - 0x00007ff9d7929000 	C:\WINDOWS\System32\bcryptPrimitives.dll
0x00007ff9c4ff0000 - 0x00007ff9c4ffe000 	D:\Program Files\Android\Android Studio\jbr\bin\instrument.dll
0x00007ff9a5a60000 - 0x00007ff9a5a80000 	D:\Program Files\Android\Android Studio\jbr\bin\java.dll
0x00007ff9a4f60000 - 0x00007ff9a4f78000 	D:\Program Files\Android\Android Studio\jbr\bin\zip.dll
0x00007ff9d8740000 - 0x00007ff9d8e6d000 	C:\WINDOWS\System32\SHELL32.dll
0x00007ff9d7710000 - 0x00007ff9d7884000 	C:\WINDOWS\System32\wintypes.dll
0x00007ff9d4c10000 - 0x00007ff9d5466000 	C:\WINDOWS\SYSTEM32\windows.storage.dll
0x00007ff9d80c0000 - 0x00007ff9d81af000 	C:\WINDOWS\System32\SHCORE.dll
0x00007ff9d8420000 - 0x00007ff9d8489000 	C:\WINDOWS\System32\shlwapi.dll
0x00007ff9d6e70000 - 0x00007ff9d6e9f000 	C:\WINDOWS\SYSTEM32\profapi.dll
0x00007ff9d0940000 - 0x00007ff9d0950000 	D:\Program Files\Android\Android Studio\jbr\bin\net.dll
0x00007ff9cff90000 - 0x00007ff9d00ae000 	C:\WINDOWS\SYSTEM32\WINHTTP.dll
0x00007ff9d63b0000 - 0x00007ff9d641a000 	C:\WINDOWS\system32\mswsock.dll
0x00007ff9a4740000 - 0x00007ff9a4756000 	D:\Program Files\Android\Android Studio\jbr\bin\nio.dll
0x00007ff9a9620000 - 0x00007ff9a9630000 	D:\Program Files\Android\Android Studio\jbr\bin\verify.dll
0x00007ff9d2b00000 - 0x00007ff9d2b27000 	C:\Users\1\.gradle\native\c067742578af261105cb4f569cf0c3c89f3d7b1fecec35dd04571415982c5e48\windows-amd64\native-platform.dll
0x00007ff95e940000 - 0x00007ff95ea84000 	C:\Users\1\.gradle\native\100fb08df4bc3b14c8652ba06237920a3bd2aa13389f12d3474272988ae205f9\windows-amd64\native-platform-file-events.dll
0x00007ff9c0090000 - 0x00007ff9c0099000 	D:\Program Files\Android\Android Studio\jbr\bin\management.dll
0x00007ff9bce60000 - 0x00007ff9bce6b000 	D:\Program Files\Android\Android Studio\jbr\bin\management_ext.dll
0x00007ff9d8070000 - 0x00007ff9d8078000 	C:\WINDOWS\System32\PSAPI.DLL
0x00007ff9d6650000 - 0x00007ff9d666c000 	C:\WINDOWS\SYSTEM32\CRYPTSP.dll
0x00007ff9d5da0000 - 0x00007ff9d5dda000 	C:\WINDOWS\system32\rsaenh.dll
0x00007ff9d6450000 - 0x00007ff9d647b000 	C:\WINDOWS\SYSTEM32\USERENV.dll
0x00007ff9d6e40000 - 0x00007ff9d6e66000 	C:\WINDOWS\SYSTEM32\bcrypt.dll
0x00007ff9d6670000 - 0x00007ff9d667c000 	C:\WINDOWS\SYSTEM32\CRYPTBASE.dll
0x00007ff9d58a0000 - 0x00007ff9d58d3000 	C:\WINDOWS\SYSTEM32\IPHLPAPI.DLL
0x00007ff9d8490000 - 0x00007ff9d849a000 	C:\WINDOWS\System32\NSI.dll
0x00007ff9ce1d0000 - 0x00007ff9ce1d9000 	D:\Program Files\Android\Android Studio\jbr\bin\extnet.dll
0x00007ff99b260000 - 0x00007ff99b268000 	C:\WINDOWS\system32\wshunix.dll
0x00007ff9d5f60000 - 0x00007ff9d5f95000 	C:\WINDOWS\SYSTEM32\ntmarta.dll

dbghelp: loaded successfully - version: 4.0.5 - missing functions: none
symbol engine: initialized successfully - sym options: 0x614 - pdb path: .;D:\Program Files\Android\Android Studio\jbr\bin;C:\WINDOWS\SYSTEM32;C:\WINDOWS\WinSxS\amd64_microsoft.windows.common-controls_6595b64144ccf1df_6.0.26100.3912_none_3e07963ce335137e;D:\Program Files\Android\Android Studio\jbr\bin\server;C:\Users\1\.gradle\native\c067742578af261105cb4f569cf0c3c89f3d7b1fecec35dd04571415982c5e48\windows-amd64;C:\Users\1\.gradle\native\100fb08df4bc3b14c8652ba06237920a3bd2aa13389f12d3474272988ae205f9\windows-amd64

VM Arguments:
jvm_args: --add-opens=java.base/java.util=ALL-UNNAMED --add-opens=java.base/java.lang=ALL-UNNAMED --add-opens=java.base/java.lang.invoke=ALL-UNNAMED --add-opens=java.prefs/java.util.prefs=ALL-UNNAMED --add-exports=jdk.compiler/com.sun.tools.javac.api=ALL-UNNAMED --add-exports=jdk.compiler/com.sun.tools.javac.util=ALL-UNNAMED --add-opens=java.base/java.nio.charset=ALL-UNNAMED --add-opens=java.base/java.net=ALL-UNNAMED --add-opens=java.base/java.util.concurrent.atomic=ALL-UNNAMED -Xmx2048m -Dfile.encoding=UTF-8 -Duser.country=CN -Duser.language=zh -Duser.variant -javaagent:C:\Users\1\.gradle\wrapper\dists\gradle-8.10-bin\deqhafrv1ntovfmgh0nh3npr9\gradle-8.10\lib\agents\gradle-instrumentation-agent-8.10.jar 
java_command: org.gradle.launcher.daemon.bootstrap.GradleDaemon 8.10
java_class_path (initial): C:\Users\1\.gradle\wrapper\dists\gradle-8.10-bin\deqhafrv1ntovfmgh0nh3npr9\gradle-8.10\lib\gradle-daemon-main-8.10.jar
Launcher Type: SUN_STANDARD

[Global flags]
     intx CICompilerCount                          = 15                                        {product} {ergonomic}
     uint ConcGCThreads                            = 6                                         {product} {ergonomic}
     uint G1ConcRefinementThreads                  = 23                                        {product} {ergonomic}
   size_t G1HeapRegionSize                         = 1048576                                   {product} {ergonomic}
    uintx GCDrainStackTargetSize                   = 64                                        {product} {ergonomic}
   size_t InitialHeapSize                          = 532676608                                 {product} {ergonomic}
   size_t MarkStackSize                            = 4194304                                   {product} {ergonomic}
   size_t MaxHeapSize                              = 2147483648                                {product} {command line}
   size_t MaxNewSize                               = 1287651328                                {product} {ergonomic}
   size_t MinHeapDeltaBytes                        = 1048576                                   {product} {ergonomic}
   size_t MinHeapSize                              = 8388608                                   {product} {ergonomic}
    uintx NonNMethodCodeHeapSize                   = 8192380                                {pd product} {ergonomic}
    uintx NonProfiledCodeHeapSize                  = 121732930                              {pd product} {ergonomic}
    uintx ProfiledCodeHeapSize                     = 121732930                              {pd product} {ergonomic}
    uintx ReservedCodeCacheSize                    = 251658240                              {pd product} {ergonomic}
     bool SegmentedCodeCache                       = true                                      {product} {ergonomic}
   size_t SoftMaxHeapSize                          = 2147483648                             {manageable} {ergonomic}
     bool UseCompressedOops                        = true                           {product lp64_product} {ergonomic}
     bool UseG1GC                                  = true                                      {product} {ergonomic}
     bool UseLargePagesIndividualAllocation        = false                                  {pd product} {ergonomic}

Logging:
Log output configuration:
 #0: stdout all=warning uptime,level,tags foldmultilines=false
 #1: stderr all=off uptime,level,tags foldmultilines=false

Environment Variables:
PATH=C:\WINDOWS\system32;C:\WINDOWS;C:\WINDOWS\System32\Wbem;C:\WINDOWS\System32\WindowsPowerShell\v1.0\;C:\WINDOWS\System32\OpenSSH\;C:\Program Files (x86)\NVIDIA Corporation\PhysX\Common;C:\Program Files\NVIDIA Corporation\NVIDIA NvDLISR;C:\Program Files\dotnet\;C:\Program Files (x86)\Incredibuild;D:\Windows Kits\10\Windows Performance Toolkit\;C:\Program Files\Netease\MuMu Player 12\shell;D:\Program Files\JetBrains\IntelliJ IDEA 2024.3.5\jbr\bin;C:\Users\1\PyCharmMiscProject\.venv\Scripts;C:\Users\1\AppData\Local\Programs\Python\Launcher\;C:\Users\1\AppData\Local\Microsoft\WindowsApps;D:\Program Files\JetBrains\IntelliJ IDEA 2024.3.5\bin;;D:\Program Files\JetBrains\WebStorm 2024.3.5\bin;;C:\Program Files\JetBrains\PyCharm 2024.3.5\bin;;C:\Users\1\.dotnet\tools
USERNAME=1
OS=Windows_NT
PROCESSOR_IDENTIFIER=Intel64 Family 6 Model 183 Stepping 1, GenuineIntel
TMP=C:\Users\1\AppData\Local\Temp
TEMP=C:\Users\1\AppData\Local\Temp




Periodic native trim disabled

JNI global refs:
JNI global refs: 43, weak refs: 4

JNI global refs memory usage: 835, weak refs: 833

Process memory usage:
Resident Set Size: 802024K (2% of 33163800K total physical memory with 1175724K free physical memory)

OOME stack traces (most recent first):
Classloader memory used:
Loader org.gradle.internal.classloader.VisitableURLClassLoader$InstrumentingVisitableURLClassLoader: 54936K
Loader org.gradle.internal.classloader.VisitableURLClassLoader                         : 42554K
Loader bootstrap                                                                       : 31730K
Loader org.gradle.initialization.MixInLegacyTypesClassLoader                           : 12152K
Loader jdk.internal.loader.ClassLoaders$AppClassLoader                                 : 10968K
Loader jdk.internal.loader.ClassLoaders$PlatformClassLoader                            : 779K
Loader jdk.internal.jrtfs.JrtFileSystemProvider$JrtFsLoader                            : 596K
Loader jdk.internal.reflect.DelegatingClassLoader                                      : 400K
Loader org.gradle.groovy.scripts.internal.DefaultScriptCompilationHandler$ScriptClassLoader: 257K
Loader org.gradle.internal.classloader.VisitableURLClassLoader                         : 55904B
Loader org.codehaus.groovy.runtime.callsite.CallSiteClassLoader                        : 12584B
Loader sun.reflect.misc.MethodUtil                                                     : 2992B

Classes loaded by more than one classloader:
Class jdk.internal.jrtfs.JrtDirectoryStream                                           : loaded 3 times (x 85B)
Class jdk.internal.jimage.ImageStrings                                                : loaded 3 times (x 66B)
Class jdk.internal.jimage.ImageReader$Directory                                       : loaded 3 times (x 80B)
Class jdk.internal.jimage.ImageReader$SharedImageReader$LocationVisitor               : loaded 3 times (x 66B)
Class jdk.internal.jimage.BasicImageReader                                            : loaded 3 times (x 91B)
Class jdk.internal.jrtfs.JrtPath                                                      : loaded 3 times (x 114B)
Class jdk.internal.jimage.ImageBufferCache                                            : loaded 3 times (x 67B)
Class jdk.internal.jrtfs.JrtFileAttributes                                            : loaded 3 times (x 79B)
Class jdk.internal.jimage.ImageReader$Resource                                        : loaded 3 times (x 80B)
Class jdk.internal.jimage.decompressor.Decompressor                                   : loaded 3 times (x 68B)
Class jdk.internal.jimage.BasicImageReader$1                                          : loaded 3 times (x 73B)
Class jdk.internal.jimage.ImageReader$Node                                            : loaded 3 times (x 80B)
Class jdk.internal.jimage.ImageReader$SharedImageReader                               : loaded 3 times (x 91B)
Class jdk.internal.jimage.ImageReader                                                 : loaded 3 times (x 71B)
Class jdk.internal.jrtfs.JrtFileSystem                                                : loaded 3 times (x 98B)
Class jdk.internal.jimage.ImageStringsReader                                          : loaded 3 times (x 76B)
Class jdk.internal.jimage.ImageHeader                                                 : loaded 3 times (x 67B)
Class jdk.internal.jimage.ImageBufferCache$2                                          : loaded 3 times (x 87B)
Class jdk.internal.jimage.ImageBufferCache$1                                          : loaded 3 times (x 79B)
Class jdk.internal.jimage.ImageLocation                                               : loaded 3 times (x 86B)
Class jdk.internal.jrtfs.JrtDirectoryStream$1                                         : loaded 3 times (x 79B)
Class jdk.internal.jrtfs.JrtFileSystemProvider                                        : loaded 3 times (x 97B)
Class jdk.internal.jrtfs.SystemImage$2                                                : loaded 3 times (x 72B)
Class jdk.internal.jrtfs.SystemImage$1                                                : loaded 3 times (x 74B)
Class jdk.internal.jrtfs.SystemImage                                                  : loaded 3 times (x 70B)
Class org.gradle.internal.classloader.DefaultClassLoaderFactory                       : loaded 2 times (x 78B)
Class [Lcom.google.common.collect.AbstractIterator$State;                             : loaded 2 times (x 65B)
Class com.google.common.collect.ReverseNaturalOrdering                                : loaded 2 times (x 110B)
Class com.google.common.base.CharMatcher$None                                         : loaded 2 times (x 108B)
Class org.gradle.internal.classloader.ClassLoaderVisitor                              : loaded 2 times (x 72B)
Class jdk.internal.jrtfs.ExplodedImage                                                : loaded 2 times (x 73B)
Class com.google.common.collect.Ordering                                              : loaded 2 times (x 110B)
Class [Lcom.google.common.collect.ImmutableMapEntry;                                  : loaded 2 times (x 65B)
Class org.gradle.api.internal.classpath.EffectiveClassPath                            : loaded 2 times (x 86B)
Class com.google.common.collect.CollectSpliterators$1WithCharacteristics              : loaded 2 times (x 86B)
Class com.google.common.collect.AbstractIterator$1                                    : loaded 2 times (x 67B)
Class com.google.common.collect.ImmutableRangeSet                                     : loaded 2 times (x 111B)
Class org.apache.commons.io.output.StringBuilderWriter                                : loaded 2 times (x 96B)
Class com.google.common.collect.ImmutableEnumMap                                      : loaded 2 times (x 121B)
Class com.google.common.collect.ListMultimap                                          : loaded 2 times (x 66B)
Class com.google.common.collect.ComparatorOrdering                                    : loaded 2 times (x 111B)
Class com.google.common.collect.Sets$1                                                : loaded 2 times (x 135B)
Class org.objectweb.asm.AnnotationVisitor                                             : loaded 2 times (x 73B)
Class com.google.common.base.Splitter                                                 : loaded 2 times (x 68B)
Class org.gradle.api.internal.DefaultClassPathProvider                                : loaded 2 times (x 72B)
Class com.google.common.collect.Maps$ViewCachingAbstractMap                           : loaded 2 times (x 121B)
Class [Lcom.google.common.base.Function;                                              : loaded 2 times (x 65B)
Class com.google.common.collect.NaturalOrdering                                       : loaded 2 times (x 111B)
Class com.google.common.collect.Sets$2                                                : loaded 2 times (x 135B)
Class [Lorg.gradle.api.internal.ClassPathProvider;                                    : loaded 2 times (x 65B)
Class org.gradle.api.internal.ClassPathProvider                                       : loaded 2 times (x 66B)
Class com.google.common.base.Suppliers                                                : loaded 2 times (x 67B)
Class com.google.common.reflect.Types$ClassOwnership$1                                : loaded 2 times (x 76B)
Class [Lorg.objectweb.asm.AnnotationVisitor;                                          : loaded 2 times (x 65B)
Class com.google.common.collect.Sets$3                                                : loaded 2 times (x 135B)
Class com.google.common.util.concurrent.AbstractFuture$SafeAtomicHelper               : loaded 2 times (x 75B)
Class com.google.common.cache.LocalCache$LocalLoadingCache                            : loaded 2 times (x 130B)
Class com.google.common.base.AbstractIterator$State                                   : loaded 2 times (x 75B)
Class org.gradle.internal.service.UnknownServiceException                             : loaded 2 times (x 79B)
Class com.google.common.reflect.Types$ClassOwnership$2                                : loaded 2 times (x 76B)
Class com.google.common.reflect.TypeResolver                                          : loaded 2 times (x 68B)
Class com.google.common.collect.Sets$4                                                : loaded 2 times (x 135B)
Class org.objectweb.asm.ModuleVisitor                                                 : loaded 2 times (x 76B)
Class com.google.common.cache.LocalCache$Strength$1                                   : loaded 2 times (x 77B)
Class com.google.common.reflect.Types$ClassOwnership$3                                : loaded 2 times (x 67B)
Class com.google.common.collect.Collections2$FilteredCollection                       : loaded 2 times (x 115B)
Class com.google.common.util.concurrent.SettableFuture                                : loaded 2 times (x 110B)
Class com.google.common.cache.LocalCache$Strength$2                                   : loaded 2 times (x 77B)
Class jdk.internal.jrtfs.JrtFileStore                                                 : loaded 2 times (x 79B)
Class com.google.common.collect.TransformedIterator                                   : loaded 2 times (x 76B)
Class [Lcom.google.common.collect.Maps$EntryFunction;                                 : loaded 2 times (x 65B)
Class com.google.common.collect.AllEqualOrdering                                      : loaded 2 times (x 110B)
Class com.google.common.cache.LocalCache$Strength$3                                   : loaded 2 times (x 77B)
Class com.google.common.collect.MapDifference                                         : loaded 2 times (x 66B)
Class com.google.common.base.Splitter$1                                               : loaded 2 times (x 73B)
Class jdk.internal.jimage.ImageReader$LinkNode                                        : loaded 2 times (x 80B)
Class com.google.common.reflect.Invokable                                             : loaded 2 times (x 99B)
Class org.objectweb.asm.FieldWriter                                                   : loaded 2 times (x 73B)
Class com.google.common.cache.CacheBuilder$NullListener                               : loaded 2 times (x 78B)
Class org.gradle.internal.classpath.TransformedClassPath                              : loaded 2 times (x 92B)
Class org.gradle.internal.classloader.InstrumentingClassLoader                        : loaded 2 times (x 66B)
Class [Lcom.google.common.cache.CacheBuilder$OneWeigher;                              : loaded 2 times (x 65B)
Class com.google.common.reflect.Types$ParameterizedTypeImpl                           : loaded 2 times (x 77B)
Class com.google.common.collect.Maps$IteratorBasedAbstractMap$1                       : loaded 2 times (x 134B)
Class com.google.common.collect.ImmutableRangeSet$AsSet                               : loaded 2 times (x 295B)
Class com.google.common.cache.CacheLoader$FunctionToCacheLoader                       : loaded 2 times (x 71B)
Class com.google.common.collect.Iterators$ArrayItr                                    : loaded 2 times (x 93B)
Class com.google.common.collect.ImmutableCollection$Builder                           : loaded 2 times (x 72B)
Class com.google.common.base.Platform$JdkPatternCompiler                              : loaded 2 times (x 71B)
Class com.google.common.reflect.TypeResolver$TypeVariableKey                          : loaded 2 times (x 68B)
Class org.apache.commons.io.output.ByteArrayOutputStream                              : loaded 2 times (x 88B)
Class com.google.common.base.Joiner                                                   : loaded 2 times (x 75B)
Class com.google.common.base.MoreObjects                                              : loaded 2 times (x 67B)
Class [Lorg.objectweb.asm.Type;                                                       : loaded 2 times (x 65B)
Class com.google.common.collect.Platform                                              : loaded 2 times (x 67B)
Class com.google.common.collect.UnmodifiableIterator                                  : loaded 2 times (x 76B)
Class org.gradle.internal.service.ServiceLocator                                      : loaded 2 times (x 66B)
Class org.objectweb.asm.MethodTooLargeException                                       : loaded 2 times (x 79B)
Class com.google.common.collect.SingletonImmutableBiMap                               : loaded 2 times (x 139B)
Class com.google.common.collect.HashBiMap$BiEntry                                     : loaded 2 times (x 79B)
Class com.google.common.base.Ascii                                                    : loaded 2 times (x 67B)
Class com.google.common.cache.LocalCache$1                                            : loaded 2 times (x 85B)
Class com.google.common.collect.AbstractMapEntry                                      : loaded 2 times (x 77B)
Class com.google.common.reflect.TypeToken$SimpleTypeToken                             : loaded 2 times (x 69B)
Class com.google.common.collect.AbstractSetMultimap                                   : loaded 2 times (x 170B)
Class com.google.common.collect.Sets$ImprovedAbstractSet                              : loaded 2 times (x 131B)
Class com.google.common.collect.ImmutableList$Builder                                 : loaded 2 times (x 73B)
Class com.google.common.cache.LocalCache$2                                            : loaded 2 times (x 138B)
Class com.google.common.collect.AbstractMultimap                                      : loaded 2 times (x 119B)
Class com.google.common.collect.ImmutableRangeSet$1                                   : loaded 2 times (x 205B)
Class com.google.common.util.concurrent.AbstractFuture$UnsafeAtomicHelper$1           : loaded 2 times (x 72B)
Class com.google.common.collect.RegularImmutableAsList                                : loaded 2 times (x 212B)
Class com.google.common.base.Optional                                                 : loaded 2 times (x 76B)
Class com.google.common.collect.Range                                                 : loaded 2 times (x 83B)
Class com.google.common.util.concurrent.AbstractFuture$Trusted                        : loaded 2 times (x 66B)
Class com.google.common.collect.Iterators                                             : loaded 2 times (x 67B)
Class com.google.common.base.CharMatcher$RangesMatcher                                : loaded 2 times (x 108B)
Class com.google.common.collect.UnmodifiableListIterator                              : loaded 2 times (x 91B)
Class org.objectweb.asm.ClassVisitor                                                  : loaded 2 times (x 83B)
Class build_58djzjmaqq4sjyfz12072dr7f                                                 : loaded 2 times (x 176B)
Class com.google.common.io.ByteSink$AsCharSink                                        : loaded 2 times (x 76B)
Class com.google.common.collect.ExplicitOrdering                                      : loaded 2 times (x 111B)
Class com.google.common.util.concurrent.UncheckedExecutionException                   : loaded 2 times (x 78B)
Class com.google.common.collect.Lists$StringAsImmutableList                           : loaded 2 times (x 203B)
Class com.google.common.collect.ImmutableSortedSetFauxverideShim                      : loaded 2 times (x 143B)
Class com.google.common.base.CharMatcher$JavaLetterOrDigit                            : loaded 2 times (x 107B)
Class org.gradle.internal.InternalTransformer                                         : loaded 2 times (x 66B)
Class [Lorg.objectweb.asm.Symbol;                                                     : loaded 2 times (x 65B)
Class com.google.common.collect.HashMultimapGwtSerializationDependencies              : loaded 2 times (x 170B)
Class com.google.common.collect.AbstractMapBasedMultimap$KeySet$1                     : loaded 2 times (x 78B)
Class org.objectweb.asm.ClassWriter                                                   : loaded 2 times (x 100B)
Class com.google.common.cache.CacheLoader$UnsupportedLoadingOperationException        : loaded 2 times (x 78B)
Class com.google.common.base.CharMatcher$And                                          : loaded 2 times (x 108B)
Class org.gradle.internal.classloader.ClasspathUtil$1                                 : loaded 2 times (x 72B)
Class com.google.common.reflect.TypeCapture                                           : loaded 2 times (x 67B)
Class com.google.common.collect.FluentIterable$1                                      : loaded 2 times (x 77B)
Class com.google.common.base.Objects                                                  : loaded 2 times (x 67B)
Class org.objectweb.asm.FieldVisitor                                                  : loaded 2 times (x 72B)
Class com.google.common.collect.IndexedImmutableSet                                   : loaded 2 times (x 146B)
Class com.google.common.collect.ImmutableMap$1                                        : loaded 2 times (x 77B)
Class com.google.common.collect.BiMap                                                 : loaded 2 times (x 66B)
Class org.gradle.api.internal.classpath.DefaultModuleRegistry$DefaultModule           : loaded 2 times (x 82B)
Class com.google.common.reflect.Reflection                                            : loaded 2 times (x 67B)
Class com.google.common.collect.FluentIterable$2                                      : loaded 2 times (x 77B)
Class com.google.common.base.Absent                                                   : loaded 2 times (x 76B)
Class com.google.common.collect.NullsFirstOrdering                                    : loaded 2 times (x 111B)
Class com.google.common.primitives.Ints                                               : loaded 2 times (x 67B)
Class com.google.common.collect.AbstractIterator                                      : loaded 2 times (x 78B)
Class com.google.common.collect.FluentIterable$3                                      : loaded 2 times (x 77B)
Class com.google.common.math.MathPreconditions                                        : loaded 2 times (x 67B)
Class com.google.common.collect.Multiset                                              : loaded 2 times (x 66B)
Class com.google.common.collect.ArrayListMultimapGwtSerializationDependencies         : loaded 2 times (x 168B)
Class com.google.common.collect.ObjectArrays                                          : loaded 2 times (x 67B)
Class com.google.common.collect.AbstractIndexedListIterator                           : loaded 2 times (x 92B)
Class com.google.common.collect.ImmutableMapEntrySet                                  : loaded 2 times (x 147B)
Class org.gradle.api.internal.classpath.Module                                        : loaded 2 times (x 66B)
Class com.google.common.cache.Weigher                                                 : loaded 2 times (x 66B)
Class settings_98rtivzum4d25josyyxxs2odq                                              : loaded 2 times (x 175B)
Class org.gradle.api.internal.classpath.UnknownModuleException                        : loaded 2 times (x 78B)
Class com.google.common.collect.ImmutableMap$MapViewOfValuesAsSingletonSets           : loaded 2 times (x 121B)
Class com.google.common.base.Stopwatch                                                : loaded 2 times (x 68B)
Class com.google.common.cache.LocalCache$Strength                                     : loaded 2 times (x 77B)
Class com.google.common.cache.Cache                                                   : loaded 2 times (x 66B)
Class build_58djzjmaqq4sjyfz12072dr7f$_run_closure1                                   : loaded 2 times (x 135B)
Class com.google.common.io.Files$2                                                    : loaded 2 times (x 72B)
Class com.google.common.util.concurrent.AbstractFuture$Cancellation                   : loaded 2 times (x 68B)
Class com.google.common.collect.ImmutableMap$Builder                                  : loaded 2 times (x 78B)
Class com.google.common.base.NullnessCasts                                            : loaded 2 times (x 67B)
Class com.google.common.collect.Maps$EntryFunction$1                                  : loaded 2 times (x 87B)
Class com.google.common.base.Present                                                  : loaded 2 times (x 77B)
Class com.google.common.collect.AbstractMapBasedMultimap$WrappedCollection$WrappedIterator: loaded 2 times (x 80B)
Class com.google.common.cache.RemovalListener                                         : loaded 2 times (x 66B)
Class org.gradle.api.internal.DefaultClassPathRegistry                                : loaded 2 times (x 72B)
Class com.google.common.reflect.Invokable$ConstructorInvokable                        : loaded 2 times (x 103B)
Class com.google.common.collect.Maps$EntryFunction$2                                  : loaded 2 times (x 87B)
Class com.google.common.primitives.IntsMethodsForWeb                                  : loaded 2 times (x 67B)
Class com.google.common.collect.Multimap                                              : loaded 2 times (x 66B)
Class org.gradle.api.internal.ClassPathRegistry                                       : loaded 2 times (x 66B)
Class org.gradle.internal.classpath.DefaultClassPath$ImmutableUniqueList              : loaded 2 times (x 195B)
Class com.google.common.reflect.TypeToken                                             : loaded 2 times (x 69B)
Class com.google.common.base.ExtraObjectsMethodsForWeb                                : loaded 2 times (x 67B)
Class org.apache.commons.io.IOUtils                                                   : loaded 2 times (x 67B)
Class com.google.common.io.ByteSink                                                   : loaded 2 times (x 72B)
Class com.google.common.cache.CacheBuilder                                            : loaded 2 times (x 68B)
Class com.google.common.collect.SingletonImmutableList                                : loaded 2 times (x 203B)
Class org.gradle.internal.classpath.ClassPath                                         : loaded 2 times (x 66B)
Class org.gradle.api.UncheckedIOException                                             : loaded 2 times (x 78B)
Class com.google.common.io.Files$FileByteSource                                       : loaded 2 times (x 81B)
Class [Lcom.google.common.reflect.Types$JavaVersion;                                  : loaded 2 times (x 65B)
Class com.google.common.collect.ImmutableList$ReverseImmutableList                    : loaded 2 times (x 204B)
Class com.google.common.base.JdkPattern                                               : loaded 2 times (x 71B)
Class org.objectweb.asm.SymbolTable$Entry                                             : loaded 2 times (x 70B)
Class com.google.common.util.concurrent.AbstractFuture$AtomicHelper                   : loaded 2 times (x 74B)
Class com.google.common.collect.RegularImmutableMap                                   : loaded 2 times (x 117B)
Class org.objectweb.asm.Edge                                                          : loaded 2 times (x 68B)
Class com.google.common.base.Suppliers$SupplierOfInstance                             : loaded 2 times (x 75B)
Class com.google.common.collect.Iterators$1                                           : loaded 2 times (x 77B)
Class org.gradle.api.internal.classpath.ManifestUtil                                  : loaded 2 times (x 67B)
Class com.google.common.reflect.TypeToken$1                                           : loaded 2 times (x 106B)
Class com.google.common.cache.LocalCache$ComputingValueReference                      : loaded 2 times (x 92B)
Class com.google.common.collect.SingletonImmutableSet                                 : loaded 2 times (x 142B)
Class com.google.common.collect.ImmutableMap$IteratorBasedImmutableMap                : loaded 2 times (x 121B)
Class com.google.common.collect.ImmutableList$1                                       : loaded 2 times (x 93B)
Class com.google.common.reflect.TypeToken$2                                           : loaded 2 times (x 106B)
Class com.google.common.cache.LocalCache$Segment                                      : loaded 2 times (x 150B)
Class com.google.common.util.concurrent.ExecutionError                                : loaded 2 times (x 78B)
Class com.google.common.collect.SortedIterable                                        : loaded 2 times (x 66B)
Class [Lorg.objectweb.asm.SymbolTable$Entry;                                          : loaded 2 times (x 65B)
Class com.google.common.cache.CacheLoader                                             : loaded 2 times (x 70B)
Class com.google.common.collect.Iterators$4                                           : loaded 2 times (x 78B)
Class com.google.common.collect.ImmutableBiMap                                        : loaded 2 times (x 139B)
Class com.google.common.collect.AbstractListMultimap                                  : loaded 2 times (x 168B)
Class org.gradle.internal.installation.GradleInstallation$1                           : loaded 2 times (x 71B)
Class org.gradle.api.internal.classpath.ModuleRegistry                                : loaded 2 times (x 66B)
Class com.google.common.util.concurrent.internal.InternalFutureFailureAccess          : loaded 2 times (x 68B)
Class com.google.common.collect.Iterators$5                                           : loaded 2 times (x 78B)
Class com.google.common.collect.ImmutableSet$JdkBackedSetBuilderImpl                  : loaded 2 times (x 72B)
Class com.google.common.base.Splitter$SplittingIterator                               : loaded 2 times (x 80B)
Class com.google.common.collect.Iterators$6                                           : loaded 2 times (x 77B)
Class com.google.common.collect.HashBiMap$Inverse                                     : loaded 2 times (x 138B)
Class com.google.common.io.Closer$SuppressingSuppressor                               : loaded 2 times (x 71B)
Class com.google.common.util.concurrent.AbstractFuture$UnsafeAtomicHelper             : loaded 2 times (x 74B)
Class com.google.common.cache.LocalCache$LocalManualCache$1                           : loaded 2 times (x 71B)
Class com.google.common.base.CharMatcher$ForPredicate                                 : loaded 2 times (x 108B)
Class com.google.common.collect.ImmutableEnumSet                                      : loaded 2 times (x 142B)
Class com.google.common.collect.ImmutableCollection                                   : loaded 2 times (x 121B)
Class com.google.common.base.CharMatcher$AnyOf                                        : loaded 2 times (x 108B)
Class org.gradle.api.internal.classpath.DefaultModuleRegistry                         : loaded 2 times (x 82B)
Class com.google.common.collect.AbstractMapBasedMultimap$WrappedCollection            : loaded 2 times (x 120B)
Class com.google.common.util.concurrent.ListenableFuture                              : loaded 2 times (x 66B)
Class com.google.common.cache.ReferenceEntry                                          : loaded 2 times (x 66B)
Class com.google.common.collect.ImmutableSet$CachingAsList                            : loaded 2 times (x 143B)
Class com.google.common.base.Converter                                                : loaded 2 times (x 86B)
Class com.google.common.collect.Lists                                                 : loaded 2 times (x 67B)
Class com.google.common.base.CharMatcher$Any                                          : loaded 2 times (x 108B)
Class jdk.internal.jimage.BasicImageReader$2                                          : loaded 2 times (x 73B)
Class com.google.common.util.concurrent.AbstractFuture                                : loaded 2 times (x 102B)
Class com.google.common.base.FunctionalEquivalence                                    : loaded 2 times (x 79B)
Class com.google.common.collect.Iterators$9                                           : loaded 2 times (x 77B)
Class com.google.common.collect.AbstractMapBasedMultimap                              : loaded 2 times (x 135B)
Class com.google.common.collect.ImmutableAsList                                       : loaded 2 times (x 205B)
Class com.google.common.reflect.TypeResolver$TypeTable                                : loaded 2 times (x 69B)
Class org.objectweb.asm.RecordComponentVisitor                                        : loaded 2 times (x 73B)
Class com.google.common.cache.CacheLoader$SupplierToCacheLoader                       : loaded 2 times (x 71B)
Class org.gradle.internal.classloader.ClassLoaderHierarchy                            : loaded 2 times (x 66B)
Class com.google.common.base.CharMatcher$IsEither                                     : loaded 2 times (x 107B)
Class com.google.common.reflect.TypeResolver$TypeTable$1                              : loaded 2 times (x 69B)
Class com.google.common.collect.UsingToStringOrdering                                 : loaded 2 times (x 110B)
Class com.google.common.collect.Maps$EntryTransformer                                 : loaded 2 times (x 66B)
Class org.gradle.internal.service.ServiceLookupException                              : loaded 2 times (x 78B)
Class [Lcom.google.common.base.AbstractIterator$State;                                : loaded 2 times (x 65B)
Class com.google.common.collect.ImmutableSortedSet                                    : loaded 2 times (x 295B)
Class com.google.common.collect.Lists$ReverseList                                     : loaded 2 times (x 196B)
Class [Lcom.google.common.cache.LocalCache$EntryFactory;                              : loaded 2 times (x 65B)
Class com.google.common.base.CharMatcher$JavaLetter                                   : loaded 2 times (x 107B)
Class org.gradle.internal.classloader.ClassLoaderFactory                              : loaded 2 times (x 66B)
Class com.google.common.cache.LocalCache$LocalManualCache                             : loaded 2 times (x 95B)
Class com.google.common.base.CharMatcher$IsNot                                        : loaded 2 times (x 107B)
Class com.google.common.base.CommonPattern                                            : loaded 2 times (x 70B)
Class org.gradle.internal.service.CachingServiceLocator                               : loaded 2 times (x 78B)
Class com.google.common.collect.RegularImmutableSortedSet                             : loaded 2 times (x 295B)
Class com.google.common.collect.AbstractMapBasedMultimap$KeySet                       : loaded 2 times (x 133B)
Class com.google.common.math.IntMath                                                  : loaded 2 times (x 67B)
Class com.google.common.reflect.Types$TypeVariableInvocationHandler                   : loaded 2 times (x 71B)
Class [Lcom.google.common.collect.HashBiMap$BiEntry;                                  : loaded 2 times (x 65B)
Class com.google.common.collect.Iterators$10                                          : loaded 2 times (x 77B)
Class com.google.common.collect.ImmutableMapEntry                                     : loaded 2 times (x 81B)
Class com.google.common.base.CharMatcher$JavaDigit                                    : loaded 2 times (x 107B)
Class com.google.common.base.Predicates                                               : loaded 2 times (x 67B)
Class com.google.common.base.Equivalence                                              : loaded 2 times (x 78B)
Class com.google.common.collect.ImmutableMapEntry$NonTerminalImmutableMapEntry        : loaded 2 times (x 81B)
Class com.google.common.base.Function                                                 : loaded 2 times (x 66B)
Class com.google.common.collect.IndexedImmutableSet$1                                 : loaded 2 times (x 208B)
Class com.google.common.cache.CacheBuilder$OneWeigher                                 : loaded 2 times (x 78B)
Class com.google.common.collect.RegularImmutableList                                  : loaded 2 times (x 208B)
Class com.google.common.collect.SortedSetMultimap                                     : loaded 2 times (x 66B)
Class com.google.common.io.FileWriteMode                                              : loaded 2 times (x 75B)
Class com.google.common.reflect.Types$ClassOwnership$1LocalClass                      : loaded 2 times (x 67B)
Class com.google.common.collect.Maps$EntryFunction                                    : loaded 2 times (x 87B)
Class com.google.common.collect.ImmutableBiMapFauxverideShim                          : loaded 2 times (x 116B)
Class org.gradle.internal.classloader.ClasspathUtil                                   : loaded 2 times (x 67B)
Class com.google.common.base.Charsets                                                 : loaded 2 times (x 67B)
Class com.google.common.util.concurrent.Uninterruptibles                              : loaded 2 times (x 67B)
Class com.google.common.collect.Maps                                                  : loaded 2 times (x 67B)
Class com.google.common.base.CharMatcher$JavaUpperCase                                : loaded 2 times (x 107B)
Class org.gradle.api.specs.Spec                                                       : loaded 2 times (x 66B)
Class org.gradle.internal.classloader.FilteringClassLoader                            : loaded 2 times (x 101B)
Class com.google.common.reflect.Types$JavaVersion                                     : loaded 2 times (x 79B)
Class [Lcom.google.common.collect.ImmutableEntry;                                     : loaded 2 times (x 65B)
Class com.google.common.collect.Sets$3$1                                              : loaded 2 times (x 78B)
Class com.google.common.cache.LocalCache$LoadingValueReference                        : loaded 2 times (x 92B)
Class com.google.common.reflect.Invokable$MethodInvokable                             : loaded 2 times (x 103B)
Class com.google.common.collect.CollectSpliterators                                   : loaded 2 times (x 67B)
Class com.google.common.base.Platform                                                 : loaded 2 times (x 67B)
Class com.google.common.collect.RegularImmutableMap$KeySet                            : loaded 2 times (x 146B)
Class com.google.common.collect.AbstractMapBasedMultimap$WrappedList                  : loaded 2 times (x 201B)
Class com.google.common.collect.CompoundOrdering                                      : loaded 2 times (x 111B)
Class [Lorg.objectweb.asm.AnnotationWriter;                                           : loaded 2 times (x 65B)
Class com.google.common.primitives.Ints$IntConverter                                  : loaded 2 times (x 86B)
Class com.google.common.collect.Maps$8                                                : loaded 2 times (x 78B)
Class com.google.common.base.Predicates$CompositionPredicate                          : loaded 2 times (x 84B)
Class com.google.common.collect.ImmutableRangeSet$Builder                             : loaded 2 times (x 73B)
Class com.google.common.collect.Lists$ReverseList$1                                   : loaded 2 times (x 95B)
Class com.google.common.collect.Sets$SetView                                          : loaded 2 times (x 134B)
Class com.google.common.cache.LocalCache$StrongValueReference                         : loaded 2 times (x 86B)
Class com.google.common.util.concurrent.AbstractFuture$SynchronizedHelper             : loaded 2 times (x 74B)
Class com.google.common.base.CharMatcher$Invisible                                    : loaded 2 times (x 108B)
Class com.google.common.graph.SuccessorsFunction                                      : loaded 2 times (x 66B)
Class org.objectweb.asm.Type                                                          : loaded 2 times (x 68B)
Class org.gradle.internal.classloader.VisitableURLClassLoader$InstrumentingVisitableURLClassLoader: loaded 2 times (x 119B)
Class com.google.common.io.Files$FileByteSink                                         : loaded 2 times (x 73B)
Class org.objectweb.asm.ByteVector                                                    : loaded 2 times (x 74B)
Class [Lcom.google.common.cache.CacheBuilder$NullListener;                            : loaded 2 times (x 65B)
Class com.google.common.math.IntMath$1                                                : loaded 2 times (x 67B)
Class org.gradle.internal.classloader.VisitableURLClassLoader$Spec                    : loaded 2 times (x 70B)
Class org.gradle.internal.classpath.DefaultClassPath                                  : loaded 2 times (x 86B)
Class com.google.common.reflect.Types$ClassOwnership                                  : loaded 2 times (x 76B)
Class org.objectweb.asm.Symbol                                                        : loaded 2 times (x 69B)
Class com.google.common.base.AbstractIterator                                         : loaded 2 times (x 76B)
Class com.google.common.collect.Sets$FilteredSet                                      : loaded 2 times (x 133B)
Class com.google.common.io.Closer                                                     : loaded 2 times (x 74B)
Class com.google.common.collect.RegularImmutableMap$Values                            : loaded 2 times (x 203B)
Class com.google.common.collect.ImmutableSet                                          : loaded 2 times (x 141B)
Class com.google.common.base.CharMatcher$BitSetMatcher                                : loaded 2 times (x 108B)
Class com.google.common.base.CharMatcher$Ascii                                        : loaded 2 times (x 108B)
Class org.gradle.internal.classloader.ClassLoaderSpec                                 : loaded 2 times (x 67B)
Class org.objectweb.asm.AnnotationWriter                                              : loaded 2 times (x 74B)
Class com.google.common.cache.CacheStats                                              : loaded 2 times (x 67B)
Class com.google.common.io.LineProcessor                                              : loaded 2 times (x 66B)
Class com.google.common.io.Closer$Suppressor                                          : loaded 2 times (x 66B)
Class org.objectweb.asm.RecordComponentWriter                                         : loaded 2 times (x 74B)
Class com.google.common.util.concurrent.AbstractFuture$Listener                       : loaded 2 times (x 68B)
Class com.google.common.base.CharMatcher$Or                                           : loaded 2 times (x 108B)
Class com.google.common.collect.ForwardingSet                                         : loaded 2 times (x 147B)
Class org.objectweb.asm.Attribute                                                     : loaded 2 times (x 73B)
Class com.google.common.base.Supplier                                                 : loaded 2 times (x 66B)
Class org.gradle.internal.classloader.VisitableURLClassLoader                         : loaded 2 times (x 113B)
Class com.google.common.collect.ImmutableList$SerializedForm                          : loaded 2 times (x 69B)
Class com.google.common.util.concurrent.AbstractFuture$Waiter                         : loaded 2 times (x 68B)
Class org.gradle.internal.Cast                                                        : loaded 2 times (x 67B)
Class org.gradle.api.Action                                                           : loaded 2 times (x 66B)
Class com.google.common.collect.HashBiMap                                             : loaded 2 times (x 139B)
Class com.google.common.collect.Sets                                                  : loaded 2 times (x 67B)
Class org.objectweb.asm.Handler                                                       : loaded 2 times (x 68B)
Class com.google.common.base.Strings                                                  : loaded 2 times (x 67B)
Class com.google.common.base.Ticker                                                   : loaded 2 times (x 68B)
Class com.google.common.base.CharMatcher$FastMatcher                                  : loaded 2 times (x 107B)
Class [Lcom.google.common.cache.LocalCache$Segment;                                   : loaded 2 times (x 65B)
Class [Lcom.google.common.cache.LocalCache$Strength;                                  : loaded 2 times (x 65B)
Class com.google.common.cache.CacheBuilder$1                                          : loaded 2 times (x 81B)
Class com.google.common.collect.ImmutableMap                                          : loaded 2 times (x 116B)
Class com.google.common.base.Predicate                                                : loaded 2 times (x 66B)
Class org.gradle.internal.classpath.DefaultClassPath$ImmutableUniqueList$Builder      : loaded 2 times (x 71B)
Class com.google.common.collect.AbstractRangeSet                                      : loaded 2 times (x 110B)
Class com.google.common.cache.LocalCache                                              : loaded 2 times (x 183B)
Class com.google.common.cache.CacheBuilder$2                                          : loaded 2 times (x 75B)
Class com.google.common.base.CharMatcher$NegatedFastMatcher                           : loaded 2 times (x 109B)
Class com.google.common.cache.CacheBuilder$3                                          : loaded 2 times (x 68B)
Class [Lcom.google.common.collect.AbstractMapEntry;                                   : loaded 2 times (x 65B)
Class com.google.common.collect.ImmutableEntry                                        : loaded 2 times (x 78B)
Class com.google.common.collect.ArrayListMultimap                                     : loaded 2 times (x 168B)
Class com.google.common.base.AbstractIterator$1                                       : loaded 2 times (x 67B)
Class com.google.common.base.CharMatcher$Digit                                        : loaded 2 times (x 108B)
Class org.gradle.api.GradleException                                                  : loaded 2 times (x 78B)
Class com.google.common.base.Equivalence$Identity                                     : loaded 2 times (x 78B)
Class com.google.common.base.Suppliers$MemoizingSupplier                              : loaded 2 times (x 75B)
Class com.google.common.collect.ForwardingMap                                         : loaded 2 times (x 128B)
Class com.google.common.collect.CollectPreconditions                                  : loaded 2 times (x 67B)
Class com.google.common.base.CharMatcher$JavaIsoControl                               : loaded 2 times (x 108B)
Class [Lcom.google.common.io.FileWriteMode;                                           : loaded 2 times (x 65B)
Class com.google.common.collect.Maps$AbstractFilteredMap                              : loaded 2 times (x 123B)
Class com.google.common.collect.SortedMapDifference                                   : loaded 2 times (x 66B)
Class com.google.common.base.CharMatcher$JavaLowerCase                                : loaded 2 times (x 107B)
Class com.google.common.io.Files                                                      : loaded 2 times (x 67B)
Class com.google.common.cache.LocalCache$EntryFactory                                 : loaded 2 times (x 79B)
Class com.google.common.reflect.Types$NativeTypeVariableEquals                        : loaded 2 times (x 67B)
Class com.google.common.reflect.TypeParameter                                         : loaded 2 times (x 68B)
Class com.google.common.collect.Iterables$5                                           : loaded 2 times (x 77B)
Class com.google.common.collect.NullsLastOrdering                                     : loaded 2 times (x 111B)
Class com.google.common.cache.LocalCache$AbstractReferenceEntry                       : loaded 2 times (x 103B)
Class com.google.common.base.Splitter$1$1                                             : loaded 2 times (x 82B)
Class com.google.common.base.CharMatcher$Whitespace                                   : loaded 2 times (x 108B)
Class org.gradle.internal.IoActions                                                   : loaded 2 times (x 67B)
Class com.google.common.collect.ImmutableRangeSet$ComplementRanges                    : loaded 2 times (x 203B)
Class org.objectweb.asm.SymbolTable                                                   : loaded 2 times (x 68B)
Class com.google.common.cache.CacheLoader$InvalidCacheLoadException                   : loaded 2 times (x 78B)
Class com.google.common.collect.ImmutableSet$RegularSetBuilderImpl                    : loaded 2 times (x 73B)
Class com.google.common.base.CharMatcher$SingleWidth                                  : loaded 2 times (x 108B)
Class org.gradle.internal.classloader.SystemClassLoaderSpec                           : loaded 2 times (x 67B)
Class com.google.common.collect.FluentIterable                                        : loaded 2 times (x 77B)
Class com.google.common.cache.LocalCache$StrongEntry                                  : loaded 2 times (x 104B)
Class com.google.common.util.concurrent.AbstractFuture$TrustedFuture                  : loaded 2 times (x 110B)
Class com.google.common.cache.LoadingCache                                            : loaded 2 times (x 66B)
Class settings_98rtivzum4d25josyyxxs2odq$_run_closure1                                : loaded 2 times (x 135B)
Class com.google.common.base.Suppliers$NonSerializableMemoizingSupplier               : loaded 2 times (x 75B)
Class org.objectweb.asm.MethodWriter                                                  : loaded 2 times (x 101B)
Class [Lcom.google.common.cache.Weigher;                                              : loaded 2 times (x 65B)
Class com.google.common.collect.RegularImmutableMap$BucketOverflowException           : loaded 2 times (x 78B)
Class com.google.common.collect.AbstractMapBasedMultimap$RandomAccessWrappedList      : loaded 2 times (x 201B)
Class com.google.common.reflect.Types$JavaVersion$1                                   : loaded 2 times (x 79B)
Class com.google.common.collect.RegularImmutableBiMap                                 : loaded 2 times (x 144B)
Class com.google.common.collect.AbstractIterator$State                                : loaded 2 times (x 75B)
Class com.google.common.cache.LocalCache$ValueReference                               : loaded 2 times (x 66B)
Class com.google.common.base.CharMatcher$Negated                                      : loaded 2 times (x 109B)
Class com.google.common.base.CharMatcher$Is                                           : loaded 2 times (x 107B)
Class settings_98rtivzum4d25josyyxxs2odq$_run_closure1$_closure2$_closure3            : loaded 2 times (x 135B)
Class com.google.common.reflect.Types$JavaVersion$2                                   : loaded 2 times (x 79B)
Class com.google.common.reflect.Types                                                 : loaded 2 times (x 67B)
Class com.google.common.hash.PrimitiveSink                                            : loaded 2 times (x 66B)
Class com.google.common.util.concurrent.AbstractFuture$Failure                        : loaded 2 times (x 68B)
Class com.google.common.base.PatternCompiler                                          : loaded 2 times (x 66B)
Class com.google.common.base.Equivalence$Equals                                       : loaded 2 times (x 78B)
Class com.google.common.collect.Hashing                                               : loaded 2 times (x 67B)
Class com.google.common.base.Preconditions                                            : loaded 2 times (x 67B)
Class com.google.common.io.CharSink                                                   : loaded 2 times (x 75B)
Class com.google.common.reflect.Types$JavaVersion$3                                   : loaded 2 times (x 79B)
Class com.google.common.collect.ByFunctionOrdering                                    : loaded 2 times (x 111B)
Class com.google.common.base.Joiner$1                                                 : loaded 2 times (x 76B)
Class org.objectweb.asm.Label                                                         : loaded 2 times (x 69B)
Class org.objectweb.asm.CurrentFrame                                                  : loaded 2 times (x 69B)
Class org.objectweb.asm.ClassTooLargeException                                        : loaded 2 times (x 79B)
Class com.google.common.collect.PeekingIterator                                       : loaded 2 times (x 66B)
Class com.google.common.base.CharMatcher                                              : loaded 2 times (x 107B)
Class com.google.common.reflect.Types$JavaVersion$4                                   : loaded 2 times (x 79B)
Class com.google.common.collect.Maps$IteratorBasedAbstractMap                         : loaded 2 times (x 121B)
Class com.google.common.collect.RangeGwtSerializationDependencies                     : loaded 2 times (x 67B)
Class com.google.common.base.Joiner$2                                                 : loaded 2 times (x 75B)
Class org.objectweb.asm.Frame                                                         : loaded 2 times (x 69B)
Class org.objectweb.asm.MethodVisitor                                                 : loaded 2 times (x 100B)
Class com.google.common.cache.LocalCache$EntryFactory$1                               : loaded 2 times (x 79B)
Class [Lcom.google.common.cache.RemovalListener;                                      : loaded 2 times (x 65B)
Class com.google.common.base.CharMatcher$1                                            : loaded 2 times (x 109B)
Class com.google.common.base.CharMatcher$NamedFastMatcher                             : loaded 2 times (x 108B)
Class com.google.common.reflect.Types$JavaVersion$5                                   : loaded 2 times (x 67B)
Class [Lcom.google.common.reflect.Types$ClassOwnership;                               : loaded 2 times (x 65B)
Class com.google.common.collect.RangeSet                                              : loaded 2 times (x 66B)
Class com.google.common.cache.LocalCache$EntryFactory$2                               : loaded 2 times (x 79B)
Class org.gradle.api.internal.classpath.GlobalCacheRootsProvider                      : loaded 2 times (x 66B)
Class com.google.common.collect.CollectCollectors                                     : loaded 2 times (x 67B)
Class org.objectweb.asm.ModuleWriter                                                  : loaded 2 times (x 77B)
Class com.google.common.cache.LocalCache$EntryFactory$3                               : loaded 2 times (x 79B)
Class com.google.common.base.Ticker$1                                                 : loaded 2 times (x 68B)
Class com.google.common.collect.ImmutableMapEntrySet$RegularEntrySet                  : loaded 2 times (x 147B)
Class com.google.common.collect.Maps$BiMapConverter                                   : loaded 2 times (x 86B)
Class settings_98rtivzum4d25josyyxxs2odq$_run_closure1$_closure2                      : loaded 2 times (x 135B)
Class com.google.common.collect.SetMultimap                                           : loaded 2 times (x 66B)
Class com.google.common.cache.LocalCache$EntryFactory$4                               : loaded 2 times (x 79B)
Class com.google.common.collect.ImmutableSet$Builder                                  : loaded 2 times (x 81B)
Class com.google.common.base.CharMatcher$InRange                                      : loaded 2 times (x 107B)
Class com.google.common.collect.ReverseOrdering                                       : loaded 2 times (x 111B)
Class com.google.common.cache.LocalCache$EntryFactory$5                               : loaded 2 times (x 79B)
Class com.google.common.collect.HashMultimap                                          : loaded 2 times (x 170B)
Class com.google.common.cache.LocalCache$EntryFactory$6                               : loaded 2 times (x 79B)
Class org.gradle.internal.installation.CurrentGradleInstallationLocator               : loaded 2 times (x 67B)
Class com.google.common.collect.Maps$KeySet                                           : loaded 2 times (x 133B)
Class com.google.common.cache.LocalCache$EntryFactory$7                               : loaded 2 times (x 79B)
Class com.google.common.collect.ImmutableSet$EmptySetBuilderImpl                      : loaded 2 times (x 72B)
Class com.google.common.collect.ImmutableList                                         : loaded 2 times (x 202B)
Class org.gradle.internal.service.DefaultServiceLocator                               : loaded 2 times (x 79B)
Class com.google.common.base.PairwiseEquivalence                                      : loaded 2 times (x 79B)
Class com.google.common.collect.Maps$EntrySet                                         : loaded 2 times (x 132B)
Class com.google.common.cache.LocalCache$EntryFactory$8                               : loaded 2 times (x 79B)
Class com.google.common.collect.ImmutableSet$SetBuilderImpl                           : loaded 2 times (x 72B)
Class org.gradle.internal.installation.CurrentGradleInstallation                      : loaded 2 times (x 69B)
Class com.google.common.cache.CacheLoader$1                                           : loaded 2 times (x 71B)
Class com.google.common.collect.ForwardingObject                                      : loaded 2 times (x 68B)
Class com.google.common.collect.ImmutableList$SubList                                 : loaded 2 times (x 204B)
Class org.gradle.util.internal.GUtil                                                  : loaded 2 times (x 67B)
Class com.google.common.io.ByteSource                                                 : loaded 2 times (x 80B)
Class com.google.common.util.concurrent.AbstractFuture$SetFuture                      : loaded 2 times (x 71B)
Class com.google.common.cache.AbstractCache$StatsCounter                              : loaded 2 times (x 66B)
Class com.google.common.reflect.Types$TypeVariableImpl                                : loaded 2 times (x 68B)
Class com.google.common.collect.Iterators$MergingIterator                             : loaded 2 times (x 77B)
Class com.google.common.collect.RegularImmutableSet                                   : loaded 2 times (x 144B)
Class org.gradle.internal.installation.GradleInstallation                             : loaded 2 times (x 71B)
Class com.google.common.collect.ForwardingCollection                                  : loaded 2 times (x 126B)
Class com.google.common.collect.LexicographicalOrdering                               : loaded 2 times (x 111B)
Class com.google.common.collect.Iterables                                             : loaded 2 times (x 67B)
Class com.google.common.base.Splitter$Strategy                                        : loaded 2 times (x 66B)
Class com.google.common.collect.Lists$RandomAccessReverseList                         : loaded 2 times (x 196B)

---------------  S Y S T E M  ---------------

OS:
 Windows 11 , 64 bit Build 26100 (10.0.26100.3912)
OS uptime: 3 days 16:40 hours

CPU: total 32 (initial active 32) (16 cores per cpu, 2 threads per core) family 6 model 183 stepping 1 microcode 0x12b, cx8, cmov, fxsr, ht, mmx, 3dnowpref, sse, sse2, sse3, ssse3, sse4.1, sse4.2, popcnt, lzcnt, tsc, tscinvbit, avx, avx2, aes, erms, clmul, bmi1, bmi2, adx, sha, fma, vzeroupper, clflush, clflushopt, clwb, serialize, rdtscp, rdpid, fsrm, f16c, pku, cet_ibt, cet_ss
Processor Information for processor 0
  Max Mhz: 2200, Current Mhz: 2200, Mhz Limit: 2200
Processor Information for processor 1
  Max Mhz: 2200, Current Mhz: 1466, Mhz Limit: 2200
Processor Information for processor 2
  Max Mhz: 2200, Current Mhz: 2200, Mhz Limit: 2200
Processor Information for processor 3
  Max Mhz: 2200, Current Mhz: 1466, Mhz Limit: 2200
Processor Information for processor 4
  Max Mhz: 2200, Current Mhz: 2200, Mhz Limit: 2200
Processor Information for processor 5
  Max Mhz: 2200, Current Mhz: 1466, Mhz Limit: 2200
Processor Information for processor 6
  Max Mhz: 2200, Current Mhz: 2200, Mhz Limit: 2200
Processor Information for processor 7
  Max Mhz: 2200, Current Mhz: 1466, Mhz Limit: 2200
Processor Information for processor 8
  Max Mhz: 2200, Current Mhz: 1466, Mhz Limit: 2200
Processor Information for processor 9
  Max Mhz: 2200, Current Mhz: 2200, Mhz Limit: 2200
Processor Information for processor 10
  Max Mhz: 2200, Current Mhz: 2200, Mhz Limit: 2200
Processor Information for processor 11
  Max Mhz: 2200, Current Mhz: 2200, Mhz Limit: 2200
Processor Information for processor 12
  Max Mhz: 2200, Current Mhz: 1466, Mhz Limit: 2200
Processor Information for processor 13
  Max Mhz: 2200, Current Mhz: 2200, Mhz Limit: 2200
Processor Information for processor 14
  Max Mhz: 2200, Current Mhz: 2200, Mhz Limit: 2200
Processor Information for processor 15
  Max Mhz: 2200, Current Mhz: 1466, Mhz Limit: 2200
Processor Information for processor 16
  Max Mhz: 2200, Current Mhz: 1500, Mhz Limit: 1584
Processor Information for processor 17
  Max Mhz: 2200, Current Mhz: 1600, Mhz Limit: 1584
Processor Information for processor 18
  Max Mhz: 2200, Current Mhz: 1600, Mhz Limit: 1584
Processor Information for processor 19
  Max Mhz: 2200, Current Mhz: 1500, Mhz Limit: 1584
Processor Information for processor 20
  Max Mhz: 2200, Current Mhz: 1600, Mhz Limit: 1584
Processor Information for processor 21
  Max Mhz: 2200, Current Mhz: 1600, Mhz Limit: 1584
Processor Information for processor 22
  Max Mhz: 2200, Current Mhz: 1600, Mhz Limit: 1584
Processor Information for processor 23
  Max Mhz: 2200, Current Mhz: 1600, Mhz Limit: 1584
Processor Information for processor 24
  Max Mhz: 2200, Current Mhz: 1600, Mhz Limit: 1584
Processor Information for processor 25
  Max Mhz: 2200, Current Mhz: 1600, Mhz Limit: 1584
Processor Information for processor 26
  Max Mhz: 2200, Current Mhz: 1500, Mhz Limit: 1584
Processor Information for processor 27
  Max Mhz: 2200, Current Mhz: 1500, Mhz Limit: 1584
Processor Information for processor 28
  Max Mhz: 2200, Current Mhz: 1500, Mhz Limit: 1584
Processor Information for processor 29
  Max Mhz: 2200, Current Mhz: 1500, Mhz Limit: 1584
Processor Information for processor 30
  Max Mhz: 2200, Current Mhz: 1600, Mhz Limit: 1584
Processor Information for processor 31
  Max Mhz: 2200, Current Mhz: 1500, Mhz Limit: 1584

Memory: 4k page, system-wide physical 32386M (1148M free)
TotalPageFile size 67603M (AvailPageFile size 4M)
current process WorkingSet (physical memory assigned to process): 793M, peak: 907M
current process commit charge ("private bytes"): 961M, peak: 1048M

vm_info: OpenJDK 64-Bit Server VM (21.0.5+-13047016-b750.29) for windows-amd64 JRE (21.0.5+-13047016-b750.29), built on 2025-02-11T21:12:39Z by "builder" with MS VC++ 16.10 / 16.11 (VS2019)

END.
