#
# There is insufficient memory for the Java Runtime Environment to continue.
# Native memory allocation (malloc) failed to allocate 1556976 bytes. Error detail: Chunk::new
# Possible reasons:
#   The system is out of physical RAM or swap space
#   This process is running with CompressedOops enabled, and the Java Heap may be blocking the growth of the native heap
# Possible solutions:
#   Reduce memory load on the system
#   Increase physical memory or swap space
#   Check if swap backing store is full
#   Decrease Java heap size (-Xmx/-Xms)
#   Decrease number of Java threads
#   Decrease Java thread stack sizes (-Xss)
#   Set larger code cache with -XX:ReservedCodeCacheSize=
#   JVM is running with Unscaled Compressed Oops mode in which the Java heap is
#     placed in the first 4GB address space. The Java Heap base address is the
#     maximum limit for the native heap growth. Please use -XX:HeapBaseMinAddress
#     to set the Java Heap base and to place the Java Heap above 4GB virtual address.
# This output file may be truncated or incomplete.
#
#  Out of Memory Error (arena.cpp:168), pid=42748, tid=49592
#
# JRE version: OpenJDK Runtime Environment (21.0.5) (build 21.0.5+-13047016-b750.29)
# Java VM: OpenJDK 64-Bit Server VM (21.0.5+-13047016-b750.29, mixed mode, tiered, compressed oops, compressed class ptrs, g1 gc, windows-amd64)
# No core dump will be written. Minidumps are not enabled by default on client versions of Windows
#

---------------  S U M M A R Y ------------

Command Line: --add-opens=java.base/java.util=ALL-UNNAMED --add-opens=java.base/java.lang=ALL-UNNAMED --add-opens=java.base/java.lang.invoke=ALL-UNNAMED --add-opens=java.prefs/java.util.prefs=ALL-UNNAMED --add-exports=jdk.compiler/com.sun.tools.javac.api=ALL-UNNAMED --add-exports=jdk.compiler/com.sun.tools.javac.util=ALL-UNNAMED --add-opens=java.base/java.nio.charset=ALL-UNNAMED --add-opens=java.base/java.net=ALL-UNNAMED --add-opens=java.base/java.util.concurrent.atomic=ALL-UNNAMED -Xmx2048m -Dfile.encoding=UTF-8 -Duser.country=CN -Duser.language=zh -Duser.variant -javaagent:C:\Users\1\.gradle\wrapper\dists\gradle-8.10-bin\deqhafrv1ntovfmgh0nh3npr9\gradle-8.10\lib\agents\gradle-instrumentation-agent-8.10.jar org.gradle.launcher.daemon.bootstrap.GradleDaemon 8.10

Host: Intel(R) Core(TM) i9-14900HX, 32 cores, 31G,  Windows 11 , 64 bit Build 26100 (10.0.26100.3912)
Time: Sat Jun  7 13:44:25 2025  Windows 11 , 64 bit Build 26100 (10.0.26100.3912) elapsed time: 707.400300 seconds (0d 0h 11m 47s)

---------------  T H R E A D  ---------------

Current thread (0x000001ebd2005e80):  JavaThread "C2 CompilerThread3" daemon [_thread_in_native, id=49592, stack(0x000000284c900000,0x000000284ca00000) (1024K)]


Current CompileTask:
C2:707400 26226       4       org.gradle.internal.serialize.HierarchicalNameSerializer::writeName (88 bytes)

Stack: [0x000000284c900000,0x000000284ca00000]
Native frames: (J=compiled Java code, j=interpreted, Vv=VM code, C=native code)
V  [jvm.dll+0x6cfb29]
V  [jvm.dll+0x85df93]
V  [jvm.dll+0x8604ee]
V  [jvm.dll+0x860bd3]
V  [jvm.dll+0x27e6b6]
V  [jvm.dll+0xbff6d]
V  [jvm.dll+0xc04a3]
V  [jvm.dll+0x3b5fc1]
V  [jvm.dll+0x381f97]
V  [jvm.dll+0x38140a]
V  [jvm.dll+0x247c62]
V  [jvm.dll+0x247231]
V  [jvm.dll+0x1c5ee4]
V  [jvm.dll+0x25697c]
V  [jvm.dll+0x254ec6]
V  [jvm.dll+0x3f0ce6]
V  [jvm.dll+0x806368]
V  [jvm.dll+0x6ce3fd]
C  [ucrtbase.dll+0x37b0]
C  [KERNEL32.DLL+0x2e8d7]
C  [ntdll.dll+0x9c5dc]


---------------  P R O C E S S  ---------------

Threads class SMR info:
_java_thread_list=0x000001ebd2648090, length=294, elements={
0x000001ebaca35f20, 0x000001ebc88e2cb0, 0x000001ebc88e5320, 0x000001ebc88f8110,
0x000001ebc88f8770, 0x000001ebc88f8dd0, 0x000001ebc88f9430, 0x000001ebc8906370,
0x000001ebc891c900, 0x000001ebc8935e70, 0x000001ebcd140a40, 0x000001ebced75840,
0x000001ebced27d20, 0x000001ebced3b350, 0x000001ebcf0c5a70, 0x000001ebcf0c53e0,
0x000001ebcf0c25f0, 0x000001ebcf0c3310, 0x000001ebcf0c46c0, 0x000001ebd0434200,
0x000001ebd0434f20, 0x000001ebd0436ff0, 0x000001ebd0434890, 0x000001ebd22bf8a0,
0x000001ebd22c33b0, 0x000001ebd22c61a0, 0x000001ebd22c40d0, 0x000001ebd4e52e50,
0x000001ebd15ad4a0, 0x000001ebd15b0920, 0x000001ebd15b0fb0, 0x000001ebd15b1640,
0x000001ebd15b3710, 0x000001ebd15b1cd0, 0x000001ebd15b4ac0, 0x000001ebd15b4430,
0x000001ebd15b2360, 0x000001ebd15b3080, 0x000001ebd4e51410, 0x000001ebd4e4ecb0,
0x000001ebd4e506f0, 0x000001ebd4e51aa0, 0x000001ebd4e54f20, 0x000001ebd4e54200,
0x000001ebd4e54890, 0x000001ebd4e56960, 0x000001ebd22c2000, 0x000001ebd22c05c0,
0x000001ebd22bf210, 0x000001ebd22c2690, 0x000001ebd22c2d20, 0x000001ebd22c0c50,
0x000001ebd22c12e0, 0x000001ebd22c5b10, 0x000001ebdac487b0, 0x000001ebdac47a90,
0x000001ebdac459c0, 0x000001ebdac48e40, 0x000001ebdac494d0, 0x000001ebdac46050,
0x000001ebdac4a1f0, 0x000001ebdac46d70, 0x000001ebdac4c950, 0x000001ebdac4bc30,
0x000001ebdac4d670, 0x000001ebdac4dd00, 0x000001ebdac4a880, 0x000001ebdac4e390,
0x000001ebdac4af10, 0x000001ebdac51180, 0x000001ebdac50460, 0x000001ebdac50af0,
0x000001ebdac4ea20, 0x000001ebdac52530, 0x000001ebdac51810, 0x000001ebdac51ea0,
0x000001ebdac4f740, 0x000001ebdac52bc0, 0x000001ebdac53250, 0x000001ebdac4fdd0,
0x000001ebdac559b0, 0x000001ebdac54600, 0x000001ebdac54c90, 0x000001ebdac56040,
0x000001ebdac55320, 0x000001ebdac566d0, 0x000001ebdac56d60, 0x000001ebdac538e0,
0x000001ebdac573f0, 0x000001ebdac53f70, 0x000001ebdac587a0, 0x000001ebdac5a870,
0x000001ebdac5af00, 0x000001ebdac594c0, 0x000001ebdac57a80, 0x000001ebdac58e30,
0x000001ebdac5b590, 0x000001ebdac58110, 0x000001ebdac5c2b0, 0x000001ebdac5ea10,
0x000001ebdac5bc20, 0x000001ebdac5dcf0, 0x000001ebdac5e380, 0x000001ebdac5f0a0,
0x000001ebdac5c940, 0x000001ebdac5cfd0, 0x000001ebdac62bb0, 0x000001ebdac62520,
0x000001ebdac5f730, 0x000001ebdac63240, 0x000001ebdac60ae0, 0x000001ebdac61170,
0x000001ebdac60450, 0x000001ebdac5fdc0, 0x000001ebdac61800, 0x000001ebdac638d0,
0x000001ebdac61e90, 0x000001ebdac63f60, 0x000001ebdac645f0, 0x000001ebd9f442c0,
0x000001ebd9f43c30, 0x000001ebd2c9a480, 0x000001ebd9f3d040, 0x000001ebd9f3e4b0,
0x000001ebd9f3dde0, 0x000001ebd9f435a0, 0x000001ebd9f44fe0, 0x000001ebd9f45670,
0x000001ebd9f45d00, 0x000001ebd9f46390, 0x000001ebd9f42f10, 0x000001ebd9f47740,
0x000001ebd9f49810, 0x000001ebd9f48af0, 0x000001ebd9f48460, 0x000001ebd9f49180,
0x000001ebd9f46a20, 0x000001ebd9f47dd0, 0x000001ebd9f49ea0, 0x000001ebd9f4a530,
0x000001ebd9f470b0, 0x000001ebd9f4abc0, 0x000001ebd9f4e040, 0x000001ebd9f4d9b0,
0x000001ebd9f4cc90, 0x000001ebd9f4e6d0, 0x000001ebd9f4d320, 0x000001ebd9f4c600,
0x000001ebd9f4b250, 0x000001ebd9f4ed60, 0x000001ebd9f4b8e0, 0x000001ebd9f4bf70,
0x000001ebd9f51b50, 0x000001ebd9f50110, 0x000001ebd9f521e0, 0x000001ebd9f507a0,
0x000001ebd9f4fa80, 0x000001ebd9f50e30, 0x000001ebd9f514c0, 0x000001ebd9f4f3f0,
0x000001ebda8fb430, 0x000001ebda8fa710, 0x000001ebda8fada0, 0x000001ebda8fe220,
0x000001ebda8fdb90, 0x000001ebda8fef40, 0x000001ebda8fbac0, 0x000001ebda8fd500,
0x000001ebda8fe8b0, 0x000001ebda8fc150, 0x000001ebda8ff5d0, 0x000001ebda8ffc60,
0x000001ebda9002f0, 0x000001ebda8fce70, 0x000001ebda903770, 0x000001ebda902a50,
0x000001ebda903e00, 0x000001ebda901d30, 0x000001ebda9030e0, 0x000001ebda900980,
0x000001ebda9023c0, 0x000001ebda904490, 0x000001ebda901010, 0x000001ebda905840,
0x000001ebda907280, 0x000001ebda9051b0, 0x000001ebda907fa0, 0x000001ebda904b20,
0x000001ebda907910, 0x000001ebda908630, 0x000001ebda908cc0, 0x000001ebda909350,
0x000001ebda906bf0, 0x000001ebda905ed0, 0x000001ebda9099e0, 0x000001ebd03411d0,
0x000001ebd0343fc0, 0x000001ebd0344650, 0x000001ebd0341860, 0x000001ebd0341ef0,
0x000001ebd03432a0, 0x000001ebd0340b40, 0x000001ebd0345370, 0x000001ebd0342580,
0x000001ebd0345a00, 0x000001ebd0344ce0, 0x000001ebd0346090, 0x000001ebd0342c10,
0x000001ebd03487f0, 0x000001ebd0346db0, 0x000001ebd0348e80, 0x000001ebd0348160,
0x000001ebd0347440, 0x000001ebd0349510, 0x000001ebd0349ba0, 0x000001ebd0346720,
0x000001ebd034a230, 0x000001ebd034af50, 0x000001ebd0347ad0, 0x000001ebd034ea60,
0x000001ebd034dd40, 0x000001ebd034bc70, 0x000001ebd034b5e0, 0x000001ebd034f0f0,
0x000001ebd034f780, 0x000001ebd034e3d0, 0x000001ebd034c300, 0x000001ebd034fe10,
0x000001ebd034c990, 0x000001ebd034d020, 0x000001ebd034d6b0, 0x000001ebd4e52130,
0x000001ebd4e527c0, 0x000001ebd4e4f340, 0x000001ebd4e534e0, 0x000001ebd4e50060,
0x000001ebd4e50d80, 0x000001ebd4e56ff0, 0x000001ebd4e57680, 0x000001ebd4e55c40,
0x000001ebd4e58a30, 0x000001ebd4e59750, 0x000001ebd4e57d10, 0x000001ebd4e583a0,
0x000001ebd4e590c0, 0x000001ebd4e562d0, 0x000001ebd4e5a470, 0x000001ebd4e5b190,
0x000001ebd4e5cbd0, 0x000001ebd4e5d260, 0x000001ebd4e5beb0, 0x000001ebd4e5b820,
0x000001ebd4e5c540, 0x000001ebd4e5d8f0, 0x000001ebd4e5df80, 0x000001ebd4e5ab00,
0x000001ebd15a6510, 0x000001ebd15a7f50, 0x000001ebd20057b0, 0x000001ebd3832550,
0x000001ebd2005e80, 0x000001ebd15a6ba0, 0x000001ebd15a7230, 0x000001ebd15a78c0,
0x000001ebd15a9300, 0x000001ebd15a5e80, 0x000001ebd15ac0f0, 0x000001ebd15aa6b0,
0x000001ebd15a9990, 0x000001ebd15aa020, 0x000001ebd15adb30, 0x000001ebd15aba60,
0x000001ebd15ae1c0, 0x000001ebd15aad40, 0x000001ebd15ace10, 0x000001ebd15ae850,
0x000001ebd15ab3d0, 0x000001ebd15aeee0, 0x000001ebd15af570, 0x000001ebd15b0290,
0x000001ebd15b3da0, 0x000001ebd4950670, 0x000001ebd494df10, 0x000001ebd14631a0,
0x000001ebd494f950, 0x000001ebd494d880, 0x000001ebd494ffe0, 0x000001ebd494d1f0,
0x000001ebd49520b0, 0x000001ebd1463870, 0x000001ebd4951390, 0x000001ebd4951a20,
0x000001ebd4952740, 0x000001ebd3879b90
}

Java Threads: ( => current thread )
  0x000001ebaca35f20 JavaThread "main"                              [_thread_blocked, id=27620, stack(0x000000283a200000,0x000000283a300000) (1024K)]
  0x000001ebc88e2cb0 JavaThread "Reference Handler"          daemon [_thread_blocked, id=26612, stack(0x000000283aa00000,0x000000283ab00000) (1024K)]
  0x000001ebc88e5320 JavaThread "Finalizer"                  daemon [_thread_blocked, id=51088, stack(0x000000283ab00000,0x000000283ac00000) (1024K)]
  0x000001ebc88f8110 JavaThread "Signal Dispatcher"          daemon [_thread_blocked, id=11296, stack(0x000000283ac00000,0x000000283ad00000) (1024K)]
  0x000001ebc88f8770 JavaThread "Attach Listener"            daemon [_thread_blocked, id=43260, stack(0x000000283ad00000,0x000000283ae00000) (1024K)]
  0x000001ebc88f8dd0 JavaThread "Service Thread"             daemon [_thread_blocked, id=58812, stack(0x000000283ae00000,0x000000283af00000) (1024K)]
  0x000001ebc88f9430 JavaThread "Monitor Deflation Thread"   daemon [_thread_blocked, id=46620, stack(0x000000283af00000,0x000000283b000000) (1024K)]
  0x000001ebc8906370 JavaThread "C2 CompilerThread0"         daemon [_thread_in_native, id=50700, stack(0x000000283b000000,0x000000283b100000) (1024K)]
  0x000001ebc891c900 JavaThread "C1 CompilerThread0"         daemon [_thread_blocked, id=14060, stack(0x000000283b100000,0x000000283b200000) (1024K)]
  0x000001ebc8935e70 JavaThread "Common-Cleaner"             daemon [_thread_blocked, id=47672, stack(0x000000283b300000,0x000000283b400000) (1024K)]
  0x000001ebcd140a40 JavaThread "Notification Thread"        daemon [_thread_blocked, id=9856, stack(0x000000283b400000,0x000000283b500000) (1024K)]
  0x000001ebced75840 JavaThread "Daemon health stats"               [_thread_blocked, id=37676, stack(0x000000283c500000,0x000000283c600000) (1024K)]
  0x000001ebced27d20 JavaThread "Incoming local TCP Connector on port 53923"        [_thread_in_native, id=32440, stack(0x000000283c700000,0x000000283c800000) (1024K)]
  0x000001ebced3b350 JavaThread "Daemon periodic checks"            [_thread_blocked, id=9508, stack(0x000000283c800000,0x000000283c900000) (1024K)]
  0x000001ebcf0c5a70 JavaThread "Cache worker for journal cache (C:\Users\1\.gradle\caches\journal-1)"        [_thread_blocked, id=49248, stack(0x000000283df00000,0x000000283e000000) (1024K)]
  0x000001ebcf0c53e0 JavaThread "File lock request listener"        [_thread_in_native, id=46312, stack(0x000000283e000000,0x000000283e100000) (1024K)]
  0x000001ebcf0c25f0 JavaThread "Cache worker for file hash cache (C:\Users\1\.gradle\caches\8.10\fileHashes)"        [_thread_blocked, id=16312, stack(0x000000283e100000,0x000000283e200000) (1024K)]
  0x000001ebcf0c3310 JavaThread "File watcher server"        daemon [_thread_in_native, id=54548, stack(0x000000283e500000,0x000000283e600000) (1024K)]
  0x000001ebcf0c46c0 JavaThread "File watcher consumer"      daemon [_thread_blocked, id=43084, stack(0x000000283e600000,0x000000283e700000) (1024K)]
  0x000001ebd0434200 JavaThread "Cache worker for file content cache (C:\Users\1\.gradle\caches\8.10\fileContent)"        [_thread_blocked, id=52724, stack(0x000000283e700000,0x000000283e800000) (1024K)]
  0x000001ebd0434f20 JavaThread "jar transforms"                    [_thread_blocked, id=50260, stack(0x000000283ec00000,0x000000283ed00000) (1024K)]
  0x000001ebd0436ff0 JavaThread "jar transforms Thread 2"           [_thread_blocked, id=47056, stack(0x000000283ed00000,0x000000283ee00000) (1024K)]
  0x000001ebd0434890 JavaThread "jar transforms Thread 3"           [_thread_blocked, id=34336, stack(0x000000283ee00000,0x000000283ef00000) (1024K)]
  0x000001ebd22bf8a0 JavaThread "jar transforms Thread 4"           [_thread_blocked, id=24836, stack(0x0000002844e00000,0x0000002844f00000) (1024K)]
  0x000001ebd22c33b0 JavaThread "jar transforms Thread 5"           [_thread_blocked, id=19232, stack(0x0000002844f00000,0x0000002845000000) (1024K)]
  0x000001ebd22c61a0 JavaThread "Memory manager"                    [_thread_in_native, id=20992, stack(0x000000283ea00000,0x000000283eb00000) (1024K)]
  0x000001ebd22c40d0 JavaThread "jar transforms Thread 6"           [_thread_blocked, id=40716, stack(0x0000002844c00000,0x0000002844d00000) (1024K)]
  0x000001ebd4e52e50 JavaThread "Cache worker for Java compile cache (C:\Users\1\.gradle\caches\8.10\javaCompile)"        [_thread_blocked, id=29856, stack(0x0000002849400000,0x0000002849500000) (1024K)]
  0x000001ebd15ad4a0 JavaThread "ForkJoinPool.commonPool-worker-81" daemon [_thread_blocked, id=33740, stack(0x000000284a100000,0x000000284a200000) (1024K)]
  0x000001ebd15b0920 JavaThread "ForkJoinPool.commonPool-worker-83" daemon [_thread_blocked, id=37668, stack(0x000000284a300000,0x000000284a400000) (1024K)]
  0x000001ebd15b0fb0 JavaThread "ForkJoinPool.commonPool-worker-84" daemon [_thread_blocked, id=33384, stack(0x000000284a400000,0x000000284a500000) (1024K)]
  0x000001ebd15b1640 JavaThread "ForkJoinPool.commonPool-worker-86" daemon [_thread_blocked, id=54988, stack(0x000000284a600000,0x000000284a700000) (1024K)]
  0x000001ebd15b3710 JavaThread "ForkJoinPool.commonPool-worker-88" daemon [_thread_blocked, id=3232, stack(0x000000284a800000,0x000000284a900000) (1024K)]
  0x000001ebd15b1cd0 JavaThread "ForkJoinPool.commonPool-worker-89" daemon [_thread_blocked, id=53160, stack(0x000000284a900000,0x000000284aa00000) (1024K)]
  0x000001ebd15b4ac0 JavaThread "ForkJoinPool.commonPool-worker-90" daemon [_thread_blocked, id=36248, stack(0x000000284aa00000,0x000000284ab00000) (1024K)]
  0x000001ebd15b4430 JavaThread "ForkJoinPool.commonPool-worker-91" daemon [_thread_blocked, id=3064, stack(0x000000284ab00000,0x000000284ac00000) (1024K)]
  0x000001ebd15b2360 JavaThread "ForkJoinPool.commonPool-worker-92" daemon [_thread_blocked, id=50964, stack(0x000000284ac00000,0x000000284ad00000) (1024K)]
  0x000001ebd15b3080 JavaThread "ForkJoinPool.commonPool-worker-95" daemon [_thread_blocked, id=41144, stack(0x000000284af00000,0x000000284b000000) (1024K)]
  0x000001ebd4e51410 JavaThread "ForkJoinPool.commonPool-worker-96" daemon [_thread_blocked, id=39648, stack(0x000000284b000000,0x000000284b100000) (1024K)]
  0x000001ebd4e4ecb0 JavaThread "ForkJoinPool.commonPool-worker-97" daemon [_thread_blocked, id=45580, stack(0x000000284b100000,0x000000284b200000) (1024K)]
  0x000001ebd4e506f0 JavaThread "ForkJoinPool.commonPool-worker-98" daemon [_thread_blocked, id=22208, stack(0x000000284b200000,0x000000284b300000) (1024K)]
  0x000001ebd4e51aa0 JavaThread "ForkJoinPool.commonPool-worker-101" daemon [_thread_blocked, id=37500, stack(0x000000284b500000,0x000000284b600000) (1024K)]
  0x000001ebd4e54f20 JavaThread "ForkJoinPool.commonPool-worker-107" daemon [_thread_blocked, id=55052, stack(0x000000284bb00000,0x000000284bc00000) (1024K)]
  0x000001ebd4e54200 JavaThread "ForkJoinPool.commonPool-worker-108" daemon [_thread_blocked, id=39748, stack(0x000000284bc00000,0x000000284bd00000) (1024K)]
  0x000001ebd4e54890 JavaThread "ForkJoinPool.commonPool-worker-109" daemon [_thread_blocked, id=40656, stack(0x000000284bd00000,0x000000284be00000) (1024K)]
  0x000001ebd4e56960 JavaThread "ForkJoinPool.commonPool-worker-111" daemon [_thread_blocked, id=19724, stack(0x000000284bf00000,0x000000284c000000) (1024K)]
  0x000001ebd22c2000 JavaThread "Daemon Thread 6"                   [_thread_blocked, id=52052, stack(0x0000002839f00000,0x000000283a000000) (1024K)]
  0x000001ebd22c05c0 JavaThread "Handler for socket connection from /127.0.0.1:53923 to /127.0.0.1:60932"        [_thread_in_native, id=45560, stack(0x000000283a000000,0x000000283a100000) (1024K)]
  0x000001ebd22bf210 JavaThread "Cancel handler"                    [_thread_blocked, id=17444, stack(0x000000283a100000,0x000000283a200000) (1024K)]
  0x000001ebd22c2690 JavaThread "Daemon worker Thread 6"            [_thread_blocked, id=9568, stack(0x000000283b200000,0x000000283b300000) (1024K)]
  0x000001ebd22c2d20 JavaThread "Asynchronous log dispatcher for DefaultDaemonConnection: socket connection from /127.0.0.1:53923 to /127.0.0.1:60932"        [_thread_blocked, id=16820, stack(0x000000283b500000,0x000000283b600000) (1024K)]
  0x000001ebd22c0c50 JavaThread "Stdin handler"                     [_thread_blocked, id=31300, stack(0x000000283b600000,0x000000283b700000) (1024K)]
  0x000001ebd22c12e0 JavaThread "Daemon client event forwarder"        [_thread_blocked, id=57396, stack(0x000000283b700000,0x000000283b800000) (1024K)]
  0x000001ebd22c5b10 JavaThread "Cache worker for file hash cache (C:\Users\1\Desktop\Android\CreeperBoxVersion\.gradle\8.10\fileHashes)"        [_thread_blocked, id=57580, stack(0x000000283c300000,0x000000283c400000) (1024K)]
  0x000001ebdac487b0 JavaThread "Cache worker for Build Output Cleanup Cache (C:\Users\1\Desktop\Android\CreeperBoxVersion\.gradle\buildOutputCleanup)"        [_thread_blocked, id=21900, stack(0x000000283c400000,0x000000283c500000) (1024K)]
  0x000001ebdac47a90 JavaThread "Cache worker for checksums cache (C:\Users\1\Desktop\Android\CreeperBoxVersion\.gradle\8.10\checksums)"        [_thread_blocked, id=46748, stack(0x000000283c600000,0x000000283c700000) (1024K)]
  0x000001ebdac459c0 JavaThread "Cache worker for cache directory md-rule (C:\Users\1\.gradle\caches\8.10\md-rule)"        [_thread_blocked, id=33032, stack(0x000000283c900000,0x000000283ca00000) (1024K)]
  0x000001ebdac48e40 JavaThread "Cache worker for cache directory md-supplier (C:\Users\1\.gradle\caches\8.10\md-supplier)"        [_thread_blocked, id=51612, stack(0x000000283ca00000,0x000000283cb00000) (1024K)]
  0x000001ebdac494d0 JavaThread "Unconstrained build operations"        [_thread_blocked, id=48280, stack(0x000000283cd00000,0x000000283ce00000) (1024K)]
  0x000001ebdac46050 JavaThread "Unconstrained build operations Thread 2"        [_thread_blocked, id=38216, stack(0x000000283ce00000,0x000000283cf00000) (1024K)]
  0x000001ebdac4a1f0 JavaThread "Unconstrained build operations Thread 3"        [_thread_blocked, id=18576, stack(0x000000283cf00000,0x000000283d000000) (1024K)]
  0x000001ebdac46d70 JavaThread "Unconstrained build operations Thread 4"        [_thread_blocked, id=57480, stack(0x000000283e300000,0x000000283e400000) (1024K)]
  0x000001ebdac4c950 JavaThread "Unconstrained build operations Thread 5"        [_thread_blocked, id=41672, stack(0x000000283e400000,0x000000283e500000) (1024K)]
  0x000001ebdac4bc30 JavaThread "Unconstrained build operations Thread 6"        [_thread_blocked, id=53336, stack(0x000000283e800000,0x000000283e900000) (1024K)]
  0x000001ebdac4d670 JavaThread "Unconstrained build operations Thread 7"        [_thread_blocked, id=41240, stack(0x000000283e900000,0x000000283ea00000) (1024K)]
  0x000001ebdac4dd00 JavaThread "Unconstrained build operations Thread 8"        [_thread_blocked, id=57928, stack(0x000000283eb00000,0x000000283ec00000) (1024K)]
  0x000001ebdac4a880 JavaThread "Unconstrained build operations Thread 9"        [_thread_blocked, id=29784, stack(0x000000283ef00000,0x000000283f000000) (1024K)]
  0x000001ebdac4e390 JavaThread "Unconstrained build operations Thread 10"        [_thread_blocked, id=58236, stack(0x000000283f000000,0x000000283f100000) (1024K)]
  0x000001ebdac4af10 JavaThread "Unconstrained build operations Thread 11"        [_thread_blocked, id=14412, stack(0x000000283f100000,0x000000283f200000) (1024K)]
  0x000001ebdac51180 JavaThread "Unconstrained build operations Thread 12"        [_thread_blocked, id=29876, stack(0x000000283f200000,0x000000283f300000) (1024K)]
  0x000001ebdac50460 JavaThread "Unconstrained build operations Thread 13"        [_thread_blocked, id=41976, stack(0x000000283f300000,0x000000283f400000) (1024K)]
  0x000001ebdac50af0 JavaThread "Unconstrained build operations Thread 14"        [_thread_blocked, id=19896, stack(0x000000283f400000,0x000000283f500000) (1024K)]
  0x000001ebdac4ea20 JavaThread "Unconstrained build operations Thread 15"        [_thread_blocked, id=40356, stack(0x000000283f500000,0x000000283f600000) (1024K)]
  0x000001ebdac52530 JavaThread "Unconstrained build operations Thread 16"        [_thread_blocked, id=28052, stack(0x000000283f600000,0x000000283f700000) (1024K)]
  0x000001ebdac51810 JavaThread "Unconstrained build operations Thread 17"        [_thread_blocked, id=55692, stack(0x000000283f700000,0x000000283f800000) (1024K)]
  0x000001ebdac51ea0 JavaThread "Unconstrained build operations Thread 18"        [_thread_blocked, id=38796, stack(0x000000283f800000,0x000000283f900000) (1024K)]
  0x000001ebdac4f740 JavaThread "Unconstrained build operations Thread 19"        [_thread_blocked, id=44064, stack(0x000000283f900000,0x000000283fa00000) (1024K)]
  0x000001ebdac52bc0 JavaThread "Unconstrained build operations Thread 20"        [_thread_blocked, id=23088, stack(0x000000283fa00000,0x000000283fb00000) (1024K)]
  0x000001ebdac53250 JavaThread "Unconstrained build operations Thread 21"        [_thread_blocked, id=25976, stack(0x000000283fb00000,0x000000283fc00000) (1024K)]
  0x000001ebdac4fdd0 JavaThread "Unconstrained build operations Thread 22"        [_thread_blocked, id=48652, stack(0x000000283fc00000,0x000000283fd00000) (1024K)]
  0x000001ebdac559b0 JavaThread "Unconstrained build operations Thread 23"        [_thread_blocked, id=36948, stack(0x000000283fd00000,0x000000283fe00000) (1024K)]
  0x000001ebdac54600 JavaThread "Unconstrained build operations Thread 24"        [_thread_blocked, id=51400, stack(0x000000283fe00000,0x000000283ff00000) (1024K)]
  0x000001ebdac54c90 JavaThread "Unconstrained build operations Thread 25"        [_thread_blocked, id=54916, stack(0x000000283ff00000,0x0000002840000000) (1024K)]
  0x000001ebdac56040 JavaThread "Unconstrained build operations Thread 26"        [_thread_blocked, id=45756, stack(0x0000002840000000,0x0000002840100000) (1024K)]
  0x000001ebdac55320 JavaThread "Unconstrained build operations Thread 27"        [_thread_blocked, id=53564, stack(0x0000002840100000,0x0000002840200000) (1024K)]
  0x000001ebdac566d0 JavaThread "Unconstrained build operations Thread 28"        [_thread_blocked, id=52780, stack(0x0000002840200000,0x0000002840300000) (1024K)]
  0x000001ebdac56d60 JavaThread "Unconstrained build operations Thread 29"        [_thread_blocked, id=14824, stack(0x0000002840300000,0x0000002840400000) (1024K)]
  0x000001ebdac538e0 JavaThread "Unconstrained build operations Thread 30"        [_thread_blocked, id=44040, stack(0x0000002840400000,0x0000002840500000) (1024K)]
  0x000001ebdac573f0 JavaThread "Unconstrained build operations Thread 31"        [_thread_blocked, id=58184, stack(0x0000002840500000,0x0000002840600000) (1024K)]
  0x000001ebdac53f70 JavaThread "Unconstrained build operations Thread 32"        [_thread_blocked, id=51660, stack(0x0000002840600000,0x0000002840700000) (1024K)]
  0x000001ebdac587a0 JavaThread "Unconstrained build operations Thread 33"        [_thread_blocked, id=55880, stack(0x0000002840700000,0x0000002840800000) (1024K)]
  0x000001ebdac5a870 JavaThread "Unconstrained build operations Thread 34"        [_thread_blocked, id=36600, stack(0x0000002840800000,0x0000002840900000) (1024K)]
  0x000001ebdac5af00 JavaThread "Unconstrained build operations Thread 35"        [_thread_blocked, id=17556, stack(0x0000002840900000,0x0000002840a00000) (1024K)]
  0x000001ebdac594c0 JavaThread "Unconstrained build operations Thread 36"        [_thread_blocked, id=57656, stack(0x0000002840a00000,0x0000002840b00000) (1024K)]
  0x000001ebdac57a80 JavaThread "Unconstrained build operations Thread 37"        [_thread_blocked, id=40524, stack(0x0000002840b00000,0x0000002840c00000) (1024K)]
  0x000001ebdac58e30 JavaThread "Unconstrained build operations Thread 38"        [_thread_blocked, id=19904, stack(0x0000002840c00000,0x0000002840d00000) (1024K)]
  0x000001ebdac5b590 JavaThread "Unconstrained build operations Thread 39"        [_thread_blocked, id=40436, stack(0x0000002840d00000,0x0000002840e00000) (1024K)]
  0x000001ebdac58110 JavaThread "Unconstrained build operations Thread 40"        [_thread_blocked, id=38684, stack(0x0000002840e00000,0x0000002840f00000) (1024K)]
  0x000001ebdac5c2b0 JavaThread "Unconstrained build operations Thread 41"        [_thread_blocked, id=37496, stack(0x0000002840f00000,0x0000002841000000) (1024K)]
  0x000001ebdac5ea10 JavaThread "Unconstrained build operations Thread 42"        [_thread_blocked, id=42576, stack(0x0000002841000000,0x0000002841100000) (1024K)]
  0x000001ebdac5bc20 JavaThread "Unconstrained build operations Thread 43"        [_thread_blocked, id=46264, stack(0x0000002841100000,0x0000002841200000) (1024K)]
  0x000001ebdac5dcf0 JavaThread "Unconstrained build operations Thread 44"        [_thread_blocked, id=42944, stack(0x0000002841200000,0x0000002841300000) (1024K)]
  0x000001ebdac5e380 JavaThread "Unconstrained build operations Thread 45"        [_thread_blocked, id=18564, stack(0x0000002841300000,0x0000002841400000) (1024K)]
  0x000001ebdac5f0a0 JavaThread "Unconstrained build operations Thread 46"        [_thread_blocked, id=55872, stack(0x0000002841400000,0x0000002841500000) (1024K)]
  0x000001ebdac5c940 JavaThread "Unconstrained build operations Thread 47"        [_thread_blocked, id=46416, stack(0x0000002841500000,0x0000002841600000) (1024K)]
  0x000001ebdac5cfd0 JavaThread "Unconstrained build operations Thread 48"        [_thread_blocked, id=42220, stack(0x0000002841600000,0x0000002841700000) (1024K)]
  0x000001ebdac62bb0 JavaThread "Unconstrained build operations Thread 49"        [_thread_blocked, id=51144, stack(0x0000002841700000,0x0000002841800000) (1024K)]
  0x000001ebdac62520 JavaThread "Unconstrained build operations Thread 50"        [_thread_blocked, id=50496, stack(0x0000002841800000,0x0000002841900000) (1024K)]
  0x000001ebdac5f730 JavaThread "Unconstrained build operations Thread 51"        [_thread_blocked, id=48004, stack(0x0000002841900000,0x0000002841a00000) (1024K)]
  0x000001ebdac63240 JavaThread "Unconstrained build operations Thread 52"        [_thread_blocked, id=53516, stack(0x0000002841a00000,0x0000002841b00000) (1024K)]
  0x000001ebdac60ae0 JavaThread "Unconstrained build operations Thread 53"        [_thread_blocked, id=58920, stack(0x0000002841b00000,0x0000002841c00000) (1024K)]
  0x000001ebdac61170 JavaThread "Unconstrained build operations Thread 54"        [_thread_blocked, id=12628, stack(0x0000002841c00000,0x0000002841d00000) (1024K)]
  0x000001ebdac60450 JavaThread "Unconstrained build operations Thread 55"        [_thread_blocked, id=18504, stack(0x0000002841d00000,0x0000002841e00000) (1024K)]
  0x000001ebdac5fdc0 JavaThread "Unconstrained build operations Thread 56"        [_thread_blocked, id=680, stack(0x0000002841e00000,0x0000002841f00000) (1024K)]
  0x000001ebdac61800 JavaThread "Unconstrained build operations Thread 57"        [_thread_blocked, id=2652, stack(0x0000002841f00000,0x0000002842000000) (1024K)]
  0x000001ebdac638d0 JavaThread "Unconstrained build operations Thread 58"        [_thread_blocked, id=41616, stack(0x0000002842000000,0x0000002842100000) (1024K)]
  0x000001ebdac61e90 JavaThread "Unconstrained build operations Thread 59"        [_thread_blocked, id=49388, stack(0x0000002842100000,0x0000002842200000) (1024K)]
  0x000001ebdac63f60 JavaThread "Unconstrained build operations Thread 60"        [_thread_blocked, id=15968, stack(0x0000002842200000,0x0000002842300000) (1024K)]
  0x000001ebdac645f0 JavaThread "Unconstrained build operations Thread 61"        [_thread_blocked, id=14620, stack(0x0000002842300000,0x0000002842400000) (1024K)]
  0x000001ebd9f442c0 JavaThread "Unconstrained build operations Thread 62"        [_thread_blocked, id=27816, stack(0x0000002842400000,0x0000002842500000) (1024K)]
  0x000001ebd9f43c30 JavaThread "build event listener"              [_thread_blocked, id=20420, stack(0x0000002842500000,0x0000002842600000) (1024K)]
  0x000001ebd2c9a480 JavaThread "C1 CompilerThread1"         daemon [_thread_blocked, id=45564, stack(0x0000002842600000,0x0000002842700000) (1024K)]
  0x000001ebd9f3d040 JavaThread "C1 CompilerThread2"         daemon [_thread_blocked, id=28636, stack(0x0000002842700000,0x0000002842800000) (1024K)]
  0x000001ebd9f3e4b0 JavaThread "C1 CompilerThread3"         daemon [_thread_blocked, id=7852, stack(0x0000002842800000,0x0000002842900000) (1024K)]
  0x000001ebd9f3dde0 JavaThread "C1 CompilerThread4"         daemon [_thread_blocked, id=3408, stack(0x0000002842900000,0x0000002842a00000) (1024K)]
  0x000001ebd9f435a0 JavaThread "included builds"                   [_thread_blocked, id=46584, stack(0x0000002842a00000,0x0000002842b00000) (1024K)]
  0x000001ebd9f44fe0 JavaThread "Execution worker"                  [_thread_blocked, id=48260, stack(0x0000002842b00000,0x0000002842c00000) (1024K)]
  0x000001ebd9f45670 JavaThread "Execution worker Thread 2"         [_thread_blocked, id=22368, stack(0x0000002842c00000,0x0000002842d00000) (1024K)]
  0x000001ebd9f45d00 JavaThread "Execution worker Thread 3"         [_thread_blocked, id=45576, stack(0x0000002842d00000,0x0000002842e00000) (1024K)]
  0x000001ebd9f46390 JavaThread "Execution worker Thread 4"         [_thread_blocked, id=5132, stack(0x0000002842e00000,0x0000002842f00000) (1024K)]
  0x000001ebd9f42f10 JavaThread "Execution worker Thread 5"         [_thread_blocked, id=31244, stack(0x0000002842f00000,0x0000002843000000) (1024K)]
  0x000001ebd9f47740 JavaThread "Execution worker Thread 6"         [_thread_blocked, id=42448, stack(0x0000002843000000,0x0000002843100000) (1024K)]
  0x000001ebd9f49810 JavaThread "Execution worker Thread 7"         [_thread_blocked, id=47448, stack(0x0000002843100000,0x0000002843200000) (1024K)]
  0x000001ebd9f48af0 JavaThread "Execution worker Thread 8"         [_thread_blocked, id=15820, stack(0x0000002843200000,0x0000002843300000) (1024K)]
  0x000001ebd9f48460 JavaThread "Execution worker Thread 9"         [_thread_blocked, id=52788, stack(0x0000002843300000,0x0000002843400000) (1024K)]
  0x000001ebd9f49180 JavaThread "Cache worker for execution history cache (C:\Users\1\Desktop\Android\CreeperBoxVersion\.gradle\8.10\executionHistory)"        [_thread_blocked, id=14500, stack(0x0000002843400000,0x0000002843500000) (1024K)]
  0x000001ebd9f46a20 JavaThread "Execution worker Thread 10"        [_thread_blocked, id=10956, stack(0x0000002843500000,0x0000002843600000) (1024K)]
  0x000001ebd9f47dd0 JavaThread "Execution worker Thread 11"        [_thread_blocked, id=48608, stack(0x0000002843600000,0x0000002843700000) (1024K)]
  0x000001ebd9f49ea0 JavaThread "Execution worker Thread 12"        [_thread_blocked, id=27936, stack(0x0000002843700000,0x0000002843800000) (1024K)]
  0x000001ebd9f4a530 JavaThread "Execution worker Thread 13"        [_thread_blocked, id=51196, stack(0x0000002843800000,0x0000002843900000) (1024K)]
  0x000001ebd9f470b0 JavaThread "Execution worker Thread 14"        [_thread_blocked, id=18828, stack(0x0000002843900000,0x0000002843a00000) (1024K)]
  0x000001ebd9f4abc0 JavaThread "Execution worker Thread 15"        [_thread_blocked, id=23120, stack(0x0000002843a00000,0x0000002843b00000) (1024K)]
  0x000001ebd9f4e040 JavaThread "Execution worker Thread 16"        [_thread_blocked, id=33916, stack(0x0000002843b00000,0x0000002843c00000) (1024K)]
  0x000001ebd9f4d9b0 JavaThread "Execution worker Thread 17"        [_thread_blocked, id=29584, stack(0x0000002843c00000,0x0000002843d00000) (1024K)]
  0x000001ebd9f4cc90 JavaThread "Execution worker Thread 18"        [_thread_blocked, id=38696, stack(0x0000002843d00000,0x0000002843e00000) (1024K)]
  0x000001ebd9f4e6d0 JavaThread "Execution worker Thread 19"        [_thread_blocked, id=12652, stack(0x0000002843e00000,0x0000002843f00000) (1024K)]
  0x000001ebd9f4d320 JavaThread "Execution worker Thread 20"        [_thread_blocked, id=51748, stack(0x0000002843f00000,0x0000002844000000) (1024K)]
  0x000001ebd9f4c600 JavaThread "Execution worker Thread 21"        [_thread_blocked, id=59212, stack(0x0000002844000000,0x0000002844100000) (1024K)]
  0x000001ebd9f4b250 JavaThread "Execution worker Thread 22"        [_thread_blocked, id=56624, stack(0x0000002844100000,0x0000002844200000) (1024K)]
  0x000001ebd9f4ed60 JavaThread "Execution worker Thread 23"        [_thread_blocked, id=42188, stack(0x0000002844200000,0x0000002844300000) (1024K)]
  0x000001ebd9f4b8e0 JavaThread "Execution worker Thread 24"        [_thread_blocked, id=31420, stack(0x0000002844300000,0x0000002844400000) (1024K)]
  0x000001ebd9f4bf70 JavaThread "Execution worker Thread 25"        [_thread_blocked, id=48684, stack(0x0000002844400000,0x0000002844500000) (1024K)]
  0x000001ebd9f51b50 JavaThread "Execution worker Thread 26"        [_thread_blocked, id=740, stack(0x0000002844500000,0x0000002844600000) (1024K)]
  0x000001ebd9f50110 JavaThread "Execution worker Thread 27"        [_thread_blocked, id=58128, stack(0x0000002844600000,0x0000002844700000) (1024K)]
  0x000001ebd9f521e0 JavaThread "Execution worker Thread 28"        [_thread_blocked, id=33660, stack(0x0000002844700000,0x0000002844800000) (1024K)]
  0x000001ebd9f507a0 JavaThread "Execution worker Thread 29"        [_thread_blocked, id=45516, stack(0x0000002844800000,0x0000002844900000) (1024K)]
  0x000001ebd9f4fa80 JavaThread "Execution worker Thread 30"        [_thread_blocked, id=1516, stack(0x0000002844900000,0x0000002844a00000) (1024K)]
  0x000001ebd9f50e30 JavaThread "Execution worker Thread 31"        [_thread_blocked, id=59372, stack(0x0000002844a00000,0x0000002844b00000) (1024K)]
  0x000001ebd9f514c0 JavaThread "Unconstrained build operations Thread 63"        [_thread_blocked, id=4964, stack(0x0000002844b00000,0x0000002844c00000) (1024K)]
  0x000001ebd9f4f3f0 JavaThread "Unconstrained build operations Thread 64"        [_thread_blocked, id=37268, stack(0x0000002844d00000,0x0000002844e00000) (1024K)]
  0x000001ebda8fb430 JavaThread "Unconstrained build operations Thread 65"        [_thread_blocked, id=44380, stack(0x0000002845000000,0x0000002845100000) (1024K)]
  0x000001ebda8fa710 JavaThread "Unconstrained build operations Thread 66"        [_thread_blocked, id=41292, stack(0x0000002845100000,0x0000002845200000) (1024K)]
  0x000001ebda8fada0 JavaThread "Unconstrained build operations Thread 67"        [_thread_blocked, id=28144, stack(0x0000002845200000,0x0000002845300000) (1024K)]
  0x000001ebda8fe220 JavaThread "Unconstrained build operations Thread 68"        [_thread_blocked, id=45372, stack(0x0000002845300000,0x0000002845400000) (1024K)]
  0x000001ebda8fdb90 JavaThread "Unconstrained build operations Thread 69"        [_thread_blocked, id=27760, stack(0x0000002845400000,0x0000002845500000) (1024K)]
  0x000001ebda8fef40 JavaThread "Unconstrained build operations Thread 70"        [_thread_blocked, id=46980, stack(0x0000002845500000,0x0000002845600000) (1024K)]
  0x000001ebda8fbac0 JavaThread "Unconstrained build operations Thread 71"        [_thread_blocked, id=27232, stack(0x0000002845600000,0x0000002845700000) (1024K)]
  0x000001ebda8fd500 JavaThread "Unconstrained build operations Thread 72"        [_thread_blocked, id=20664, stack(0x0000002845700000,0x0000002845800000) (1024K)]
  0x000001ebda8fe8b0 JavaThread "Unconstrained build operations Thread 73"        [_thread_blocked, id=50512, stack(0x0000002845800000,0x0000002845900000) (1024K)]
  0x000001ebda8fc150 JavaThread "Unconstrained build operations Thread 74"        [_thread_blocked, id=18908, stack(0x0000002845900000,0x0000002845a00000) (1024K)]
  0x000001ebda8ff5d0 JavaThread "Unconstrained build operations Thread 75"        [_thread_blocked, id=44060, stack(0x0000002845a00000,0x0000002845b00000) (1024K)]
  0x000001ebda8ffc60 JavaThread "Unconstrained build operations Thread 76"        [_thread_blocked, id=26412, stack(0x0000002845b00000,0x0000002845c00000) (1024K)]
  0x000001ebda9002f0 JavaThread "Unconstrained build operations Thread 77"        [_thread_blocked, id=27916, stack(0x0000002845c00000,0x0000002845d00000) (1024K)]
  0x000001ebda8fce70 JavaThread "Unconstrained build operations Thread 78"        [_thread_blocked, id=38360, stack(0x0000002845d00000,0x0000002845e00000) (1024K)]
  0x000001ebda903770 JavaThread "Unconstrained build operations Thread 79"        [_thread_blocked, id=11260, stack(0x0000002845e00000,0x0000002845f00000) (1024K)]
  0x000001ebda902a50 JavaThread "Unconstrained build operations Thread 80"        [_thread_blocked, id=56368, stack(0x0000002845f00000,0x0000002846000000) (1024K)]
  0x000001ebda903e00 JavaThread "Unconstrained build operations Thread 81"        [_thread_blocked, id=22824, stack(0x0000002846000000,0x0000002846100000) (1024K)]
  0x000001ebda901d30 JavaThread "Unconstrained build operations Thread 82"        [_thread_blocked, id=4332, stack(0x0000002846100000,0x0000002846200000) (1024K)]
  0x000001ebda9030e0 JavaThread "Unconstrained build operations Thread 83"        [_thread_blocked, id=42352, stack(0x0000002846200000,0x0000002846300000) (1024K)]
  0x000001ebda900980 JavaThread "Unconstrained build operations Thread 84"        [_thread_blocked, id=49784, stack(0x0000002846300000,0x0000002846400000) (1024K)]
  0x000001ebda9023c0 JavaThread "Unconstrained build operations Thread 85"        [_thread_blocked, id=54024, stack(0x0000002846400000,0x0000002846500000) (1024K)]
  0x000001ebda904490 JavaThread "Unconstrained build operations Thread 86"        [_thread_blocked, id=15736, stack(0x0000002846500000,0x0000002846600000) (1024K)]
  0x000001ebda901010 JavaThread "Unconstrained build operations Thread 87"        [_thread_blocked, id=10028, stack(0x0000002846600000,0x0000002846700000) (1024K)]
  0x000001ebda905840 JavaThread "Unconstrained build operations Thread 88"        [_thread_blocked, id=16808, stack(0x0000002846700000,0x0000002846800000) (1024K)]
  0x000001ebda907280 JavaThread "Unconstrained build operations Thread 89"        [_thread_blocked, id=30464, stack(0x0000002846800000,0x0000002846900000) (1024K)]
  0x000001ebda9051b0 JavaThread "Unconstrained build operations Thread 90"        [_thread_blocked, id=48496, stack(0x0000002846900000,0x0000002846a00000) (1024K)]
  0x000001ebda907fa0 JavaThread "Unconstrained build operations Thread 91"        [_thread_blocked, id=4112, stack(0x0000002846a00000,0x0000002846b00000) (1024K)]
  0x000001ebda904b20 JavaThread "Unconstrained build operations Thread 92"        [_thread_blocked, id=28628, stack(0x0000002846b00000,0x0000002846c00000) (1024K)]
  0x000001ebda907910 JavaThread "Unconstrained build operations Thread 93"        [_thread_blocked, id=59160, stack(0x0000002846c00000,0x0000002846d00000) (1024K)]
  0x000001ebda908630 JavaThread "Unconstrained build operations Thread 94"        [_thread_blocked, id=59032, stack(0x0000002846d00000,0x0000002846e00000) (1024K)]
  0x000001ebda908cc0 JavaThread "Unconstrained build operations Thread 95"        [_thread_blocked, id=15964, stack(0x0000002846e00000,0x0000002846f00000) (1024K)]
  0x000001ebda909350 JavaThread "Unconstrained build operations Thread 96"        [_thread_blocked, id=58228, stack(0x0000002846f00000,0x0000002847000000) (1024K)]
  0x000001ebda906bf0 JavaThread "Unconstrained build operations Thread 97"        [_thread_blocked, id=51488, stack(0x0000002847000000,0x0000002847100000) (1024K)]
  0x000001ebda905ed0 JavaThread "Unconstrained build operations Thread 98"        [_thread_blocked, id=16304, stack(0x0000002847100000,0x0000002847200000) (1024K)]
  0x000001ebda9099e0 JavaThread "Unconstrained build operations Thread 99"        [_thread_blocked, id=5768, stack(0x0000002847200000,0x0000002847300000) (1024K)]
  0x000001ebd03411d0 JavaThread "Unconstrained build operations Thread 100"        [_thread_blocked, id=43868, stack(0x0000002847300000,0x0000002847400000) (1024K)]
  0x000001ebd0343fc0 JavaThread "Unconstrained build operations Thread 101"        [_thread_blocked, id=40012, stack(0x0000002847400000,0x0000002847500000) (1024K)]
  0x000001ebd0344650 JavaThread "Unconstrained build operations Thread 102"        [_thread_blocked, id=33692, stack(0x0000002847500000,0x0000002847600000) (1024K)]
  0x000001ebd0341860 JavaThread "Unconstrained build operations Thread 103"        [_thread_blocked, id=48232, stack(0x0000002847600000,0x0000002847700000) (1024K)]
  0x000001ebd0341ef0 JavaThread "Unconstrained build operations Thread 104"        [_thread_blocked, id=2764, stack(0x0000002847700000,0x0000002847800000) (1024K)]
  0x000001ebd03432a0 JavaThread "Unconstrained build operations Thread 105"        [_thread_blocked, id=53368, stack(0x0000002847800000,0x0000002847900000) (1024K)]
  0x000001ebd0340b40 JavaThread "Unconstrained build operations Thread 106"        [_thread_blocked, id=41080, stack(0x0000002847900000,0x0000002847a00000) (1024K)]
  0x000001ebd0345370 JavaThread "Unconstrained build operations Thread 107"        [_thread_blocked, id=12136, stack(0x0000002847a00000,0x0000002847b00000) (1024K)]
  0x000001ebd0342580 JavaThread "Unconstrained build operations Thread 108"        [_thread_blocked, id=53768, stack(0x0000002847b00000,0x0000002847c00000) (1024K)]
  0x000001ebd0345a00 JavaThread "Unconstrained build operations Thread 109"        [_thread_blocked, id=44928, stack(0x0000002847c00000,0x0000002847d00000) (1024K)]
  0x000001ebd0344ce0 JavaThread "Unconstrained build operations Thread 110"        [_thread_blocked, id=32012, stack(0x0000002847d00000,0x0000002847e00000) (1024K)]
  0x000001ebd0346090 JavaThread "Unconstrained build operations Thread 111"        [_thread_blocked, id=19588, stack(0x0000002847e00000,0x0000002847f00000) (1024K)]
  0x000001ebd0342c10 JavaThread "Unconstrained build operations Thread 112"        [_thread_blocked, id=19060, stack(0x0000002847f00000,0x0000002848000000) (1024K)]
  0x000001ebd03487f0 JavaThread "Unconstrained build operations Thread 113"        [_thread_blocked, id=18152, stack(0x0000002848000000,0x0000002848100000) (1024K)]
  0x000001ebd0346db0 JavaThread "Unconstrained build operations Thread 114"        [_thread_blocked, id=2904, stack(0x0000002848100000,0x0000002848200000) (1024K)]
  0x000001ebd0348e80 JavaThread "Unconstrained build operations Thread 115"        [_thread_blocked, id=56872, stack(0x0000002848200000,0x0000002848300000) (1024K)]
  0x000001ebd0348160 JavaThread "Unconstrained build operations Thread 116"        [_thread_blocked, id=56540, stack(0x0000002848300000,0x0000002848400000) (1024K)]
  0x000001ebd0347440 JavaThread "Unconstrained build operations Thread 117"        [_thread_blocked, id=15320, stack(0x0000002848400000,0x0000002848500000) (1024K)]
  0x000001ebd0349510 JavaThread "Unconstrained build operations Thread 118"        [_thread_blocked, id=26360, stack(0x0000002848500000,0x0000002848600000) (1024K)]
  0x000001ebd0349ba0 JavaThread "Unconstrained build operations Thread 119"        [_thread_blocked, id=53608, stack(0x0000002848600000,0x0000002848700000) (1024K)]
  0x000001ebd0346720 JavaThread "Unconstrained build operations Thread 120"        [_thread_blocked, id=15636, stack(0x0000002848700000,0x0000002848800000) (1024K)]
  0x000001ebd034a230 JavaThread "Unconstrained build operations Thread 121"        [_thread_blocked, id=24060, stack(0x0000002848800000,0x0000002848900000) (1024K)]
  0x000001ebd034af50 JavaThread "Unconstrained build operations Thread 122"        [_thread_blocked, id=14880, stack(0x0000002848900000,0x0000002848a00000) (1024K)]
  0x000001ebd0347ad0 JavaThread "Unconstrained build operations Thread 123"        [_thread_blocked, id=3424, stack(0x0000002848a00000,0x0000002848b00000) (1024K)]
  0x000001ebd034ea60 JavaThread "Unconstrained build operations Thread 124"        [_thread_blocked, id=3836, stack(0x0000002848b00000,0x0000002848c00000) (1024K)]
  0x000001ebd034dd40 JavaThread "Unconstrained build operations Thread 125"        [_thread_blocked, id=8928, stack(0x0000002848c00000,0x0000002848d00000) (1024K)]
  0x000001ebd034bc70 JavaThread "Unconstrained build operations Thread 126"        [_thread_blocked, id=28784, stack(0x0000002848d00000,0x0000002848e00000) (1024K)]
  0x000001ebd034b5e0 JavaThread "Unconstrained build operations Thread 127"        [_thread_blocked, id=39124, stack(0x0000002848e00000,0x0000002848f00000) (1024K)]
  0x000001ebd034f0f0 JavaThread "Unconstrained build operations Thread 128"        [_thread_blocked, id=51192, stack(0x0000002848f00000,0x0000002849000000) (1024K)]
  0x000001ebd034f780 JavaThread "Unconstrained build operations Thread 129"        [_thread_blocked, id=54412, stack(0x0000002849000000,0x0000002849100000) (1024K)]
  0x000001ebd034e3d0 JavaThread "Unconstrained build operations Thread 130"        [_thread_blocked, id=54420, stack(0x0000002849100000,0x0000002849200000) (1024K)]
  0x000001ebd034c300 JavaThread "Unconstrained build operations Thread 131"        [_thread_blocked, id=30460, stack(0x0000002849200000,0x0000002849300000) (1024K)]
  0x000001ebd034fe10 JavaThread "Build operations"                  [_thread_blocked, id=21984, stack(0x0000002849300000,0x0000002849400000) (1024K)]
  0x000001ebd034c990 JavaThread "Build operations Thread 2"         [_thread_blocked, id=58464, stack(0x0000002849500000,0x0000002849600000) (1024K)]
  0x000001ebd034d020 JavaThread "Build operations Thread 3"         [_thread_blocked, id=27776, stack(0x0000002849600000,0x0000002849700000) (1024K)]
  0x000001ebd034d6b0 JavaThread "Build operations Thread 4"         [_thread_blocked, id=53080, stack(0x0000002849700000,0x0000002849800000) (1024K)]
  0x000001ebd4e52130 JavaThread "Build operations Thread 5"         [_thread_blocked, id=11248, stack(0x0000002849800000,0x0000002849900000) (1024K)]
  0x000001ebd4e527c0 JavaThread "Build operations Thread 6"         [_thread_blocked, id=46108, stack(0x0000002849900000,0x0000002849a00000) (1024K)]
  0x000001ebd4e4f340 JavaThread "Build operations Thread 7"         [_thread_blocked, id=54772, stack(0x0000002849a00000,0x0000002849b00000) (1024K)]
  0x000001ebd4e534e0 JavaThread "Build operations Thread 8"         [_thread_blocked, id=3308, stack(0x0000002849b00000,0x0000002849c00000) (1024K)]
  0x000001ebd4e50060 JavaThread "Build operations Thread 9"         [_thread_blocked, id=56500, stack(0x0000002849c00000,0x0000002849d00000) (1024K)]
  0x000001ebd4e50d80 JavaThread "Build operations Thread 10"        [_thread_blocked, id=20612, stack(0x0000002849d00000,0x0000002849e00000) (1024K)]
  0x000001ebd4e56ff0 JavaThread "Build operations Thread 11"        [_thread_blocked, id=45568, stack(0x000000284a000000,0x000000284a100000) (1024K)]
  0x000001ebd4e57680 JavaThread "Build operations Thread 12"        [_thread_blocked, id=50836, stack(0x000000284a200000,0x000000284a300000) (1024K)]
  0x000001ebd4e55c40 JavaThread "Build operations Thread 13"        [_thread_blocked, id=57460, stack(0x000000284a500000,0x000000284a600000) (1024K)]
  0x000001ebd4e58a30 JavaThread "Build operations Thread 14"        [_thread_blocked, id=56160, stack(0x000000284a700000,0x000000284a800000) (1024K)]
  0x000001ebd4e59750 JavaThread "Build operations Thread 15"        [_thread_blocked, id=48036, stack(0x000000284ad00000,0x000000284ae00000) (1024K)]
  0x000001ebd4e57d10 JavaThread "Build operations Thread 16"        [_thread_blocked, id=45884, stack(0x000000284b400000,0x000000284b500000) (1024K)]
  0x000001ebd4e583a0 JavaThread "Build operations Thread 17"        [_thread_blocked, id=43564, stack(0x000000284b600000,0x000000284b700000) (1024K)]
  0x000001ebd4e590c0 JavaThread "Build operations Thread 18"        [_thread_blocked, id=45640, stack(0x000000284b700000,0x000000284b800000) (1024K)]
  0x000001ebd4e562d0 JavaThread "Build operations Thread 19"        [_thread_blocked, id=42140, stack(0x000000284b800000,0x000000284b900000) (1024K)]
  0x000001ebd4e5a470 JavaThread "Build operations Thread 20"        [_thread_blocked, id=38280, stack(0x000000284b900000,0x000000284ba00000) (1024K)]
  0x000001ebd4e5b190 JavaThread "Build operations Thread 21"        [_thread_blocked, id=42948, stack(0x000000284ba00000,0x000000284bb00000) (1024K)]
  0x000001ebd4e5cbd0 JavaThread "Build operations Thread 22"        [_thread_blocked, id=38232, stack(0x000000284be00000,0x000000284bf00000) (1024K)]
  0x000001ebd4e5d260 JavaThread "Build operations Thread 23"        [_thread_blocked, id=5084, stack(0x000000284c000000,0x000000284c100000) (1024K)]
  0x000001ebd4e5beb0 JavaThread "Build operations Thread 24"        [_thread_blocked, id=46588, stack(0x000000284c100000,0x000000284c200000) (1024K)]
  0x000001ebd4e5b820 JavaThread "Build operations Thread 25"        [_thread_blocked, id=15936, stack(0x000000284c200000,0x000000284c300000) (1024K)]
  0x000001ebd4e5c540 JavaThread "Build operations Thread 26"        [_thread_blocked, id=58348, stack(0x000000284c300000,0x000000284c400000) (1024K)]
  0x000001ebd4e5d8f0 JavaThread "Build operations Thread 27"        [_thread_blocked, id=37384, stack(0x000000284c400000,0x000000284c500000) (1024K)]
  0x000001ebd4e5df80 JavaThread "Build operations Thread 28"        [_thread_blocked, id=52088, stack(0x000000284c500000,0x000000284c600000) (1024K)]
  0x000001ebd4e5ab00 JavaThread "Build operations Thread 29"        [_thread_blocked, id=54520, stack(0x000000284c600000,0x000000284c700000) (1024K)]
  0x000001ebd15a6510 JavaThread "Build operations Thread 30"        [_thread_blocked, id=49516, stack(0x000000284c700000,0x000000284c800000) (1024K)]
  0x000001ebd15a7f50 JavaThread "Build operations Thread 31"        [_thread_blocked, id=36888, stack(0x000000284c800000,0x000000284c900000) (1024K)]
  0x000001ebd20057b0 JavaThread "C2 CompilerThread1"         daemon [_thread_in_native, id=44208, stack(0x000000283cb00000,0x000000283cc00000) (1024K)]
  0x000001ebd3832550 JavaThread "C2 CompilerThread2"         daemon [_thread_in_native, id=42440, stack(0x000000283cc00000,0x000000283cd00000) (1024K)]
=>0x000001ebd2005e80 JavaThread "C2 CompilerThread3"         daemon [_thread_in_native, id=49592, stack(0x000000284c900000,0x000000284ca00000) (1024K)]
  0x000001ebd15a6ba0 JavaThread "WorkerExecutor Queue"              [_thread_blocked, id=24588, stack(0x000000284ca00000,0x000000284cb00000) (1024K)]
  0x000001ebd15a7230 JavaThread "WorkerExecutor Queue Thread 2"        [_thread_blocked, id=36776, stack(0x000000284cb00000,0x000000284cc00000) (1024K)]
  0x000001ebd15a78c0 JavaThread "WorkerExecutor Queue Thread 3"        [_thread_blocked, id=26580, stack(0x000000284cc00000,0x000000284cd00000) (1024K)]
  0x000001ebd15a9300 JavaThread "WorkerExecutor Queue Thread 4"        [_thread_blocked, id=51368, stack(0x000000284cd00000,0x000000284ce00000) (1024K)]
  0x000001ebd15a5e80 JavaThread "WorkerExecutor Queue Thread 5"        [_thread_blocked, id=10288, stack(0x000000284ce00000,0x000000284cf00000) (1024K)]
  0x000001ebd15ac0f0 JavaThread "WorkerExecutor Queue Thread 6"        [_thread_blocked, id=16920, stack(0x000000284cf00000,0x000000284d000000) (1024K)]
  0x000001ebd15aa6b0 JavaThread "WorkerExecutor Queue Thread 7"        [_thread_blocked, id=51444, stack(0x000000284d000000,0x000000284d100000) (1024K)]
  0x000001ebd15a9990 JavaThread "WorkerExecutor Queue Thread 8"        [_thread_in_native, id=4532, stack(0x000000284d100000,0x000000284d200000) (1024K)]
  0x000001ebd15aa020 JavaThread "WorkerExecutor Queue Thread 9"        [_thread_blocked, id=53892, stack(0x000000284d200000,0x000000284d300000) (1024K)]
  0x000001ebd15adb30 JavaThread "WorkerExecutor Queue Thread 10"        [_thread_blocked, id=58376, stack(0x000000284d300000,0x000000284d400000) (1024K)]
  0x000001ebd15aba60 JavaThread "WorkerExecutor Queue Thread 11"        [_thread_blocked, id=19584, stack(0x000000284d400000,0x000000284d500000) (1024K)]
  0x000001ebd15ae1c0 JavaThread "WorkerExecutor Queue Thread 12"        [_thread_blocked, id=47612, stack(0x000000284d500000,0x000000284d600000) (1024K)]
  0x000001ebd15aad40 JavaThread "WorkerExecutor Queue Thread 13"        [_thread_blocked, id=55672, stack(0x000000284d600000,0x000000284d700000) (1024K)]
  0x000001ebd15ace10 JavaThread "WorkerExecutor Queue Thread 14"        [_thread_blocked, id=28872, stack(0x000000284d700000,0x000000284d800000) (1024K)]
  0x000001ebd15ae850 JavaThread "WorkerExecutor Queue Thread 15"        [_thread_blocked, id=58672, stack(0x000000284d800000,0x000000284d900000) (1024K)]
  0x000001ebd15ab3d0 JavaThread "WorkerExecutor Queue Thread 16"        [_thread_blocked, id=55104, stack(0x000000284d900000,0x000000284da00000) (1024K)]
  0x000001ebd15aeee0 JavaThread "WorkerExecutor Queue Thread 17"        [_thread_blocked, id=51128, stack(0x000000284da00000,0x000000284db00000) (1024K)]
  0x000001ebd15af570 JavaThread "WorkerExecutor Queue Thread 18"        [_thread_blocked, id=6732, stack(0x000000284db00000,0x000000284dc00000) (1024K)]
  0x000001ebd15b0290 JavaThread "WorkerExecutor Queue Thread 19"        [_thread_blocked, id=18768, stack(0x000000284dc00000,0x000000284dd00000) (1024K)]
  0x000001ebd15b3da0 JavaThread "WorkerExecutor Queue Thread 20"        [_thread_blocked, id=16540, stack(0x000000284dd00000,0x000000284de00000) (1024K)]
  0x000001ebd4950670 JavaThread "WorkerExecutor Queue Thread 21"        [_thread_blocked, id=4012, stack(0x000000284de00000,0x000000284df00000) (1024K)]
  0x000001ebd494df10 JavaThread "WorkerExecutor Queue Thread 22"        [_thread_blocked, id=59084, stack(0x000000284df00000,0x000000284e000000) (1024K)]
  0x000001ebd14631a0 JavaThread "C2 CompilerThread4"         daemon [_thread_in_native, id=26972, stack(0x000000284e000000,0x000000284e100000) (1024K)]
  0x000001ebd494f950 JavaThread "WorkerExecutor Queue Thread 23"        [_thread_blocked, id=16864, stack(0x000000284ae00000,0x000000284af00000) (1024K)]
  0x000001ebd494d880 JavaThread "WorkerExecutor Queue Thread 25"        [_thread_blocked, id=55580, stack(0x000000284e200000,0x000000284e300000) (1024K)]
  0x000001ebd494ffe0 JavaThread "WorkerExecutor Queue Thread 26"        [_thread_blocked, id=55576, stack(0x000000284e300000,0x000000284e400000) (1024K)]
  0x000001ebd494d1f0 JavaThread "WorkerExecutor Queue Thread 27"        [_thread_blocked, id=16432, stack(0x000000284e400000,0x000000284e500000) (1024K)]
  0x000001ebd49520b0 JavaThread "WorkerExecutor Queue Thread 28"        [_thread_blocked, id=40440, stack(0x000000284e500000,0x000000284e600000) (1024K)]
  0x000001ebd1463870 JavaThread "C2 CompilerThread5"         daemon [_thread_in_native, id=38952, stack(0x000000284e600000,0x000000284e700000) (1024K)]
  0x000001ebd4951390 JavaThread "WorkerExecutor Queue Thread 29"        [_thread_blocked, id=36508, stack(0x000000284e700000,0x000000284e800000) (1024K)]
  0x000001ebd4951a20 JavaThread "WorkerExecutor Queue Thread 30"        [_thread_blocked, id=19276, stack(0x000000284e800000,0x000000284e900000) (1024K)]
  0x000001ebd4952740 JavaThread "WorkerExecutor Queue Thread 31"        [_thread_blocked, id=50436, stack(0x000000284e900000,0x000000284ea00000) (1024K)]
  0x000001ebd3879b90 JavaThread "WorkerExecutor Queue Thread 32"        [_thread_blocked, id=26052, stack(0x000000284ea00000,0x000000284eb00000) (1024K)]
Total: 294

Other Threads:
  0x000001ebc880fe00 VMThread "VM Thread"                           [id=37708, stack(0x000000283a900000,0x000000283aa00000) (1024K)]
  0x000001ebc77748c0 WatcherThread "VM Periodic Task Thread"        [id=36876, stack(0x000000283a800000,0x000000283a900000) (1024K)]
  0x000001ebaee78890 WorkerThread "GC Thread#0"                     [id=25068, stack(0x000000283a300000,0x000000283a400000) (1024K)]
  0x000001ebcd53fa80 WorkerThread "GC Thread#1"                     [id=57356, stack(0x000000283b800000,0x000000283b900000) (1024K)]
  0x000001ebcd887680 WorkerThread "GC Thread#2"                     [id=19120, stack(0x000000283b900000,0x000000283ba00000) (1024K)]
  0x000001ebcdba8020 WorkerThread "GC Thread#3"                     [id=48436, stack(0x000000283ba00000,0x000000283bb00000) (1024K)]
  0x000001ebcd7f6ff0 WorkerThread "GC Thread#4"                     [id=14752, stack(0x000000283bb00000,0x000000283bc00000) (1024K)]
  0x000001ebcd7f7390 WorkerThread "GC Thread#5"                     [id=53408, stack(0x000000283bc00000,0x000000283bd00000) (1024K)]
  0x000001ebcd7f7b40 WorkerThread "GC Thread#6"                     [id=56592, stack(0x000000283bd00000,0x000000283be00000) (1024K)]
  0x000001ebcdb4a830 WorkerThread "GC Thread#7"                     [id=56784, stack(0x000000283be00000,0x000000283bf00000) (1024K)]
  0x000001ebcdb4afd0 WorkerThread "GC Thread#8"                     [id=23320, stack(0x000000283bf00000,0x000000283c000000) (1024K)]
  0x000001ebcd461c70 WorkerThread "GC Thread#9"                     [id=16128, stack(0x000000283c000000,0x000000283c100000) (1024K)]
  0x000001ebcd462420 WorkerThread "GC Thread#10"                    [id=35000, stack(0x000000283c100000,0x000000283c200000) (1024K)]
  0x000001ebcd6d0d70 WorkerThread "GC Thread#11"                    [id=3288, stack(0x000000283c200000,0x000000283c300000) (1024K)]
  0x000001ebcd6d1110 WorkerThread "GC Thread#12"                    [id=23344, stack(0x000000283d000000,0x000000283d100000) (1024K)]
  0x000001ebcd6d1850 WorkerThread "GC Thread#13"                    [id=11016, stack(0x000000283d100000,0x000000283d200000) (1024K)]
  0x000001ebcd6d1f90 WorkerThread "GC Thread#14"                    [id=28920, stack(0x000000283d200000,0x000000283d300000) (1024K)]
  0x000001ebcf364cc0 WorkerThread "GC Thread#15"                    [id=46172, stack(0x000000283d300000,0x000000283d400000) (1024K)]
  0x000001ebcf363e40 WorkerThread "GC Thread#16"                    [id=35056, stack(0x000000283d400000,0x000000283d500000) (1024K)]
  0x000001ebcf363aa0 WorkerThread "GC Thread#17"                    [id=43680, stack(0x000000283d500000,0x000000283d600000) (1024K)]
  0x000001ebcf3641e0 WorkerThread "GC Thread#18"                    [id=33964, stack(0x000000283d600000,0x000000283d700000) (1024K)]
  0x000001ebcf363700 WorkerThread "GC Thread#19"                    [id=11364, stack(0x000000283d700000,0x000000283d800000) (1024K)]
  0x000001ebcf361a00 WorkerThread "GC Thread#20"                    [id=45292, stack(0x000000283d800000,0x000000283d900000) (1024K)]
  0x000001ebcf364580 WorkerThread "GC Thread#21"                    [id=50364, stack(0x000000283d900000,0x000000283da00000) (1024K)]
  0x000001ebcf362c20 WorkerThread "GC Thread#22"                    [id=47880, stack(0x000000283e200000,0x000000283e300000) (1024K)]
  0x000001ebaee89a50 ConcurrentGCThread "G1 Main Marker"            [id=55332, stack(0x000000283a400000,0x000000283a500000) (1024K)]
  0x000001ebaee8be80 WorkerThread "G1 Conc#0"                       [id=36500, stack(0x000000283a500000,0x000000283a600000) (1024K)]
  0x000001ebcf365060 WorkerThread "G1 Conc#1"                       [id=22496, stack(0x000000283da00000,0x000000283db00000) (1024K)]
  0x000001ebcf364920 WorkerThread "G1 Conc#2"                       [id=50240, stack(0x000000283db00000,0x000000283dc00000) (1024K)]
  0x000001ebcf361660 WorkerThread "G1 Conc#3"                       [id=44704, stack(0x000000283dc00000,0x000000283dd00000) (1024K)]
  0x000001ebcf361da0 WorkerThread "G1 Conc#4"                       [id=37832, stack(0x000000283dd00000,0x000000283de00000) (1024K)]
  0x000001ebcf362140 WorkerThread "G1 Conc#5"                       [id=58568, stack(0x000000283de00000,0x000000283df00000) (1024K)]
  0x000001ebc776a620 ConcurrentGCThread "G1 Refine#0"               [id=49380, stack(0x000000283a600000,0x000000283a700000) (1024K)]
  0x000001ebc776ab50 ConcurrentGCThread "G1 Service"                [id=9604, stack(0x000000283a700000,0x000000283a800000) (1024K)]
Total: 34

Threads with active compile tasks:
C2 CompilerThread0  708423 26228       4       org.gradle.api.internal.tasks.compile.incremental.compilerapi.deps.DependentSetSerializer::write (239 bytes)
C2 CompilerThread1  708423 26225       4       org.gradle.internal.serialize.HierarchicalNameSerializer::write (7 bytes)
C2 CompilerThread2  708423 26222       4       org.gradle.internal.serialize.HierarchicalNameSerializer::writeFirstOccurrenceOfName (73 bytes)
C2 CompilerThread3  708423 26226       4       org.gradle.internal.serialize.HierarchicalNameSerializer::writeName (88 bytes)
C2 CompilerThread4  708423 26242       4       com.google.gson.internal.$Gson$Types::canonicalize (139 bytes)
C2 CompilerThread5  708423 26253   !   4       java.io.ObjectInputStream$BlockDataInputStream::refill (136 bytes)
Total: 6

VM state: not at safepoint (normal execution)

VM Mutex/Monitor currently owned by a thread: None

Heap address: 0x0000000080000000, size: 2048 MB, Compressed Oops mode: 32-bit

CDS archive(s) not mapped
Compressed class space mapped at: 0x0000000100000000-0x0000000140000000, reserved size: 1073741824
Narrow klass base: 0x0000000000000000, Narrow klass shift: 3, Narrow klass range: 0x140000000

GC Precious Log:
 CardTable entry size: 512
 Card Set container configuration: InlinePtr #cards 5 size 8 Array Of Cards #cards 12 size 40 Howl #buckets 4 coarsen threshold 1843 Howl Bitmap #cards 512 size 80 coarsen threshold 460 Card regions per heap region 1 cards per card region 2048
 CPUs: 32 total, 32 available
 Memory: 32386M
 Large Page Support: Disabled
 NUMA Support: Disabled
 Compressed Oops: Enabled (32-bit)
 Heap Region Size: 1M
 Heap Min Capacity: 8M
 Heap Initial Capacity: 508M
 Heap Max Capacity: 2G
 Pre-touch: Disabled
 Parallel Workers: 23
 Concurrent Workers: 6
 Concurrent Refinement Workers: 23
 Periodic GC: Disabled

Heap:
 garbage-first heap   total 550912K, used 356638K [0x0000000080000000, 0x0000000100000000)
  region size 1024K, 218 young (223232K), 11 survivors (11264K)
 Metaspace       used 141916K, committed 144384K, reserved 1179648K
  class space    used 18847K, committed 20096K, reserved 1048576K

Heap Regions: E=young(eden), S=young(survivor), O=old, HS=humongous(starts), HC=humongous(continues), CS=collection set, F=free, TAMS=top-at-mark-start, PB=parsable bottom
|   0|0x0000000080000000, 0x0000000080100000, 0x0000000080100000|100%|HS|  |TAMS 0x0000000080000000| PB 0x0000000080000000| Complete 
|   1|0x0000000080100000, 0x0000000080200000, 0x0000000080200000|100%|HC|  |TAMS 0x0000000080100000| PB 0x0000000080100000| Complete 
|   2|0x0000000080200000, 0x0000000080300000, 0x0000000080300000|100%|HC|  |TAMS 0x0000000080200000| PB 0x0000000080200000| Complete 
|   3|0x0000000080300000, 0x0000000080400000, 0x0000000080400000|100%|HC|  |TAMS 0x0000000080300000| PB 0x0000000080300000| Complete 
|   4|0x0000000080400000, 0x0000000080500000, 0x0000000080500000|100%| O|  |TAMS 0x0000000080400000| PB 0x0000000080400000| Untracked 
|   5|0x0000000080500000, 0x0000000080600000, 0x0000000080600000|100%|HS|  |TAMS 0x0000000080500000| PB 0x0000000080500000| Complete 
|   6|0x0000000080600000, 0x0000000080700000, 0x0000000080700000|100%| O|  |TAMS 0x0000000080600000| PB 0x0000000080600000| Untracked 
|   7|0x0000000080700000, 0x0000000080800000, 0x0000000080800000|100%| O|  |TAMS 0x0000000080700000| PB 0x0000000080700000| Untracked 
|   8|0x0000000080800000, 0x0000000080900000, 0x0000000080900000|100%| O|  |TAMS 0x0000000080800000| PB 0x0000000080800000| Untracked 
|   9|0x0000000080900000, 0x0000000080a00000, 0x0000000080a00000|100%| O|  |TAMS 0x0000000080900000| PB 0x0000000080900000| Untracked 
|  10|0x0000000080a00000, 0x0000000080b00000, 0x0000000080b00000|100%|HS|  |TAMS 0x0000000080a00000| PB 0x0000000080a00000| Complete 
|  11|0x0000000080b00000, 0x0000000080c00000, 0x0000000080c00000|100%| O|  |TAMS 0x0000000080b00000| PB 0x0000000080b00000| Untracked 
|  12|0x0000000080c00000, 0x0000000080d00000, 0x0000000080d00000|100%| O|  |TAMS 0x0000000080c00000| PB 0x0000000080c00000| Untracked 
|  13|0x0000000080d00000, 0x0000000080e00000, 0x0000000080e00000|100%| O|  |TAMS 0x0000000080d00000| PB 0x0000000080d00000| Untracked 
|  14|0x0000000080e00000, 0x0000000080f00000, 0x0000000080f00000|100%| O|  |TAMS 0x0000000080e00000| PB 0x0000000080e00000| Untracked 
|  15|0x0000000080f00000, 0x0000000081000000, 0x0000000081000000|100%| O|  |TAMS 0x0000000080f00000| PB 0x0000000080f00000| Untracked 
|  16|0x0000000081000000, 0x0000000081100000, 0x0000000081100000|100%| O|  |TAMS 0x0000000081000000| PB 0x0000000081000000| Untracked 
|  17|0x0000000081100000, 0x0000000081200000, 0x0000000081200000|100%| O|  |TAMS 0x0000000081100000| PB 0x0000000081100000| Untracked 
|  18|0x0000000081200000, 0x0000000081300000, 0x0000000081300000|100%| O|  |TAMS 0x0000000081200000| PB 0x0000000081200000| Untracked 
|  19|0x0000000081300000, 0x0000000081400000, 0x0000000081400000|100%| O|  |TAMS 0x0000000081300000| PB 0x0000000081300000| Untracked 
|  20|0x0000000081400000, 0x0000000081500000, 0x0000000081500000|100%| O|  |TAMS 0x0000000081400000| PB 0x0000000081400000| Untracked 
|  21|0x0000000081500000, 0x0000000081600000, 0x0000000081600000|100%| O|  |TAMS 0x0000000081500000| PB 0x0000000081500000| Untracked 
|  22|0x0000000081600000, 0x0000000081700000, 0x0000000081700000|100%| O|  |TAMS 0x0000000081600000| PB 0x0000000081600000| Untracked 
|  23|0x0000000081700000, 0x0000000081800000, 0x0000000081800000|100%| O|  |TAMS 0x0000000081700000| PB 0x0000000081700000| Untracked 
|  24|0x0000000081800000, 0x0000000081900000, 0x0000000081900000|100%| O|  |TAMS 0x0000000081800000| PB 0x0000000081800000| Untracked 
|  25|0x0000000081900000, 0x0000000081a00000, 0x0000000081a00000|100%| O|  |TAMS 0x0000000081900000| PB 0x0000000081900000| Untracked 
|  26|0x0000000081a00000, 0x0000000081b00000, 0x0000000081b00000|100%| O|  |TAMS 0x0000000081a00000| PB 0x0000000081a00000| Untracked 
|  27|0x0000000081b00000, 0x0000000081c00000, 0x0000000081c00000|100%| O|  |TAMS 0x0000000081b00000| PB 0x0000000081b00000| Untracked 
|  28|0x0000000081c00000, 0x0000000081d00000, 0x0000000081d00000|100%|HS|  |TAMS 0x0000000081c00000| PB 0x0000000081c00000| Complete 
|  29|0x0000000081d00000, 0x0000000081e00000, 0x0000000081e00000|100%| O|  |TAMS 0x0000000081d00000| PB 0x0000000081d00000| Untracked 
|  30|0x0000000081e00000, 0x0000000081f00000, 0x0000000081f00000|100%| O|  |TAMS 0x0000000081e00000| PB 0x0000000081e00000| Untracked 
|  31|0x0000000081f00000, 0x0000000082000000, 0x0000000082000000|100%| O|  |TAMS 0x0000000081f00000| PB 0x0000000081f00000| Untracked 
|  32|0x0000000082000000, 0x0000000082100000, 0x0000000082100000|100%| O|  |TAMS 0x0000000082000000| PB 0x0000000082000000| Untracked 
|  33|0x0000000082100000, 0x0000000082200000, 0x0000000082200000|100%| O|  |TAMS 0x0000000082100000| PB 0x0000000082100000| Untracked 
|  34|0x0000000082200000, 0x0000000082300000, 0x0000000082300000|100%| O|  |TAMS 0x0000000082200000| PB 0x0000000082200000| Untracked 
|  35|0x0000000082300000, 0x0000000082400000, 0x0000000082400000|100%| O|  |TAMS 0x0000000082300000| PB 0x0000000082300000| Untracked 
|  36|0x0000000082400000, 0x0000000082500000, 0x0000000082500000|100%| O|  |TAMS 0x0000000082400000| PB 0x0000000082400000| Untracked 
|  37|0x0000000082500000, 0x0000000082600000, 0x0000000082600000|100%| O|  |TAMS 0x0000000082500000| PB 0x0000000082500000| Untracked 
|  38|0x0000000082600000, 0x0000000082700000, 0x0000000082700000|100%| O|  |TAMS 0x0000000082600000| PB 0x0000000082600000| Untracked 
|  39|0x0000000082700000, 0x0000000082800000, 0x0000000082800000|100%| O|  |TAMS 0x0000000082700000| PB 0x0000000082700000| Untracked 
|  40|0x0000000082800000, 0x0000000082900000, 0x0000000082900000|100%| O|  |TAMS 0x0000000082800000| PB 0x0000000082800000| Untracked 
|  41|0x0000000082900000, 0x0000000082a00000, 0x0000000082a00000|100%| O|  |TAMS 0x0000000082900000| PB 0x0000000082900000| Untracked 
|  42|0x0000000082a00000, 0x0000000082b00000, 0x0000000082b00000|100%| O|  |TAMS 0x0000000082a00000| PB 0x0000000082a00000| Untracked 
|  43|0x0000000082b00000, 0x0000000082c00000, 0x0000000082c00000|100%| O|  |TAMS 0x0000000082b00000| PB 0x0000000082b00000| Untracked 
|  44|0x0000000082c00000, 0x0000000082d00000, 0x0000000082d00000|100%| O|  |TAMS 0x0000000082c00000| PB 0x0000000082c00000| Untracked 
|  45|0x0000000082d00000, 0x0000000082e00000, 0x0000000082e00000|100%|HS|  |TAMS 0x0000000082d00000| PB 0x0000000082d00000| Complete 
|  46|0x0000000082e00000, 0x0000000082f00000, 0x0000000082f00000|100%| O|  |TAMS 0x0000000082e00000| PB 0x0000000082e00000| Untracked 
|  47|0x0000000082f00000, 0x0000000083000000, 0x0000000083000000|100%|HS|  |TAMS 0x0000000082f00000| PB 0x0000000082f00000| Complete 
|  48|0x0000000083000000, 0x0000000083100000, 0x0000000083100000|100%|HS|  |TAMS 0x0000000083000000| PB 0x0000000083000000| Complete 
|  49|0x0000000083100000, 0x0000000083200000, 0x0000000083200000|100%| O|  |TAMS 0x0000000083100000| PB 0x0000000083100000| Untracked 
|  50|0x0000000083200000, 0x0000000083300000, 0x0000000083300000|100%| O|  |TAMS 0x0000000083200000| PB 0x0000000083200000| Untracked 
|  51|0x0000000083300000, 0x0000000083400000, 0x0000000083400000|100%| O|  |TAMS 0x0000000083300000| PB 0x0000000083300000| Untracked 
|  52|0x0000000083400000, 0x0000000083500000, 0x0000000083500000|100%| O|  |TAMS 0x0000000083400000| PB 0x0000000083400000| Untracked 
|  53|0x0000000083500000, 0x0000000083600000, 0x0000000083600000|100%| O|Cm|TAMS 0x0000000083500000| PB 0x0000000083500000| Complete 
|  54|0x0000000083600000, 0x0000000083700000, 0x0000000083700000|100%| O|  |TAMS 0x0000000083600000| PB 0x0000000083600000| Untracked 
|  55|0x0000000083700000, 0x0000000083800000, 0x0000000083800000|100%| O|  |TAMS 0x0000000083700000| PB 0x0000000083700000| Untracked 
|  56|0x0000000083800000, 0x0000000083900000, 0x0000000083900000|100%| O|  |TAMS 0x0000000083800000| PB 0x0000000083800000| Untracked 
|  57|0x0000000083900000, 0x0000000083a00000, 0x0000000083a00000|100%| O|  |TAMS 0x0000000083900000| PB 0x0000000083900000| Untracked 
|  58|0x0000000083a00000, 0x0000000083b00000, 0x0000000083b00000|100%| O|  |TAMS 0x0000000083a00000| PB 0x0000000083a00000| Untracked 
|  59|0x0000000083b00000, 0x0000000083c00000, 0x0000000083c00000|100%| O|  |TAMS 0x0000000083b00000| PB 0x0000000083b00000| Untracked 
|  60|0x0000000083c00000, 0x0000000083d00000, 0x0000000083d00000|100%|HS|  |TAMS 0x0000000083c00000| PB 0x0000000083c00000| Complete 
|  61|0x0000000083d00000, 0x0000000083e00000, 0x0000000083e00000|100%| O|  |TAMS 0x0000000083d00000| PB 0x0000000083d00000| Untracked 
|  62|0x0000000083e00000, 0x0000000083f00000, 0x0000000083f00000|100%| O|  |TAMS 0x0000000083e00000| PB 0x0000000083e00000| Untracked 
|  63|0x0000000083f00000, 0x0000000084000000, 0x0000000084000000|100%|HS|  |TAMS 0x0000000083f00000| PB 0x0000000083f00000| Complete 
|  64|0x0000000084000000, 0x0000000084100000, 0x0000000084100000|100%| O|  |TAMS 0x0000000084000000| PB 0x0000000084000000| Untracked 
|  65|0x0000000084100000, 0x0000000084200000, 0x0000000084200000|100%| O|  |TAMS 0x0000000084100000| PB 0x0000000084100000| Untracked 
|  66|0x0000000084200000, 0x0000000084300000, 0x0000000084300000|100%| O|  |TAMS 0x0000000084200000| PB 0x0000000084200000| Untracked 
|  67|0x0000000084300000, 0x0000000084400000, 0x0000000084400000|100%| O|  |TAMS 0x0000000084300000| PB 0x0000000084300000| Untracked 
|  68|0x0000000084400000, 0x0000000084500000, 0x0000000084500000|100%| O|  |TAMS 0x0000000084400000| PB 0x0000000084400000| Untracked 
|  69|0x0000000084500000, 0x0000000084600000, 0x0000000084600000|100%| O|  |TAMS 0x0000000084500000| PB 0x0000000084500000| Untracked 
|  70|0x0000000084600000, 0x0000000084700000, 0x0000000084700000|100%| O|  |TAMS 0x0000000084600000| PB 0x0000000084600000| Untracked 
|  71|0x0000000084700000, 0x0000000084800000, 0x0000000084800000|100%| O|  |TAMS 0x0000000084700000| PB 0x0000000084700000| Untracked 
|  72|0x0000000084800000, 0x0000000084900000, 0x0000000084900000|100%| O|  |TAMS 0x0000000084800000| PB 0x0000000084800000| Untracked 
|  73|0x0000000084900000, 0x0000000084a00000, 0x0000000084a00000|100%| O|  |TAMS 0x0000000084900000| PB 0x0000000084900000| Untracked 
|  74|0x0000000084a00000, 0x0000000084b00000, 0x0000000084b00000|100%| O|Cm|TAMS 0x0000000084a00000| PB 0x0000000084a00000| Complete 
|  75|0x0000000084b00000, 0x0000000084c00000, 0x0000000084c00000|100%| O|  |TAMS 0x0000000084b00000| PB 0x0000000084b00000| Untracked 
|  76|0x0000000084c00000, 0x0000000084d00000, 0x0000000084d00000|100%| O|  |TAMS 0x0000000084c00000| PB 0x0000000084c00000| Untracked 
|  77|0x0000000084d00000, 0x0000000084e00000, 0x0000000084e00000|100%| O|  |TAMS 0x0000000084d00000| PB 0x0000000084d00000| Untracked 
|  78|0x0000000084e00000, 0x0000000084f00000, 0x0000000084f00000|100%| O|  |TAMS 0x0000000084e00000| PB 0x0000000084e00000| Untracked 
|  79|0x0000000084f00000, 0x0000000085000000, 0x0000000085000000|100%| O|  |TAMS 0x0000000084f00000| PB 0x0000000084f00000| Untracked 
|  80|0x0000000085000000, 0x0000000085100000, 0x0000000085100000|100%| O|  |TAMS 0x0000000085000000| PB 0x0000000085000000| Untracked 
|  81|0x0000000085100000, 0x0000000085200000, 0x0000000085200000|100%| O|  |TAMS 0x0000000085100000| PB 0x0000000085100000| Untracked 
|  82|0x0000000085200000, 0x0000000085300000, 0x0000000085300000|100%| O|  |TAMS 0x0000000085200000| PB 0x0000000085200000| Untracked 
|  83|0x0000000085300000, 0x0000000085400000, 0x0000000085400000|100%| O|  |TAMS 0x0000000085300000| PB 0x0000000085300000| Untracked 
|  84|0x0000000085400000, 0x0000000085500000, 0x0000000085500000|100%| O|  |TAMS 0x0000000085400000| PB 0x0000000085400000| Untracked 
|  85|0x0000000085500000, 0x0000000085600000, 0x0000000085600000|100%| O|  |TAMS 0x0000000085500000| PB 0x0000000085500000| Untracked 
|  86|0x0000000085600000, 0x0000000085700000, 0x0000000085700000|100%| O|Cm|TAMS 0x0000000085600000| PB 0x0000000085600000| Complete 
|  87|0x0000000085700000, 0x0000000085800000, 0x0000000085800000|100%|HS|  |TAMS 0x0000000085700000| PB 0x0000000085700000| Complete 
|  88|0x0000000085800000, 0x0000000085900000, 0x0000000085900000|100%|HC|  |TAMS 0x0000000085800000| PB 0x0000000085800000| Complete 
|  89|0x0000000085900000, 0x0000000085a00000, 0x0000000085a00000|100%| O|Cm|TAMS 0x0000000085900000| PB 0x0000000085900000| Complete 
|  90|0x0000000085a00000, 0x0000000085b00000, 0x0000000085b00000|100%|HS|  |TAMS 0x0000000085a00000| PB 0x0000000085a00000| Complete 
|  91|0x0000000085b00000, 0x0000000085c00000, 0x0000000085c00000|100%|HC|  |TAMS 0x0000000085b00000| PB 0x0000000085b00000| Complete 
|  92|0x0000000085c00000, 0x0000000085d00000, 0x0000000085d00000|100%|HS|  |TAMS 0x0000000085c00000| PB 0x0000000085c00000| Complete 
|  93|0x0000000085d00000, 0x0000000085e00000, 0x0000000085e00000|100%|HC|  |TAMS 0x0000000085d00000| PB 0x0000000085d00000| Complete 
|  94|0x0000000085e00000, 0x0000000085f00000, 0x0000000085f00000|100%|HS|  |TAMS 0x0000000085e00000| PB 0x0000000085e00000| Complete 
|  95|0x0000000085f00000, 0x0000000085f00000, 0x0000000086000000|  0%| F|  |TAMS 0x0000000085f00000| PB 0x0000000085f00000| Untracked 
|  96|0x0000000086000000, 0x0000000086000000, 0x0000000086100000|  0%| F|  |TAMS 0x0000000086000000| PB 0x0000000086000000| Untracked 
|  97|0x0000000086100000, 0x0000000086100000, 0x0000000086200000|  0%| F|  |TAMS 0x0000000086100000| PB 0x0000000086100000| Untracked 
|  98|0x0000000086200000, 0x0000000086200000, 0x0000000086300000|  0%| F|  |TAMS 0x0000000086200000| PB 0x0000000086200000| Untracked 
|  99|0x0000000086300000, 0x0000000086300000, 0x0000000086400000|  0%| F|  |TAMS 0x0000000086300000| PB 0x0000000086300000| Untracked 
| 100|0x0000000086400000, 0x0000000086400000, 0x0000000086500000|  0%| F|  |TAMS 0x0000000086400000| PB 0x0000000086400000| Untracked 
| 101|0x0000000086500000, 0x0000000086500000, 0x0000000086600000|  0%| F|  |TAMS 0x0000000086500000| PB 0x0000000086500000| Untracked 
| 102|0x0000000086600000, 0x0000000086600000, 0x0000000086700000|  0%| F|  |TAMS 0x0000000086600000| PB 0x0000000086600000| Untracked 
| 103|0x0000000086700000, 0x0000000086700000, 0x0000000086800000|  0%| F|  |TAMS 0x0000000086700000| PB 0x0000000086700000| Untracked 
| 104|0x0000000086800000, 0x0000000086800000, 0x0000000086900000|  0%| F|  |TAMS 0x0000000086800000| PB 0x0000000086800000| Untracked 
| 105|0x0000000086900000, 0x0000000086900000, 0x0000000086a00000|  0%| F|  |TAMS 0x0000000086900000| PB 0x0000000086900000| Untracked 
| 106|0x0000000086a00000, 0x0000000086a00000, 0x0000000086b00000|  0%| F|  |TAMS 0x0000000086a00000| PB 0x0000000086a00000| Untracked 
| 107|0x0000000086b00000, 0x0000000086b00000, 0x0000000086c00000|  0%| F|  |TAMS 0x0000000086b00000| PB 0x0000000086b00000| Untracked 
| 108|0x0000000086c00000, 0x0000000086c00000, 0x0000000086d00000|  0%| F|  |TAMS 0x0000000086c00000| PB 0x0000000086c00000| Untracked 
| 109|0x0000000086d00000, 0x0000000086d00000, 0x0000000086e00000|  0%| F|  |TAMS 0x0000000086d00000| PB 0x0000000086d00000| Untracked 
| 110|0x0000000086e00000, 0x0000000086e00000, 0x0000000086f00000|  0%| F|  |TAMS 0x0000000086e00000| PB 0x0000000086e00000| Untracked 
| 111|0x0000000086f00000, 0x0000000086f00000, 0x0000000087000000|  0%| F|  |TAMS 0x0000000086f00000| PB 0x0000000086f00000| Untracked 
| 112|0x0000000087000000, 0x0000000087000000, 0x0000000087100000|  0%| F|  |TAMS 0x0000000087000000| PB 0x0000000087000000| Untracked 
| 113|0x0000000087100000, 0x0000000087100000, 0x0000000087200000|  0%| F|  |TAMS 0x0000000087100000| PB 0x0000000087100000| Untracked 
| 114|0x0000000087200000, 0x0000000087200000, 0x0000000087300000|  0%| F|  |TAMS 0x0000000087200000| PB 0x0000000087200000| Untracked 
| 115|0x0000000087300000, 0x0000000087300000, 0x0000000087400000|  0%| F|  |TAMS 0x0000000087300000| PB 0x0000000087300000| Untracked 
| 116|0x0000000087400000, 0x0000000087400000, 0x0000000087500000|  0%| F|  |TAMS 0x0000000087400000| PB 0x0000000087400000| Untracked 
| 117|0x0000000087500000, 0x0000000087500000, 0x0000000087600000|  0%| F|  |TAMS 0x0000000087500000| PB 0x0000000087500000| Untracked 
| 118|0x0000000087600000, 0x0000000087600000, 0x0000000087700000|  0%| F|  |TAMS 0x0000000087600000| PB 0x0000000087600000| Untracked 
| 119|0x0000000087700000, 0x0000000087700000, 0x0000000087800000|  0%| F|  |TAMS 0x0000000087700000| PB 0x0000000087700000| Untracked 
| 120|0x0000000087800000, 0x0000000087800000, 0x0000000087900000|  0%| F|  |TAMS 0x0000000087800000| PB 0x0000000087800000| Untracked 
| 121|0x0000000087900000, 0x0000000087900000, 0x0000000087a00000|  0%| F|  |TAMS 0x0000000087900000| PB 0x0000000087900000| Untracked 
| 122|0x0000000087a00000, 0x0000000087a00000, 0x0000000087b00000|  0%| F|  |TAMS 0x0000000087a00000| PB 0x0000000087a00000| Untracked 
| 123|0x0000000087b00000, 0x0000000087b00000, 0x0000000087c00000|  0%| F|  |TAMS 0x0000000087b00000| PB 0x0000000087b00000| Untracked 
| 124|0x0000000087c00000, 0x0000000087c00000, 0x0000000087d00000|  0%| F|  |TAMS 0x0000000087c00000| PB 0x0000000087c00000| Untracked 
| 125|0x0000000087d00000, 0x0000000087d00000, 0x0000000087e00000|  0%| F|  |TAMS 0x0000000087d00000| PB 0x0000000087d00000| Untracked 
| 126|0x0000000087e00000, 0x0000000087e00000, 0x0000000087f00000|  0%| F|  |TAMS 0x0000000087e00000| PB 0x0000000087e00000| Untracked 
| 127|0x0000000087f00000, 0x0000000087f00000, 0x0000000088000000|  0%| F|  |TAMS 0x0000000087f00000| PB 0x0000000087f00000| Untracked 
| 128|0x0000000088000000, 0x0000000088000000, 0x0000000088100000|  0%| F|  |TAMS 0x0000000088000000| PB 0x0000000088000000| Untracked 
| 129|0x0000000088100000, 0x0000000088100000, 0x0000000088200000|  0%| F|  |TAMS 0x0000000088100000| PB 0x0000000088100000| Untracked 
| 130|0x0000000088200000, 0x0000000088200000, 0x0000000088300000|  0%| F|  |TAMS 0x0000000088200000| PB 0x0000000088200000| Untracked 
| 131|0x0000000088300000, 0x0000000088300000, 0x0000000088400000|  0%| F|  |TAMS 0x0000000088300000| PB 0x0000000088300000| Untracked 
| 132|0x0000000088400000, 0x0000000088400000, 0x0000000088500000|  0%| F|  |TAMS 0x0000000088400000| PB 0x0000000088400000| Untracked 
| 133|0x0000000088500000, 0x0000000088500000, 0x0000000088600000|  0%| F|  |TAMS 0x0000000088500000| PB 0x0000000088500000| Untracked 
| 134|0x0000000088600000, 0x0000000088600000, 0x0000000088700000|  0%| F|  |TAMS 0x0000000088600000| PB 0x0000000088600000| Untracked 
| 135|0x0000000088700000, 0x0000000088700000, 0x0000000088800000|  0%| F|  |TAMS 0x0000000088700000| PB 0x0000000088700000| Untracked 
| 136|0x0000000088800000, 0x0000000088800000, 0x0000000088900000|  0%| F|  |TAMS 0x0000000088800000| PB 0x0000000088800000| Untracked 
| 137|0x0000000088900000, 0x0000000088900000, 0x0000000088a00000|  0%| F|  |TAMS 0x0000000088900000| PB 0x0000000088900000| Untracked 
| 138|0x0000000088a00000, 0x0000000088a00000, 0x0000000088b00000|  0%| F|  |TAMS 0x0000000088a00000| PB 0x0000000088a00000| Untracked 
| 139|0x0000000088b00000, 0x0000000088b00000, 0x0000000088c00000|  0%| F|  |TAMS 0x0000000088b00000| PB 0x0000000088b00000| Untracked 
| 140|0x0000000088c00000, 0x0000000088c00000, 0x0000000088d00000|  0%| F|  |TAMS 0x0000000088c00000| PB 0x0000000088c00000| Untracked 
| 141|0x0000000088d00000, 0x0000000088d00000, 0x0000000088e00000|  0%| F|  |TAMS 0x0000000088d00000| PB 0x0000000088d00000| Untracked 
| 142|0x0000000088e00000, 0x0000000088e00000, 0x0000000088f00000|  0%| F|  |TAMS 0x0000000088e00000| PB 0x0000000088e00000| Untracked 
| 143|0x0000000088f00000, 0x0000000088f00000, 0x0000000089000000|  0%| F|  |TAMS 0x0000000088f00000| PB 0x0000000088f00000| Untracked 
| 144|0x0000000089000000, 0x0000000089000000, 0x0000000089100000|  0%| F|  |TAMS 0x0000000089000000| PB 0x0000000089000000| Untracked 
| 145|0x0000000089100000, 0x0000000089100000, 0x0000000089200000|  0%| F|  |TAMS 0x0000000089100000| PB 0x0000000089100000| Untracked 
| 146|0x0000000089200000, 0x0000000089200000, 0x0000000089300000|  0%| F|  |TAMS 0x0000000089200000| PB 0x0000000089200000| Untracked 
| 147|0x0000000089300000, 0x0000000089300000, 0x0000000089400000|  0%| F|  |TAMS 0x0000000089300000| PB 0x0000000089300000| Untracked 
| 148|0x0000000089400000, 0x0000000089400000, 0x0000000089500000|  0%| F|  |TAMS 0x0000000089400000| PB 0x0000000089400000| Untracked 
| 149|0x0000000089500000, 0x0000000089500000, 0x0000000089600000|  0%| F|  |TAMS 0x0000000089500000| PB 0x0000000089500000| Untracked 
| 150|0x0000000089600000, 0x0000000089600000, 0x0000000089700000|  0%| F|  |TAMS 0x0000000089600000| PB 0x0000000089600000| Untracked 
| 151|0x0000000089700000, 0x0000000089700000, 0x0000000089800000|  0%| F|  |TAMS 0x0000000089700000| PB 0x0000000089700000| Untracked 
| 152|0x0000000089800000, 0x0000000089800000, 0x0000000089900000|  0%| F|  |TAMS 0x0000000089800000| PB 0x0000000089800000| Untracked 
| 153|0x0000000089900000, 0x0000000089900000, 0x0000000089a00000|  0%| F|  |TAMS 0x0000000089900000| PB 0x0000000089900000| Untracked 
| 154|0x0000000089a00000, 0x0000000089a00000, 0x0000000089b00000|  0%| F|  |TAMS 0x0000000089a00000| PB 0x0000000089a00000| Untracked 
| 155|0x0000000089b00000, 0x0000000089b00000, 0x0000000089c00000|  0%| F|  |TAMS 0x0000000089b00000| PB 0x0000000089b00000| Untracked 
| 156|0x0000000089c00000, 0x0000000089c00000, 0x0000000089d00000|  0%| F|  |TAMS 0x0000000089c00000| PB 0x0000000089c00000| Untracked 
| 157|0x0000000089d00000, 0x0000000089d00000, 0x0000000089e00000|  0%| F|  |TAMS 0x0000000089d00000| PB 0x0000000089d00000| Untracked 
| 158|0x0000000089e00000, 0x0000000089e00000, 0x0000000089f00000|  0%| F|  |TAMS 0x0000000089e00000| PB 0x0000000089e00000| Untracked 
| 159|0x0000000089f00000, 0x0000000089f00000, 0x000000008a000000|  0%| F|  |TAMS 0x0000000089f00000| PB 0x0000000089f00000| Untracked 
| 160|0x000000008a000000, 0x000000008a000000, 0x000000008a100000|  0%| F|  |TAMS 0x000000008a000000| PB 0x000000008a000000| Untracked 
| 161|0x000000008a100000, 0x000000008a100000, 0x000000008a200000|  0%| F|  |TAMS 0x000000008a100000| PB 0x000000008a100000| Untracked 
| 162|0x000000008a200000, 0x000000008a200000, 0x000000008a300000|  0%| F|  |TAMS 0x000000008a200000| PB 0x000000008a200000| Untracked 
| 163|0x000000008a300000, 0x000000008a300000, 0x000000008a400000|  0%| F|  |TAMS 0x000000008a300000| PB 0x000000008a300000| Untracked 
| 164|0x000000008a400000, 0x000000008a400000, 0x000000008a500000|  0%| F|  |TAMS 0x000000008a400000| PB 0x000000008a400000| Untracked 
| 165|0x000000008a500000, 0x000000008a500000, 0x000000008a600000|  0%| F|  |TAMS 0x000000008a500000| PB 0x000000008a500000| Untracked 
| 166|0x000000008a600000, 0x000000008a600000, 0x000000008a700000|  0%| F|  |TAMS 0x000000008a600000| PB 0x000000008a600000| Untracked 
| 167|0x000000008a700000, 0x000000008a700000, 0x000000008a800000|  0%| F|  |TAMS 0x000000008a700000| PB 0x000000008a700000| Untracked 
| 168|0x000000008a800000, 0x000000008a800000, 0x000000008a900000|  0%| F|  |TAMS 0x000000008a800000| PB 0x000000008a800000| Untracked 
| 169|0x000000008a900000, 0x000000008a900000, 0x000000008aa00000|  0%| F|  |TAMS 0x000000008a900000| PB 0x000000008a900000| Untracked 
| 170|0x000000008aa00000, 0x000000008aa00000, 0x000000008ab00000|  0%| F|  |TAMS 0x000000008aa00000| PB 0x000000008aa00000| Untracked 
| 171|0x000000008ab00000, 0x000000008ab00000, 0x000000008ac00000|  0%| F|  |TAMS 0x000000008ab00000| PB 0x000000008ab00000| Untracked 
| 172|0x000000008ac00000, 0x000000008ac00000, 0x000000008ad00000|  0%| F|  |TAMS 0x000000008ac00000| PB 0x000000008ac00000| Untracked 
| 173|0x000000008ad00000, 0x000000008ad00000, 0x000000008ae00000|  0%| F|  |TAMS 0x000000008ad00000| PB 0x000000008ad00000| Untracked 
| 174|0x000000008ae00000, 0x000000008ae00000, 0x000000008af00000|  0%| F|  |TAMS 0x000000008ae00000| PB 0x000000008ae00000| Untracked 
| 175|0x000000008af00000, 0x000000008af00000, 0x000000008b000000|  0%| F|  |TAMS 0x000000008af00000| PB 0x000000008af00000| Untracked 
| 176|0x000000008b000000, 0x000000008b000000, 0x000000008b100000|  0%| F|  |TAMS 0x000000008b000000| PB 0x000000008b000000| Untracked 
| 177|0x000000008b100000, 0x000000008b200000, 0x000000008b200000|100%|HS|  |TAMS 0x000000008b100000| PB 0x000000008b100000| Complete 
| 178|0x000000008b200000, 0x000000008b300000, 0x000000008b300000|100%|HC|  |TAMS 0x000000008b200000| PB 0x000000008b200000| Complete 
| 179|0x000000008b300000, 0x000000008b400000, 0x000000008b400000|100%|HS|  |TAMS 0x000000008b300000| PB 0x000000008b300000| Complete 
| 180|0x000000008b400000, 0x000000008b400000, 0x000000008b500000|  0%| F|  |TAMS 0x000000008b400000| PB 0x000000008b400000| Untracked 
| 181|0x000000008b500000, 0x000000008b500000, 0x000000008b600000|  0%| F|  |TAMS 0x000000008b500000| PB 0x000000008b500000| Untracked 
| 182|0x000000008b600000, 0x000000008b600000, 0x000000008b700000|  0%| F|  |TAMS 0x000000008b600000| PB 0x000000008b600000| Untracked 
| 183|0x000000008b700000, 0x000000008b700000, 0x000000008b800000|  0%| F|  |TAMS 0x000000008b700000| PB 0x000000008b700000| Untracked 
| 184|0x000000008b800000, 0x000000008b800000, 0x000000008b900000|  0%| F|  |TAMS 0x000000008b800000| PB 0x000000008b800000| Untracked 
| 185|0x000000008b900000, 0x000000008b900000, 0x000000008ba00000|  0%| F|  |TAMS 0x000000008b900000| PB 0x000000008b900000| Untracked 
| 186|0x000000008ba00000, 0x000000008ba00000, 0x000000008bb00000|  0%| F|  |TAMS 0x000000008ba00000| PB 0x000000008ba00000| Untracked 
| 187|0x000000008bb00000, 0x000000008bb00000, 0x000000008bc00000|  0%| F|  |TAMS 0x000000008bb00000| PB 0x000000008bb00000| Untracked 
| 188|0x000000008bc00000, 0x000000008bc00000, 0x000000008bd00000|  0%| F|  |TAMS 0x000000008bc00000| PB 0x000000008bc00000| Untracked 
| 189|0x000000008bd00000, 0x000000008bd00000, 0x000000008be00000|  0%| F|  |TAMS 0x000000008bd00000| PB 0x000000008bd00000| Untracked 
| 190|0x000000008be00000, 0x000000008be00000, 0x000000008bf00000|  0%| F|  |TAMS 0x000000008be00000| PB 0x000000008be00000| Untracked 
| 191|0x000000008bf00000, 0x000000008bf00000, 0x000000008c000000|  0%| F|  |TAMS 0x000000008bf00000| PB 0x000000008bf00000| Untracked 
| 192|0x000000008c000000, 0x000000008c000000, 0x000000008c100000|  0%| F|  |TAMS 0x000000008c000000| PB 0x000000008c000000| Untracked 
| 193|0x000000008c100000, 0x000000008c100000, 0x000000008c200000|  0%| F|  |TAMS 0x000000008c100000| PB 0x000000008c100000| Untracked 
| 194|0x000000008c200000, 0x000000008c200000, 0x000000008c300000|  0%| F|  |TAMS 0x000000008c200000| PB 0x000000008c200000| Untracked 
| 195|0x000000008c300000, 0x000000008c300000, 0x000000008c400000|  0%| F|  |TAMS 0x000000008c300000| PB 0x000000008c300000| Untracked 
| 196|0x000000008c400000, 0x000000008c400000, 0x000000008c500000|  0%| F|  |TAMS 0x000000008c400000| PB 0x000000008c400000| Untracked 
| 197|0x000000008c500000, 0x000000008c500000, 0x000000008c600000|  0%| F|  |TAMS 0x000000008c500000| PB 0x000000008c500000| Untracked 
| 198|0x000000008c600000, 0x000000008c600000, 0x000000008c700000|  0%| F|  |TAMS 0x000000008c600000| PB 0x000000008c600000| Untracked 
| 199|0x000000008c700000, 0x000000008c700000, 0x000000008c800000|  0%| F|  |TAMS 0x000000008c700000| PB 0x000000008c700000| Untracked 
| 200|0x000000008c800000, 0x000000008c800000, 0x000000008c900000|  0%| F|  |TAMS 0x000000008c800000| PB 0x000000008c800000| Untracked 
| 201|0x000000008c900000, 0x000000008c900000, 0x000000008ca00000|  0%| F|  |TAMS 0x000000008c900000| PB 0x000000008c900000| Untracked 
| 202|0x000000008ca00000, 0x000000008ca00000, 0x000000008cb00000|  0%| F|  |TAMS 0x000000008ca00000| PB 0x000000008ca00000| Untracked 
| 203|0x000000008cb00000, 0x000000008cb00000, 0x000000008cc00000|  0%| F|  |TAMS 0x000000008cb00000| PB 0x000000008cb00000| Untracked 
| 204|0x000000008cc00000, 0x000000008cc00000, 0x000000008cd00000|  0%| F|  |TAMS 0x000000008cc00000| PB 0x000000008cc00000| Untracked 
| 205|0x000000008cd00000, 0x000000008cd00000, 0x000000008ce00000|  0%| F|  |TAMS 0x000000008cd00000| PB 0x000000008cd00000| Untracked 
| 206|0x000000008ce00000, 0x000000008ce00000, 0x000000008cf00000|  0%| F|  |TAMS 0x000000008ce00000| PB 0x000000008ce00000| Untracked 
| 207|0x000000008cf00000, 0x000000008cf00000, 0x000000008d000000|  0%| F|  |TAMS 0x000000008cf00000| PB 0x000000008cf00000| Untracked 
| 208|0x000000008d000000, 0x000000008d000000, 0x000000008d100000|  0%| F|  |TAMS 0x000000008d000000| PB 0x000000008d000000| Untracked 
| 209|0x000000008d100000, 0x000000008d100000, 0x000000008d200000|  0%| F|  |TAMS 0x000000008d100000| PB 0x000000008d100000| Untracked 
| 210|0x000000008d200000, 0x000000008d200000, 0x000000008d300000|  0%| F|  |TAMS 0x000000008d200000| PB 0x000000008d200000| Untracked 
| 211|0x000000008d300000, 0x000000008d300000, 0x000000008d400000|  0%| F|  |TAMS 0x000000008d300000| PB 0x000000008d300000| Untracked 
| 212|0x000000008d400000, 0x000000008d400000, 0x000000008d500000|  0%| F|  |TAMS 0x000000008d400000| PB 0x000000008d400000| Untracked 
| 213|0x000000008d500000, 0x000000008d500000, 0x000000008d600000|  0%| F|  |TAMS 0x000000008d500000| PB 0x000000008d500000| Untracked 
| 214|0x000000008d600000, 0x000000008d600000, 0x000000008d700000|  0%| F|  |TAMS 0x000000008d600000| PB 0x000000008d600000| Untracked 
| 215|0x000000008d700000, 0x000000008d700000, 0x000000008d800000|  0%| F|  |TAMS 0x000000008d700000| PB 0x000000008d700000| Untracked 
| 216|0x000000008d800000, 0x000000008d800000, 0x000000008d900000|  0%| F|  |TAMS 0x000000008d800000| PB 0x000000008d800000| Untracked 
| 217|0x000000008d900000, 0x000000008d900000, 0x000000008da00000|  0%| F|  |TAMS 0x000000008d900000| PB 0x000000008d900000| Untracked 
| 218|0x000000008da00000, 0x000000008da00000, 0x000000008db00000|  0%| F|  |TAMS 0x000000008da00000| PB 0x000000008da00000| Untracked 
| 219|0x000000008db00000, 0x000000008db00000, 0x000000008dc00000|  0%| F|  |TAMS 0x000000008db00000| PB 0x000000008db00000| Untracked 
| 220|0x000000008dc00000, 0x000000008dc00000, 0x000000008dd00000|  0%| F|  |TAMS 0x000000008dc00000| PB 0x000000008dc00000| Untracked 
| 221|0x000000008dd00000, 0x000000008dd00000, 0x000000008de00000|  0%| F|  |TAMS 0x000000008dd00000| PB 0x000000008dd00000| Untracked 
| 222|0x000000008de00000, 0x000000008de00000, 0x000000008df00000|  0%| F|  |TAMS 0x000000008de00000| PB 0x000000008de00000| Untracked 
| 223|0x000000008df00000, 0x000000008df00000, 0x000000008e000000|  0%| F|  |TAMS 0x000000008df00000| PB 0x000000008df00000| Untracked 
| 224|0x000000008e000000, 0x000000008e000000, 0x000000008e100000|  0%| F|  |TAMS 0x000000008e000000| PB 0x000000008e000000| Untracked 
| 225|0x000000008e100000, 0x000000008e100000, 0x000000008e200000|  0%| F|  |TAMS 0x000000008e100000| PB 0x000000008e100000| Untracked 
| 226|0x000000008e200000, 0x000000008e200000, 0x000000008e300000|  0%| F|  |TAMS 0x000000008e200000| PB 0x000000008e200000| Untracked 
| 227|0x000000008e300000, 0x000000008e300000, 0x000000008e400000|  0%| F|  |TAMS 0x000000008e300000| PB 0x000000008e300000| Untracked 
| 228|0x000000008e400000, 0x000000008e400000, 0x000000008e500000|  0%| F|  |TAMS 0x000000008e400000| PB 0x000000008e400000| Untracked 
| 229|0x000000008e500000, 0x000000008e500000, 0x000000008e600000|  0%| F|  |TAMS 0x000000008e500000| PB 0x000000008e500000| Untracked 
| 230|0x000000008e600000, 0x000000008e600000, 0x000000008e700000|  0%| F|  |TAMS 0x000000008e600000| PB 0x000000008e600000| Untracked 
| 231|0x000000008e700000, 0x000000008e700000, 0x000000008e800000|  0%| F|  |TAMS 0x000000008e700000| PB 0x000000008e700000| Untracked 
| 232|0x000000008e800000, 0x000000008e800000, 0x000000008e900000|  0%| F|  |TAMS 0x000000008e800000| PB 0x000000008e800000| Untracked 
| 233|0x000000008e900000, 0x000000008e900000, 0x000000008ea00000|  0%| F|  |TAMS 0x000000008e900000| PB 0x000000008e900000| Untracked 
| 234|0x000000008ea00000, 0x000000008ea00000, 0x000000008eb00000|  0%| F|  |TAMS 0x000000008ea00000| PB 0x000000008ea00000| Untracked 
| 235|0x000000008eb00000, 0x000000008eb00000, 0x000000008ec00000|  0%| F|  |TAMS 0x000000008eb00000| PB 0x000000008eb00000| Untracked 
| 236|0x000000008ec00000, 0x000000008ec00000, 0x000000008ed00000|  0%| F|  |TAMS 0x000000008ec00000| PB 0x000000008ec00000| Untracked 
| 237|0x000000008ed00000, 0x000000008ed00000, 0x000000008ee00000|  0%| F|  |TAMS 0x000000008ed00000| PB 0x000000008ed00000| Untracked 
| 238|0x000000008ee00000, 0x000000008ee00000, 0x000000008ef00000|  0%| F|  |TAMS 0x000000008ee00000| PB 0x000000008ee00000| Untracked 
| 239|0x000000008ef00000, 0x000000008ef00000, 0x000000008f000000|  0%| F|  |TAMS 0x000000008ef00000| PB 0x000000008ef00000| Untracked 
| 240|0x000000008f000000, 0x000000008f000000, 0x000000008f100000|  0%| F|  |TAMS 0x000000008f000000| PB 0x000000008f000000| Untracked 
| 241|0x000000008f100000, 0x000000008f100000, 0x000000008f200000|  0%| F|  |TAMS 0x000000008f100000| PB 0x000000008f100000| Untracked 
| 242|0x000000008f200000, 0x000000008f200000, 0x000000008f300000|  0%| F|  |TAMS 0x000000008f200000| PB 0x000000008f200000| Untracked 
| 243|0x000000008f300000, 0x000000008f300000, 0x000000008f400000|  0%| F|  |TAMS 0x000000008f300000| PB 0x000000008f300000| Untracked 
| 244|0x000000008f400000, 0x000000008f400000, 0x000000008f500000|  0%| F|  |TAMS 0x000000008f400000| PB 0x000000008f400000| Untracked 
| 245|0x000000008f500000, 0x000000008f500000, 0x000000008f600000|  0%| F|  |TAMS 0x000000008f500000| PB 0x000000008f500000| Untracked 
| 246|0x000000008f600000, 0x000000008f600000, 0x000000008f700000|  0%| F|  |TAMS 0x000000008f600000| PB 0x000000008f600000| Untracked 
| 247|0x000000008f700000, 0x000000008f700000, 0x000000008f800000|  0%| F|  |TAMS 0x000000008f700000| PB 0x000000008f700000| Untracked 
| 248|0x000000008f800000, 0x000000008f800000, 0x000000008f900000|  0%| F|  |TAMS 0x000000008f800000| PB 0x000000008f800000| Untracked 
| 249|0x000000008f900000, 0x000000008f900000, 0x000000008fa00000|  0%| F|  |TAMS 0x000000008f900000| PB 0x000000008f900000| Untracked 
| 250|0x000000008fa00000, 0x000000008fa00000, 0x000000008fb00000|  0%| F|  |TAMS 0x000000008fa00000| PB 0x000000008fa00000| Untracked 
| 251|0x000000008fb00000, 0x000000008fb00000, 0x000000008fc00000|  0%| F|  |TAMS 0x000000008fb00000| PB 0x000000008fb00000| Untracked 
| 252|0x000000008fc00000, 0x000000008fc00000, 0x000000008fd00000|  0%| F|  |TAMS 0x000000008fc00000| PB 0x000000008fc00000| Untracked 
| 253|0x000000008fd00000, 0x000000008fd00000, 0x000000008fe00000|  0%| F|  |TAMS 0x000000008fd00000| PB 0x000000008fd00000| Untracked 
| 254|0x000000008fe00000, 0x000000008fe00000, 0x000000008ff00000|  0%| F|  |TAMS 0x000000008fe00000| PB 0x000000008fe00000| Untracked 
| 255|0x000000008ff00000, 0x000000008ff00000, 0x0000000090000000|  0%| F|  |TAMS 0x000000008ff00000| PB 0x000000008ff00000| Untracked 
| 256|0x0000000090000000, 0x0000000090000000, 0x0000000090100000|  0%| F|  |TAMS 0x0000000090000000| PB 0x0000000090000000| Untracked 
| 257|0x0000000090100000, 0x0000000090100000, 0x0000000090200000|  0%| F|  |TAMS 0x0000000090100000| PB 0x0000000090100000| Untracked 
| 258|0x0000000090200000, 0x0000000090200000, 0x0000000090300000|  0%| F|  |TAMS 0x0000000090200000| PB 0x0000000090200000| Untracked 
| 259|0x0000000090300000, 0x0000000090300000, 0x0000000090400000|  0%| F|  |TAMS 0x0000000090300000| PB 0x0000000090300000| Untracked 
| 260|0x0000000090400000, 0x0000000090400000, 0x0000000090500000|  0%| F|  |TAMS 0x0000000090400000| PB 0x0000000090400000| Untracked 
| 261|0x0000000090500000, 0x0000000090500000, 0x0000000090600000|  0%| F|  |TAMS 0x0000000090500000| PB 0x0000000090500000| Untracked 
| 262|0x0000000090600000, 0x0000000090600000, 0x0000000090700000|  0%| F|  |TAMS 0x0000000090600000| PB 0x0000000090600000| Untracked 
| 263|0x0000000090700000, 0x0000000090700000, 0x0000000090800000|  0%| F|  |TAMS 0x0000000090700000| PB 0x0000000090700000| Untracked 
| 264|0x0000000090800000, 0x0000000090800000, 0x0000000090900000|  0%| F|  |TAMS 0x0000000090800000| PB 0x0000000090800000| Untracked 
| 265|0x0000000090900000, 0x0000000090900000, 0x0000000090a00000|  0%| F|  |TAMS 0x0000000090900000| PB 0x0000000090900000| Untracked 
| 266|0x0000000090a00000, 0x0000000090a00000, 0x0000000090b00000|  0%| F|  |TAMS 0x0000000090a00000| PB 0x0000000090a00000| Untracked 
| 267|0x0000000090b00000, 0x0000000090b00000, 0x0000000090c00000|  0%| F|  |TAMS 0x0000000090b00000| PB 0x0000000090b00000| Untracked 
| 268|0x0000000090c00000, 0x0000000090c00000, 0x0000000090d00000|  0%| F|  |TAMS 0x0000000090c00000| PB 0x0000000090c00000| Untracked 
| 269|0x0000000090d00000, 0x0000000090d00000, 0x0000000090e00000|  0%| F|  |TAMS 0x0000000090d00000| PB 0x0000000090d00000| Untracked 
| 270|0x0000000090e00000, 0x0000000090e00000, 0x0000000090f00000|  0%| F|  |TAMS 0x0000000090e00000| PB 0x0000000090e00000| Untracked 
| 271|0x0000000090f00000, 0x0000000090f00000, 0x0000000091000000|  0%| F|  |TAMS 0x0000000090f00000| PB 0x0000000090f00000| Untracked 
| 272|0x0000000091000000, 0x0000000091000000, 0x0000000091100000|  0%| F|  |TAMS 0x0000000091000000| PB 0x0000000091000000| Untracked 
| 273|0x0000000091100000, 0x0000000091100000, 0x0000000091200000|  0%| F|  |TAMS 0x0000000091100000| PB 0x0000000091100000| Untracked 
| 274|0x0000000091200000, 0x0000000091200000, 0x0000000091300000|  0%| F|  |TAMS 0x0000000091200000| PB 0x0000000091200000| Untracked 
| 275|0x0000000091300000, 0x0000000091300000, 0x0000000091400000|  0%| F|  |TAMS 0x0000000091300000| PB 0x0000000091300000| Untracked 
| 276|0x0000000091400000, 0x0000000091400000, 0x0000000091500000|  0%| F|  |TAMS 0x0000000091400000| PB 0x0000000091400000| Untracked 
| 277|0x0000000091500000, 0x0000000091500000, 0x0000000091600000|  0%| F|  |TAMS 0x0000000091500000| PB 0x0000000091500000| Untracked 
| 278|0x0000000091600000, 0x0000000091600000, 0x0000000091700000|  0%| F|  |TAMS 0x0000000091600000| PB 0x0000000091600000| Untracked 
| 279|0x0000000091700000, 0x0000000091700000, 0x0000000091800000|  0%| F|  |TAMS 0x0000000091700000| PB 0x0000000091700000| Untracked 
| 280|0x0000000091800000, 0x0000000091800000, 0x0000000091900000|  0%| F|  |TAMS 0x0000000091800000| PB 0x0000000091800000| Untracked 
| 281|0x0000000091900000, 0x0000000091900000, 0x0000000091a00000|  0%| F|  |TAMS 0x0000000091900000| PB 0x0000000091900000| Untracked 
| 282|0x0000000091a00000, 0x0000000091a00000, 0x0000000091b00000|  0%| F|  |TAMS 0x0000000091a00000| PB 0x0000000091a00000| Untracked 
| 283|0x0000000091b00000, 0x0000000091b00000, 0x0000000091c00000|  0%| F|  |TAMS 0x0000000091b00000| PB 0x0000000091b00000| Untracked 
| 284|0x0000000091c00000, 0x0000000091c95708, 0x0000000091d00000| 58%| E|  |TAMS 0x0000000091c00000| PB 0x0000000091c00000| Complete 
| 285|0x0000000091d00000, 0x0000000091e00000, 0x0000000091e00000|100%| E|CS|TAMS 0x0000000091d00000| PB 0x0000000091d00000| Complete 
| 286|0x0000000091e00000, 0x0000000091f00000, 0x0000000091f00000|100%| E|CS|TAMS 0x0000000091e00000| PB 0x0000000091e00000| Complete 
| 287|0x0000000091f00000, 0x0000000092000000, 0x0000000092000000|100%| E|CS|TAMS 0x0000000091f00000| PB 0x0000000091f00000| Complete 
| 288|0x0000000092000000, 0x0000000092100000, 0x0000000092100000|100%| E|CS|TAMS 0x0000000092000000| PB 0x0000000092000000| Complete 
| 289|0x0000000092100000, 0x0000000092200000, 0x0000000092200000|100%| E|CS|TAMS 0x0000000092100000| PB 0x0000000092100000| Complete 
| 290|0x0000000092200000, 0x0000000092300000, 0x0000000092300000|100%| E|CS|TAMS 0x0000000092200000| PB 0x0000000092200000| Complete 
| 291|0x0000000092300000, 0x0000000092400000, 0x0000000092400000|100%| E|CS|TAMS 0x0000000092300000| PB 0x0000000092300000| Complete 
| 292|0x0000000092400000, 0x0000000092500000, 0x0000000092500000|100%| E|CS|TAMS 0x0000000092400000| PB 0x0000000092400000| Complete 
| 293|0x0000000092500000, 0x0000000092600000, 0x0000000092600000|100%| E|CS|TAMS 0x0000000092500000| PB 0x0000000092500000| Complete 
| 294|0x0000000092600000, 0x0000000092700000, 0x0000000092700000|100%| E|CS|TAMS 0x0000000092600000| PB 0x0000000092600000| Complete 
| 295|0x0000000092700000, 0x0000000092800000, 0x0000000092800000|100%| E|CS|TAMS 0x0000000092700000| PB 0x0000000092700000| Complete 
| 296|0x0000000092800000, 0x0000000092900000, 0x0000000092900000|100%| E|CS|TAMS 0x0000000092800000| PB 0x0000000092800000| Complete 
| 297|0x0000000092900000, 0x0000000092a00000, 0x0000000092a00000|100%| E|CS|TAMS 0x0000000092900000| PB 0x0000000092900000| Complete 
| 298|0x0000000092a00000, 0x0000000092b00000, 0x0000000092b00000|100%| E|CS|TAMS 0x0000000092a00000| PB 0x0000000092a00000| Complete 
| 299|0x0000000092b00000, 0x0000000092c00000, 0x0000000092c00000|100%| E|CS|TAMS 0x0000000092b00000| PB 0x0000000092b00000| Complete 
| 300|0x0000000092c00000, 0x0000000092d00000, 0x0000000092d00000|100%| E|CS|TAMS 0x0000000092c00000| PB 0x0000000092c00000| Complete 
| 301|0x0000000092d00000, 0x0000000092e00000, 0x0000000092e00000|100%| E|CS|TAMS 0x0000000092d00000| PB 0x0000000092d00000| Complete 
| 302|0x0000000092e00000, 0x0000000092f00000, 0x0000000092f00000|100%| E|CS|TAMS 0x0000000092e00000| PB 0x0000000092e00000| Complete 
| 303|0x0000000092f00000, 0x0000000093000000, 0x0000000093000000|100%| E|CS|TAMS 0x0000000092f00000| PB 0x0000000092f00000| Complete 
| 304|0x0000000093000000, 0x0000000093100000, 0x0000000093100000|100%| E|CS|TAMS 0x0000000093000000| PB 0x0000000093000000| Complete 
| 305|0x0000000093100000, 0x0000000093200000, 0x0000000093200000|100%| E|CS|TAMS 0x0000000093100000| PB 0x0000000093100000| Complete 
| 306|0x0000000093200000, 0x0000000093300000, 0x0000000093300000|100%| E|CS|TAMS 0x0000000093200000| PB 0x0000000093200000| Complete 
| 307|0x0000000093300000, 0x0000000093400000, 0x0000000093400000|100%| E|CS|TAMS 0x0000000093300000| PB 0x0000000093300000| Complete 
| 308|0x0000000093400000, 0x0000000093500000, 0x0000000093500000|100%| E|CS|TAMS 0x0000000093400000| PB 0x0000000093400000| Complete 
| 309|0x0000000093500000, 0x0000000093600000, 0x0000000093600000|100%| E|CS|TAMS 0x0000000093500000| PB 0x0000000093500000| Complete 
| 310|0x0000000093600000, 0x0000000093700000, 0x0000000093700000|100%| E|CS|TAMS 0x0000000093600000| PB 0x0000000093600000| Complete 
| 311|0x0000000093700000, 0x0000000093800000, 0x0000000093800000|100%| E|CS|TAMS 0x0000000093700000| PB 0x0000000093700000| Complete 
| 312|0x0000000093800000, 0x0000000093900000, 0x0000000093900000|100%| E|CS|TAMS 0x0000000093800000| PB 0x0000000093800000| Complete 
| 313|0x0000000093900000, 0x0000000093a00000, 0x0000000093a00000|100%| E|CS|TAMS 0x0000000093900000| PB 0x0000000093900000| Complete 
| 314|0x0000000093a00000, 0x0000000093b00000, 0x0000000093b00000|100%| E|CS|TAMS 0x0000000093a00000| PB 0x0000000093a00000| Complete 
| 315|0x0000000093b00000, 0x0000000093c00000, 0x0000000093c00000|100%| E|CS|TAMS 0x0000000093b00000| PB 0x0000000093b00000| Complete 
| 316|0x0000000093c00000, 0x0000000093d00000, 0x0000000093d00000|100%| E|CS|TAMS 0x0000000093c00000| PB 0x0000000093c00000| Complete 
| 317|0x0000000093d00000, 0x0000000093e00000, 0x0000000093e00000|100%| E|CS|TAMS 0x0000000093d00000| PB 0x0000000093d00000| Complete 
| 318|0x0000000093e00000, 0x0000000093f00000, 0x0000000093f00000|100%| E|CS|TAMS 0x0000000093e00000| PB 0x0000000093e00000| Complete 
| 319|0x0000000093f00000, 0x0000000094000000, 0x0000000094000000|100%| E|CS|TAMS 0x0000000093f00000| PB 0x0000000093f00000| Complete 
| 320|0x0000000094000000, 0x0000000094100000, 0x0000000094100000|100%| E|CS|TAMS 0x0000000094000000| PB 0x0000000094000000| Complete 
| 321|0x0000000094100000, 0x0000000094200000, 0x0000000094200000|100%| E|CS|TAMS 0x0000000094100000| PB 0x0000000094100000| Complete 
| 322|0x0000000094200000, 0x0000000094300000, 0x0000000094300000|100%| E|CS|TAMS 0x0000000094200000| PB 0x0000000094200000| Complete 
| 323|0x0000000094300000, 0x0000000094400000, 0x0000000094400000|100%| E|CS|TAMS 0x0000000094300000| PB 0x0000000094300000| Complete 
| 324|0x0000000094400000, 0x0000000094500000, 0x0000000094500000|100%| E|CS|TAMS 0x0000000094400000| PB 0x0000000094400000| Complete 
| 325|0x0000000094500000, 0x0000000094600000, 0x0000000094600000|100%| E|CS|TAMS 0x0000000094500000| PB 0x0000000094500000| Complete 
| 326|0x0000000094600000, 0x0000000094700000, 0x0000000094700000|100%| E|CS|TAMS 0x0000000094600000| PB 0x0000000094600000| Complete 
| 327|0x0000000094700000, 0x0000000094800000, 0x0000000094800000|100%| E|CS|TAMS 0x0000000094700000| PB 0x0000000094700000| Complete 
| 328|0x0000000094800000, 0x0000000094900000, 0x0000000094900000|100%| E|CS|TAMS 0x0000000094800000| PB 0x0000000094800000| Complete 
| 329|0x0000000094900000, 0x0000000094a00000, 0x0000000094a00000|100%| E|CS|TAMS 0x0000000094900000| PB 0x0000000094900000| Complete 
| 330|0x0000000094a00000, 0x0000000094b00000, 0x0000000094b00000|100%| E|CS|TAMS 0x0000000094a00000| PB 0x0000000094a00000| Complete 
| 331|0x0000000094b00000, 0x0000000094c00000, 0x0000000094c00000|100%| E|CS|TAMS 0x0000000094b00000| PB 0x0000000094b00000| Complete 
| 332|0x0000000094c00000, 0x0000000094d00000, 0x0000000094d00000|100%| E|CS|TAMS 0x0000000094c00000| PB 0x0000000094c00000| Complete 
| 333|0x0000000094d00000, 0x0000000094e00000, 0x0000000094e00000|100%| E|CS|TAMS 0x0000000094d00000| PB 0x0000000094d00000| Complete 
| 334|0x0000000094e00000, 0x0000000094f00000, 0x0000000094f00000|100%| E|CS|TAMS 0x0000000094e00000| PB 0x0000000094e00000| Complete 
| 335|0x0000000094f00000, 0x0000000095000000, 0x0000000095000000|100%| E|CS|TAMS 0x0000000094f00000| PB 0x0000000094f00000| Complete 
| 336|0x0000000095000000, 0x0000000095100000, 0x0000000095100000|100%| E|CS|TAMS 0x0000000095000000| PB 0x0000000095000000| Complete 
| 337|0x0000000095100000, 0x0000000095200000, 0x0000000095200000|100%| E|CS|TAMS 0x0000000095100000| PB 0x0000000095100000| Complete 
| 338|0x0000000095200000, 0x0000000095300000, 0x0000000095300000|100%| E|CS|TAMS 0x0000000095200000| PB 0x0000000095200000| Complete 
| 339|0x0000000095300000, 0x0000000095400000, 0x0000000095400000|100%| E|CS|TAMS 0x0000000095300000| PB 0x0000000095300000| Complete 
| 340|0x0000000095400000, 0x0000000095500000, 0x0000000095500000|100%| E|CS|TAMS 0x0000000095400000| PB 0x0000000095400000| Complete 
| 341|0x0000000095500000, 0x0000000095600000, 0x0000000095600000|100%| E|CS|TAMS 0x0000000095500000| PB 0x0000000095500000| Complete 
| 342|0x0000000095600000, 0x0000000095700000, 0x0000000095700000|100%| E|CS|TAMS 0x0000000095600000| PB 0x0000000095600000| Complete 
| 343|0x0000000095700000, 0x0000000095800000, 0x0000000095800000|100%| E|CS|TAMS 0x0000000095700000| PB 0x0000000095700000| Complete 
| 344|0x0000000095800000, 0x0000000095900000, 0x0000000095900000|100%| E|CS|TAMS 0x0000000095800000| PB 0x0000000095800000| Complete 
| 345|0x0000000095900000, 0x0000000095a00000, 0x0000000095a00000|100%| E|CS|TAMS 0x0000000095900000| PB 0x0000000095900000| Complete 
| 346|0x0000000095a00000, 0x0000000095b00000, 0x0000000095b00000|100%| E|CS|TAMS 0x0000000095a00000| PB 0x0000000095a00000| Complete 
| 347|0x0000000095b00000, 0x0000000095c00000, 0x0000000095c00000|100%| E|CS|TAMS 0x0000000095b00000| PB 0x0000000095b00000| Complete 
| 348|0x0000000095c00000, 0x0000000095d00000, 0x0000000095d00000|100%| E|CS|TAMS 0x0000000095c00000| PB 0x0000000095c00000| Complete 
| 349|0x0000000095d00000, 0x0000000095e00000, 0x0000000095e00000|100%| E|CS|TAMS 0x0000000095d00000| PB 0x0000000095d00000| Complete 
| 350|0x0000000095e00000, 0x0000000095f00000, 0x0000000095f00000|100%| E|CS|TAMS 0x0000000095e00000| PB 0x0000000095e00000| Complete 
| 351|0x0000000095f00000, 0x0000000096000000, 0x0000000096000000|100%| E|CS|TAMS 0x0000000095f00000| PB 0x0000000095f00000| Complete 
| 352|0x0000000096000000, 0x0000000096100000, 0x0000000096100000|100%| E|CS|TAMS 0x0000000096000000| PB 0x0000000096000000| Complete 
| 353|0x0000000096100000, 0x0000000096200000, 0x0000000096200000|100%| E|CS|TAMS 0x0000000096100000| PB 0x0000000096100000| Complete 
| 354|0x0000000096200000, 0x0000000096300000, 0x0000000096300000|100%| E|CS|TAMS 0x0000000096200000| PB 0x0000000096200000| Complete 
| 355|0x0000000096300000, 0x0000000096400000, 0x0000000096400000|100%| E|CS|TAMS 0x0000000096300000| PB 0x0000000096300000| Complete 
| 356|0x0000000096400000, 0x0000000096500000, 0x0000000096500000|100%| E|CS|TAMS 0x0000000096400000| PB 0x0000000096400000| Complete 
| 357|0x0000000096500000, 0x0000000096600000, 0x0000000096600000|100%| E|CS|TAMS 0x0000000096500000| PB 0x0000000096500000| Complete 
| 358|0x0000000096600000, 0x0000000096700000, 0x0000000096700000|100%| E|CS|TAMS 0x0000000096600000| PB 0x0000000096600000| Complete 
| 359|0x0000000096700000, 0x0000000096800000, 0x0000000096800000|100%| E|CS|TAMS 0x0000000096700000| PB 0x0000000096700000| Complete 
| 360|0x0000000096800000, 0x0000000096900000, 0x0000000096900000|100%| E|CS|TAMS 0x0000000096800000| PB 0x0000000096800000| Complete 
| 361|0x0000000096900000, 0x0000000096a00000, 0x0000000096a00000|100%| E|CS|TAMS 0x0000000096900000| PB 0x0000000096900000| Complete 
| 362|0x0000000096a00000, 0x0000000096b00000, 0x0000000096b00000|100%| E|CS|TAMS 0x0000000096a00000| PB 0x0000000096a00000| Complete 
| 363|0x0000000096b00000, 0x0000000096c00000, 0x0000000096c00000|100%| E|CS|TAMS 0x0000000096b00000| PB 0x0000000096b00000| Complete 
| 364|0x0000000096c00000, 0x0000000096d00000, 0x0000000096d00000|100%| E|CS|TAMS 0x0000000096c00000| PB 0x0000000096c00000| Complete 
| 365|0x0000000096d00000, 0x0000000096e00000, 0x0000000096e00000|100%| E|CS|TAMS 0x0000000096d00000| PB 0x0000000096d00000| Complete 
| 366|0x0000000096e00000, 0x0000000096f00000, 0x0000000096f00000|100%| E|CS|TAMS 0x0000000096e00000| PB 0x0000000096e00000| Complete 
| 367|0x0000000096f00000, 0x0000000097000000, 0x0000000097000000|100%| E|CS|TAMS 0x0000000096f00000| PB 0x0000000096f00000| Complete 
| 368|0x0000000097000000, 0x0000000097100000, 0x0000000097100000|100%| E|CS|TAMS 0x0000000097000000| PB 0x0000000097000000| Complete 
| 369|0x0000000097100000, 0x0000000097200000, 0x0000000097200000|100%| E|CS|TAMS 0x0000000097100000| PB 0x0000000097100000| Complete 
| 370|0x0000000097200000, 0x0000000097300000, 0x0000000097300000|100%| E|CS|TAMS 0x0000000097200000| PB 0x0000000097200000| Complete 
| 371|0x0000000097300000, 0x0000000097400000, 0x0000000097400000|100%| E|  |TAMS 0x0000000097300000| PB 0x0000000097300000| Complete 
| 372|0x0000000097400000, 0x0000000097500000, 0x0000000097500000|100%| E|CS|TAMS 0x0000000097400000| PB 0x0000000097400000| Complete 
| 373|0x0000000097500000, 0x0000000097600000, 0x0000000097600000|100%| E|CS|TAMS 0x0000000097500000| PB 0x0000000097500000| Complete 
| 374|0x0000000097600000, 0x0000000097700000, 0x0000000097700000|100%| E|CS|TAMS 0x0000000097600000| PB 0x0000000097600000| Complete 
| 375|0x0000000097700000, 0x0000000097800000, 0x0000000097800000|100%| E|CS|TAMS 0x0000000097700000| PB 0x0000000097700000| Complete 
| 376|0x0000000097800000, 0x0000000097900000, 0x0000000097900000|100%| E|CS|TAMS 0x0000000097800000| PB 0x0000000097800000| Complete 
| 377|0x0000000097900000, 0x0000000097a00000, 0x0000000097a00000|100%| E|CS|TAMS 0x0000000097900000| PB 0x0000000097900000| Complete 
| 378|0x0000000097a00000, 0x0000000097b00000, 0x0000000097b00000|100%| E|CS|TAMS 0x0000000097a00000| PB 0x0000000097a00000| Complete 
| 379|0x0000000097b00000, 0x0000000097c00000, 0x0000000097c00000|100%| E|CS|TAMS 0x0000000097b00000| PB 0x0000000097b00000| Complete 
| 380|0x0000000097c00000, 0x0000000097d00000, 0x0000000097d00000|100%| E|CS|TAMS 0x0000000097c00000| PB 0x0000000097c00000| Complete 
| 381|0x0000000097d00000, 0x0000000097e00000, 0x0000000097e00000|100%| E|CS|TAMS 0x0000000097d00000| PB 0x0000000097d00000| Complete 
| 382|0x0000000097e00000, 0x0000000097f00000, 0x0000000097f00000|100%| E|CS|TAMS 0x0000000097e00000| PB 0x0000000097e00000| Complete 
| 383|0x0000000097f00000, 0x0000000098000000, 0x0000000098000000|100%| E|CS|TAMS 0x0000000097f00000| PB 0x0000000097f00000| Complete 
| 384|0x0000000098000000, 0x0000000098100000, 0x0000000098100000|100%| E|CS|TAMS 0x0000000098000000| PB 0x0000000098000000| Complete 
| 385|0x0000000098100000, 0x0000000098200000, 0x0000000098200000|100%| E|CS|TAMS 0x0000000098100000| PB 0x0000000098100000| Complete 
| 386|0x0000000098200000, 0x0000000098300000, 0x0000000098300000|100%| E|CS|TAMS 0x0000000098200000| PB 0x0000000098200000| Complete 
| 387|0x0000000098300000, 0x0000000098400000, 0x0000000098400000|100%| E|CS|TAMS 0x0000000098300000| PB 0x0000000098300000| Complete 
| 388|0x0000000098400000, 0x0000000098500000, 0x0000000098500000|100%| E|CS|TAMS 0x0000000098400000| PB 0x0000000098400000| Complete 
| 389|0x0000000098500000, 0x0000000098600000, 0x0000000098600000|100%| E|CS|TAMS 0x0000000098500000| PB 0x0000000098500000| Complete 
| 390|0x0000000098600000, 0x0000000098700000, 0x0000000098700000|100%| E|CS|TAMS 0x0000000098600000| PB 0x0000000098600000| Complete 
| 391|0x0000000098700000, 0x0000000098800000, 0x0000000098800000|100%| E|CS|TAMS 0x0000000098700000| PB 0x0000000098700000| Complete 
| 392|0x0000000098800000, 0x0000000098900000, 0x0000000098900000|100%| E|CS|TAMS 0x0000000098800000| PB 0x0000000098800000| Complete 
| 393|0x0000000098900000, 0x0000000098a00000, 0x0000000098a00000|100%| E|CS|TAMS 0x0000000098900000| PB 0x0000000098900000| Complete 
| 394|0x0000000098a00000, 0x0000000098b00000, 0x0000000098b00000|100%| E|CS|TAMS 0x0000000098a00000| PB 0x0000000098a00000| Complete 
| 395|0x0000000098b00000, 0x0000000098c00000, 0x0000000098c00000|100%| E|CS|TAMS 0x0000000098b00000| PB 0x0000000098b00000| Complete 
| 396|0x0000000098c00000, 0x0000000098d00000, 0x0000000098d00000|100%| E|CS|TAMS 0x0000000098c00000| PB 0x0000000098c00000| Complete 
| 397|0x0000000098d00000, 0x0000000098e00000, 0x0000000098e00000|100%| E|CS|TAMS 0x0000000098d00000| PB 0x0000000098d00000| Complete 
| 398|0x0000000098e00000, 0x0000000098f00000, 0x0000000098f00000|100%| E|CS|TAMS 0x0000000098e00000| PB 0x0000000098e00000| Complete 
| 399|0x0000000098f00000, 0x0000000099000000, 0x0000000099000000|100%| E|CS|TAMS 0x0000000098f00000| PB 0x0000000098f00000| Complete 
| 400|0x0000000099000000, 0x0000000099100000, 0x0000000099100000|100%| E|CS|TAMS 0x0000000099000000| PB 0x0000000099000000| Complete 
| 401|0x0000000099100000, 0x0000000099200000, 0x0000000099200000|100%| E|CS|TAMS 0x0000000099100000| PB 0x0000000099100000| Complete 
| 402|0x0000000099200000, 0x0000000099300000, 0x0000000099300000|100%| E|CS|TAMS 0x0000000099200000| PB 0x0000000099200000| Complete 
| 403|0x0000000099300000, 0x0000000099400000, 0x0000000099400000|100%| E|CS|TAMS 0x0000000099300000| PB 0x0000000099300000| Complete 
| 404|0x0000000099400000, 0x0000000099500000, 0x0000000099500000|100%| E|CS|TAMS 0x0000000099400000| PB 0x0000000099400000| Complete 
| 405|0x0000000099500000, 0x0000000099600000, 0x0000000099600000|100%| E|CS|TAMS 0x0000000099500000| PB 0x0000000099500000| Complete 
| 406|0x0000000099600000, 0x0000000099700000, 0x0000000099700000|100%| E|CS|TAMS 0x0000000099600000| PB 0x0000000099600000| Complete 
| 407|0x0000000099700000, 0x0000000099800000, 0x0000000099800000|100%| E|CS|TAMS 0x0000000099700000| PB 0x0000000099700000| Complete 
| 408|0x0000000099800000, 0x0000000099900000, 0x0000000099900000|100%| E|CS|TAMS 0x0000000099800000| PB 0x0000000099800000| Complete 
| 409|0x0000000099900000, 0x0000000099a00000, 0x0000000099a00000|100%| E|CS|TAMS 0x0000000099900000| PB 0x0000000099900000| Complete 
| 410|0x0000000099a00000, 0x0000000099b00000, 0x0000000099b00000|100%| E|CS|TAMS 0x0000000099a00000| PB 0x0000000099a00000| Complete 
| 411|0x0000000099b00000, 0x0000000099c00000, 0x0000000099c00000|100%| E|CS|TAMS 0x0000000099b00000| PB 0x0000000099b00000| Complete 
| 412|0x0000000099c00000, 0x0000000099d00000, 0x0000000099d00000|100%| E|CS|TAMS 0x0000000099c00000| PB 0x0000000099c00000| Complete 
| 413|0x0000000099d00000, 0x0000000099e00000, 0x0000000099e00000|100%| E|CS|TAMS 0x0000000099d00000| PB 0x0000000099d00000| Complete 
| 414|0x0000000099e00000, 0x0000000099f00000, 0x0000000099f00000|100%| E|CS|TAMS 0x0000000099e00000| PB 0x0000000099e00000| Complete 
| 415|0x0000000099f00000, 0x000000009a000000, 0x000000009a000000|100%| E|CS|TAMS 0x0000000099f00000| PB 0x0000000099f00000| Complete 
| 416|0x000000009a000000, 0x000000009a100000, 0x000000009a100000|100%| E|CS|TAMS 0x000000009a000000| PB 0x000000009a000000| Complete 
| 417|0x000000009a100000, 0x000000009a200000, 0x000000009a200000|100%| E|CS|TAMS 0x000000009a100000| PB 0x000000009a100000| Complete 
| 418|0x000000009a200000, 0x000000009a300000, 0x000000009a300000|100%| E|CS|TAMS 0x000000009a200000| PB 0x000000009a200000| Complete 
| 419|0x000000009a300000, 0x000000009a400000, 0x000000009a400000|100%| E|CS|TAMS 0x000000009a300000| PB 0x000000009a300000| Complete 
| 420|0x000000009a400000, 0x000000009a500000, 0x000000009a500000|100%| E|CS|TAMS 0x000000009a400000| PB 0x000000009a400000| Complete 
| 421|0x000000009a500000, 0x000000009a600000, 0x000000009a600000|100%| E|CS|TAMS 0x000000009a500000| PB 0x000000009a500000| Complete 
| 422|0x000000009a600000, 0x000000009a700000, 0x000000009a700000|100%| E|CS|TAMS 0x000000009a600000| PB 0x000000009a600000| Complete 
| 423|0x000000009a700000, 0x000000009a800000, 0x000000009a800000|100%| E|CS|TAMS 0x000000009a700000| PB 0x000000009a700000| Complete 
| 424|0x000000009a800000, 0x000000009a900000, 0x000000009a900000|100%| E|CS|TAMS 0x000000009a800000| PB 0x000000009a800000| Complete 
| 425|0x000000009a900000, 0x000000009aa00000, 0x000000009aa00000|100%| E|CS|TAMS 0x000000009a900000| PB 0x000000009a900000| Complete 
| 426|0x000000009aa00000, 0x000000009ab00000, 0x000000009ab00000|100%| E|CS|TAMS 0x000000009aa00000| PB 0x000000009aa00000| Complete 
| 427|0x000000009ab00000, 0x000000009ac00000, 0x000000009ac00000|100%| E|CS|TAMS 0x000000009ab00000| PB 0x000000009ab00000| Complete 
| 428|0x000000009ac00000, 0x000000009ad00000, 0x000000009ad00000|100%| E|CS|TAMS 0x000000009ac00000| PB 0x000000009ac00000| Complete 
| 429|0x000000009ad00000, 0x000000009ae00000, 0x000000009ae00000|100%| E|CS|TAMS 0x000000009ad00000| PB 0x000000009ad00000| Complete 
| 430|0x000000009ae00000, 0x000000009af00000, 0x000000009af00000|100%| E|CS|TAMS 0x000000009ae00000| PB 0x000000009ae00000| Complete 
| 431|0x000000009af00000, 0x000000009b000000, 0x000000009b000000|100%| E|CS|TAMS 0x000000009af00000| PB 0x000000009af00000| Complete 
| 432|0x000000009b000000, 0x000000009b100000, 0x000000009b100000|100%| E|CS|TAMS 0x000000009b000000| PB 0x000000009b000000| Complete 
| 433|0x000000009b100000, 0x000000009b200000, 0x000000009b200000|100%| E|CS|TAMS 0x000000009b100000| PB 0x000000009b100000| Complete 
| 434|0x000000009b200000, 0x000000009b300000, 0x000000009b300000|100%| E|CS|TAMS 0x000000009b200000| PB 0x000000009b200000| Complete 
| 435|0x000000009b300000, 0x000000009b400000, 0x000000009b400000|100%| E|CS|TAMS 0x000000009b300000| PB 0x000000009b300000| Complete 
| 436|0x000000009b400000, 0x000000009b500000, 0x000000009b500000|100%| E|CS|TAMS 0x000000009b400000| PB 0x000000009b400000| Complete 
| 437|0x000000009b500000, 0x000000009b600000, 0x000000009b600000|100%| E|CS|TAMS 0x000000009b500000| PB 0x000000009b500000| Complete 
| 438|0x000000009b600000, 0x000000009b700000, 0x000000009b700000|100%| E|CS|TAMS 0x000000009b600000| PB 0x000000009b600000| Complete 
| 439|0x000000009b700000, 0x000000009b800000, 0x000000009b800000|100%| E|CS|TAMS 0x000000009b700000| PB 0x000000009b700000| Complete 
| 440|0x000000009b800000, 0x000000009b900000, 0x000000009b900000|100%| E|CS|TAMS 0x000000009b800000| PB 0x000000009b800000| Complete 
| 441|0x000000009b900000, 0x000000009ba00000, 0x000000009ba00000|100%| E|CS|TAMS 0x000000009b900000| PB 0x000000009b900000| Complete 
| 442|0x000000009ba00000, 0x000000009bb00000, 0x000000009bb00000|100%| E|CS|TAMS 0x000000009ba00000| PB 0x000000009ba00000| Complete 
| 443|0x000000009bb00000, 0x000000009bc00000, 0x000000009bc00000|100%| E|CS|TAMS 0x000000009bb00000| PB 0x000000009bb00000| Complete 
| 444|0x000000009bc00000, 0x000000009bd00000, 0x000000009bd00000|100%| E|CS|TAMS 0x000000009bc00000| PB 0x000000009bc00000| Complete 
| 445|0x000000009bd00000, 0x000000009be00000, 0x000000009be00000|100%| E|CS|TAMS 0x000000009bd00000| PB 0x000000009bd00000| Complete 
| 446|0x000000009be00000, 0x000000009bf00000, 0x000000009bf00000|100%| E|CS|TAMS 0x000000009be00000| PB 0x000000009be00000| Complete 
| 447|0x000000009bf00000, 0x000000009c000000, 0x000000009c000000|100%| E|CS|TAMS 0x000000009bf00000| PB 0x000000009bf00000| Complete 
| 448|0x000000009c000000, 0x000000009c100000, 0x000000009c100000|100%| E|CS|TAMS 0x000000009c000000| PB 0x000000009c000000| Complete 
| 449|0x000000009c100000, 0x000000009c200000, 0x000000009c200000|100%| E|CS|TAMS 0x000000009c100000| PB 0x000000009c100000| Complete 
| 450|0x000000009c200000, 0x000000009c300000, 0x000000009c300000|100%| E|CS|TAMS 0x000000009c200000| PB 0x000000009c200000| Complete 
| 451|0x000000009c300000, 0x000000009c400000, 0x000000009c400000|100%| E|CS|TAMS 0x000000009c300000| PB 0x000000009c300000| Complete 
| 452|0x000000009c400000, 0x000000009c500000, 0x000000009c500000|100%| E|CS|TAMS 0x000000009c400000| PB 0x000000009c400000| Complete 
| 453|0x000000009c500000, 0x000000009c600000, 0x000000009c600000|100%| E|CS|TAMS 0x000000009c500000| PB 0x000000009c500000| Complete 
| 454|0x000000009c600000, 0x000000009c700000, 0x000000009c700000|100%| E|CS|TAMS 0x000000009c600000| PB 0x000000009c600000| Complete 
| 455|0x000000009c700000, 0x000000009c800000, 0x000000009c800000|100%| E|CS|TAMS 0x000000009c700000| PB 0x000000009c700000| Complete 
| 456|0x000000009c800000, 0x000000009c900000, 0x000000009c900000|100%| E|CS|TAMS 0x000000009c800000| PB 0x000000009c800000| Complete 
| 457|0x000000009c900000, 0x000000009ca00000, 0x000000009ca00000|100%| E|CS|TAMS 0x000000009c900000| PB 0x000000009c900000| Complete 
| 458|0x000000009ca00000, 0x000000009cb00000, 0x000000009cb00000|100%| E|CS|TAMS 0x000000009ca00000| PB 0x000000009ca00000| Complete 
| 459|0x000000009cb00000, 0x000000009cc00000, 0x000000009cc00000|100%| E|CS|TAMS 0x000000009cb00000| PB 0x000000009cb00000| Complete 
| 460|0x000000009cc00000, 0x000000009cd00000, 0x000000009cd00000|100%| E|CS|TAMS 0x000000009cc00000| PB 0x000000009cc00000| Complete 
| 461|0x000000009cd00000, 0x000000009ce00000, 0x000000009ce00000|100%| E|CS|TAMS 0x000000009cd00000| PB 0x000000009cd00000| Complete 
| 462|0x000000009ce00000, 0x000000009cf00000, 0x000000009cf00000|100%| E|CS|TAMS 0x000000009ce00000| PB 0x000000009ce00000| Complete 
| 463|0x000000009cf00000, 0x000000009d000000, 0x000000009d000000|100%| E|CS|TAMS 0x000000009cf00000| PB 0x000000009cf00000| Complete 
| 464|0x000000009d000000, 0x000000009d100000, 0x000000009d100000|100%| E|CS|TAMS 0x000000009d000000| PB 0x000000009d000000| Complete 
| 465|0x000000009d100000, 0x000000009d200000, 0x000000009d200000|100%| E|CS|TAMS 0x000000009d100000| PB 0x000000009d100000| Complete 
| 466|0x000000009d200000, 0x000000009d300000, 0x000000009d300000|100%| E|CS|TAMS 0x000000009d200000| PB 0x000000009d200000| Complete 
| 467|0x000000009d300000, 0x000000009d400000, 0x000000009d400000|100%| E|CS|TAMS 0x000000009d300000| PB 0x000000009d300000| Complete 
| 468|0x000000009d400000, 0x000000009d500000, 0x000000009d500000|100%| E|CS|TAMS 0x000000009d400000| PB 0x000000009d400000| Complete 
| 469|0x000000009d500000, 0x000000009d600000, 0x000000009d600000|100%| E|CS|TAMS 0x000000009d500000| PB 0x000000009d500000| Complete 
| 470|0x000000009d600000, 0x000000009d700000, 0x000000009d700000|100%| E|CS|TAMS 0x000000009d600000| PB 0x000000009d600000| Complete 
| 471|0x000000009d700000, 0x000000009d800000, 0x000000009d800000|100%| E|CS|TAMS 0x000000009d700000| PB 0x000000009d700000| Complete 
| 472|0x000000009d800000, 0x000000009d900000, 0x000000009d900000|100%| E|CS|TAMS 0x000000009d800000| PB 0x000000009d800000| Complete 
| 473|0x000000009d900000, 0x000000009da00000, 0x000000009da00000|100%| E|CS|TAMS 0x000000009d900000| PB 0x000000009d900000| Complete 
| 474|0x000000009da00000, 0x000000009db00000, 0x000000009db00000|100%| E|CS|TAMS 0x000000009da00000| PB 0x000000009da00000| Complete 
| 475|0x000000009db00000, 0x000000009dc00000, 0x000000009dc00000|100%| E|CS|TAMS 0x000000009db00000| PB 0x000000009db00000| Complete 
| 476|0x000000009dc00000, 0x000000009dd00000, 0x000000009dd00000|100%| E|CS|TAMS 0x000000009dc00000| PB 0x000000009dc00000| Complete 
| 477|0x000000009dd00000, 0x000000009de00000, 0x000000009de00000|100%| E|CS|TAMS 0x000000009dd00000| PB 0x000000009dd00000| Complete 
| 478|0x000000009de00000, 0x000000009df00000, 0x000000009df00000|100%| E|CS|TAMS 0x000000009de00000| PB 0x000000009de00000| Complete 
| 479|0x000000009df00000, 0x000000009e000000, 0x000000009e000000|100%| E|CS|TAMS 0x000000009df00000| PB 0x000000009df00000| Complete 
| 480|0x000000009e000000, 0x000000009e100000, 0x000000009e100000|100%| E|CS|TAMS 0x000000009e000000| PB 0x000000009e000000| Complete 
| 481|0x000000009e100000, 0x000000009e200000, 0x000000009e200000|100%| E|CS|TAMS 0x000000009e100000| PB 0x000000009e100000| Complete 
| 482|0x000000009e200000, 0x000000009e300000, 0x000000009e300000|100%| E|CS|TAMS 0x000000009e200000| PB 0x000000009e200000| Complete 
| 483|0x000000009e300000, 0x000000009e400000, 0x000000009e400000|100%| E|CS|TAMS 0x000000009e300000| PB 0x000000009e300000| Complete 
| 484|0x000000009e400000, 0x000000009e500000, 0x000000009e500000|100%| E|CS|TAMS 0x000000009e400000| PB 0x000000009e400000| Complete 
| 485|0x000000009e500000, 0x000000009e600000, 0x000000009e600000|100%| E|CS|TAMS 0x000000009e500000| PB 0x000000009e500000| Complete 
| 486|0x000000009e600000, 0x000000009e700000, 0x000000009e700000|100%| E|CS|TAMS 0x000000009e600000| PB 0x000000009e600000| Complete 
| 487|0x000000009e700000, 0x000000009e800000, 0x000000009e800000|100%| E|CS|TAMS 0x000000009e700000| PB 0x000000009e700000| Complete 
| 488|0x000000009e800000, 0x000000009e900000, 0x000000009e900000|100%| E|CS|TAMS 0x000000009e800000| PB 0x000000009e800000| Complete 
| 489|0x000000009e900000, 0x000000009ea00000, 0x000000009ea00000|100%| S|CS|TAMS 0x000000009e900000| PB 0x000000009e900000| Complete 
| 490|0x000000009ea00000, 0x000000009eb00000, 0x000000009eb00000|100%| S|CS|TAMS 0x000000009ea00000| PB 0x000000009ea00000| Complete 
| 491|0x000000009eb00000, 0x000000009ec00000, 0x000000009ec00000|100%| S|CS|TAMS 0x000000009eb00000| PB 0x000000009eb00000| Complete 
| 492|0x000000009ec00000, 0x000000009ed00000, 0x000000009ed00000|100%| S|CS|TAMS 0x000000009ec00000| PB 0x000000009ec00000| Complete 
| 493|0x000000009ed00000, 0x000000009ee00000, 0x000000009ee00000|100%| S|CS|TAMS 0x000000009ed00000| PB 0x000000009ed00000| Complete 
| 494|0x000000009ee00000, 0x000000009ef00000, 0x000000009ef00000|100%| S|CS|TAMS 0x000000009ee00000| PB 0x000000009ee00000| Complete 
| 495|0x000000009ef00000, 0x000000009f000000, 0x000000009f000000|100%| S|CS|TAMS 0x000000009ef00000| PB 0x000000009ef00000| Complete 
| 496|0x000000009f000000, 0x000000009f100000, 0x000000009f100000|100%| S|CS|TAMS 0x000000009f000000| PB 0x000000009f000000| Complete 
| 497|0x000000009f100000, 0x000000009f200000, 0x000000009f200000|100%| S|CS|TAMS 0x000000009f100000| PB 0x000000009f100000| Complete 
| 498|0x000000009f200000, 0x000000009f300000, 0x000000009f300000|100%| S|CS|TAMS 0x000000009f200000| PB 0x000000009f200000| Complete 
| 499|0x000000009f300000, 0x000000009f320ba0, 0x000000009f400000| 12%| S|CS|TAMS 0x000000009f300000| PB 0x000000009f300000| Complete 
|2010|0x00000000fda00000, 0x00000000fda44880, 0x00000000fdb00000| 26%| O|  |TAMS 0x00000000fda00000| PB 0x00000000fda00000| Untracked 
|2011|0x00000000fdb00000, 0x00000000fdc00000, 0x00000000fdc00000|100%| O|Cm|TAMS 0x00000000fdb00000| PB 0x00000000fdb00000| Complete 
|2012|0x00000000fdc00000, 0x00000000fdd00000, 0x00000000fdd00000|100%| O|  |TAMS 0x00000000fdc00000| PB 0x00000000fdc00000| Untracked 
|2013|0x00000000fdd00000, 0x00000000fde00000, 0x00000000fde00000|100%| O|  |TAMS 0x00000000fdd00000| PB 0x00000000fdd00000| Untracked 
|2014|0x00000000fde00000, 0x00000000fdf00000, 0x00000000fdf00000|100%| O|  |TAMS 0x00000000fde00000| PB 0x00000000fde00000| Untracked 
|2015|0x00000000fdf00000, 0x00000000fe000000, 0x00000000fe000000|100%| O|  |TAMS 0x00000000fdf00000| PB 0x00000000fdf00000| Untracked 
|2016|0x00000000fe000000, 0x00000000fe100000, 0x00000000fe100000|100%| O|  |TAMS 0x00000000fe000000| PB 0x00000000fe000000| Untracked 
|2017|0x00000000fe100000, 0x00000000fe200000, 0x00000000fe200000|100%| O|  |TAMS 0x00000000fe100000| PB 0x00000000fe100000| Untracked 
|2018|0x00000000fe200000, 0x00000000fe300000, 0x00000000fe300000|100%| O|  |TAMS 0x00000000fe200000| PB 0x00000000fe200000| Untracked 
|2019|0x00000000fe300000, 0x00000000fe400000, 0x00000000fe400000|100%| O|  |TAMS 0x00000000fe300000| PB 0x00000000fe300000| Untracked 
|2020|0x00000000fe400000, 0x00000000fe500000, 0x00000000fe500000|100%| O|  |TAMS 0x00000000fe400000| PB 0x00000000fe400000| Untracked 
|2021|0x00000000fe500000, 0x00000000fe600000, 0x00000000fe600000|100%| O|  |TAMS 0x00000000fe500000| PB 0x00000000fe500000| Untracked 
|2022|0x00000000fe600000, 0x00000000fe700000, 0x00000000fe700000|100%| O|  |TAMS 0x00000000fe600000| PB 0x00000000fe600000| Untracked 
|2023|0x00000000fe700000, 0x00000000fe800000, 0x00000000fe800000|100%| O|  |TAMS 0x00000000fe700000| PB 0x00000000fe700000| Untracked 
|2024|0x00000000fe800000, 0x00000000fe900000, 0x00000000fe900000|100%| O|  |TAMS 0x00000000fe800000| PB 0x00000000fe800000| Untracked 
|2025|0x00000000fe900000, 0x00000000fea00000, 0x00000000fea00000|100%| O|  |TAMS 0x00000000fe900000| PB 0x00000000fe900000| Untracked 
|2026|0x00000000fea00000, 0x00000000feb00000, 0x00000000feb00000|100%| O|  |TAMS 0x00000000fea00000| PB 0x00000000fea00000| Untracked 
|2027|0x00000000feb00000, 0x00000000fec00000, 0x00000000fec00000|100%| O|  |TAMS 0x00000000feb00000| PB 0x00000000feb00000| Untracked 
|2028|0x00000000fec00000, 0x00000000fed00000, 0x00000000fed00000|100%| O|  |TAMS 0x00000000fec00000| PB 0x00000000fec00000| Untracked 
|2029|0x00000000fed00000, 0x00000000fee00000, 0x00000000fee00000|100%| O|  |TAMS 0x00000000fed00000| PB 0x00000000fed00000| Untracked 
|2030|0x00000000fee00000, 0x00000000feee27a8, 0x00000000fef00000| 88%| O|  |TAMS 0x00000000fee00000| PB 0x00000000fee00000| Untracked 
|2031|0x00000000fef00000, 0x00000000ff000000, 0x00000000ff000000|100%| O|  |TAMS 0x00000000fef00000| PB 0x00000000fef00000| Untracked 
|2032|0x00000000ff000000, 0x00000000ff100000, 0x00000000ff100000|100%| E|CS|TAMS 0x00000000ff000000| PB 0x00000000ff000000| Complete 
|2033|0x00000000ff100000, 0x00000000ff200000, 0x00000000ff200000|100%| O|  |TAMS 0x00000000ff100000| PB 0x00000000ff100000| Untracked 
|2034|0x00000000ff200000, 0x00000000ff300000, 0x00000000ff300000|100%| O|  |TAMS 0x00000000ff200000| PB 0x00000000ff200000| Untracked 
|2035|0x00000000ff300000, 0x00000000ff400000, 0x00000000ff400000|100%| O|  |TAMS 0x00000000ff300000| PB 0x00000000ff300000| Untracked 
|2036|0x00000000ff400000, 0x00000000ff500000, 0x00000000ff500000|100%| O|  |TAMS 0x00000000ff400000| PB 0x00000000ff400000| Untracked 
|2037|0x00000000ff500000, 0x00000000ff600000, 0x00000000ff600000|100%| O|  |TAMS 0x00000000ff500000| PB 0x00000000ff500000| Untracked 
|2038|0x00000000ff600000, 0x00000000ff700000, 0x00000000ff700000|100%| O|  |TAMS 0x00000000ff600000| PB 0x00000000ff600000| Untracked 
|2039|0x00000000ff700000, 0x00000000ff800000, 0x00000000ff800000|100%| O|Cm|TAMS 0x00000000ff700000| PB 0x00000000ff700000| Complete 
|2040|0x00000000ff800000, 0x00000000ff900000, 0x00000000ff900000|100%| O|  |TAMS 0x00000000ff800000| PB 0x00000000ff800000| Untracked 
|2041|0x00000000ff900000, 0x00000000ffa00000, 0x00000000ffa00000|100%| O|Cm|TAMS 0x00000000ff900000| PB 0x00000000ff900000| Complete 
|2042|0x00000000ffa00000, 0x00000000ffb00000, 0x00000000ffb00000|100%| O|  |TAMS 0x00000000ffa00000| PB 0x00000000ffa00000| Untracked 
|2043|0x00000000ffb00000, 0x00000000ffc00000, 0x00000000ffc00000|100%| O|  |TAMS 0x00000000ffb00000| PB 0x00000000ffb00000| Untracked 
|2044|0x00000000ffc00000, 0x00000000ffd00000, 0x00000000ffd00000|100%| O|  |TAMS 0x00000000ffc00000| PB 0x00000000ffc00000| Untracked 
|2045|0x00000000ffd00000, 0x00000000ffe00000, 0x00000000ffe00000|100%| O|  |TAMS 0x00000000ffd00000| PB 0x00000000ffd00000| Untracked 
|2046|0x00000000ffe00000, 0x00000000fff00000, 0x00000000fff00000|100%| O|  |TAMS 0x00000000ffe00000| PB 0x00000000ffe00000| Untracked 
|2047|0x00000000fff00000, 0x0000000100000000, 0x0000000100000000|100%| E|CS|TAMS 0x00000000fff00000| PB 0x00000000fff00000| Complete 

Card table byte_map: [0x000001ebc26a0000,0x000001ebc2aa0000] _byte_map_base: 0x000001ebc22a0000

Marking Bits: (CMBitMap*) 0x000001ebaee78ea0
 Bits: [0x000001ebc2aa0000, 0x000001ebc4aa0000)

Polling page: 0x000001ebacde0000

Metaspace:

Usage:
  Non-class:    120.24 MB used.
      Class:     18.41 MB used.
       Both:    138.65 MB used.

Virtual space:
  Non-class space:      128.00 MB reserved,     121.38 MB ( 95%) committed,  2 nodes.
      Class space:        1.00 GB reserved,      19.62 MB (  2%) committed,  1 nodes.
             Both:        1.12 GB reserved,     141.00 MB ( 12%) committed. 

Chunk freelists:
   Non-Class:  5.75 MB
       Class:  12.35 MB
        Both:  18.10 MB

MaxMetaspaceSize: unlimited
CompressedClassSpaceSize: 1.00 GB
Initial GC threshold: 21.00 MB
Current GC threshold: 232.75 MB
CDS: off
 - commit_granule_bytes: 65536.
 - commit_granule_words: 8192.
 - virtual_space_node_default_size: 8388608.
 - enlarge_chunks_in_place: 1.
 - use_allocation_guard: 0.


Internal statistics:

num_allocs_failed_limit: 12.
num_arena_births: 4578.
num_arena_deaths: 2.
num_vsnodes_births: 3.
num_vsnodes_deaths: 0.
num_space_committed: 2257.
num_space_uncommitted: 2.
num_chunks_returned_to_freelist: 33.
num_chunks_taken_from_freelist: 10730.
num_chunk_merges: 17.
num_chunk_splits: 6998.
num_chunks_enlarged: 4427.
num_inconsistent_stats: 0.

CodeHeap 'non-profiled nmethods': size=118848Kb used=17417Kb max_used=17417Kb free=101430Kb
 bounds [0x000001ebb9b60000, 0x000001ebbac70000, 0x000001ebc0f70000]
CodeHeap 'profiled nmethods': size=118848Kb used=37803Kb max_used=39345Kb free=81044Kb
 bounds [0x000001ebb1f70000, 0x000001ebb4630000, 0x000001ebb9380000]
CodeHeap 'non-nmethods': size=8064Kb used=3519Kb max_used=5265Kb free=4544Kb
 bounds [0x000001ebb9380000, 0x000001ebb98c0000, 0x000001ebb9b60000]
 total_blobs=19989 nmethods=18939 adapters=952
 compilation: enabled
              stopped_count=0, restarted_count=0
 full_count=0

Compilation events (20 events):
Event: 706.393 Thread 0x000001ebd9f3e4b0 26258       3       kotlin.collections.MapsKt__MapWithDefaultKt::getOrImplicitDefaultNullable (90 bytes)
Event: 706.394 Thread 0x000001ebd9f3e4b0 nmethod 26258 0x000001ebb2fd9a90 code [0x000001ebb2fd9de0, 0x000001ebb2fdaf88]
Event: 706.396 Thread 0x000001ebd9f3e4b0 26261       3       org.gradle.internal.instantiation.generator.DefaultInstantiatorFactory::inject (14 bytes)
Event: 706.396 Thread 0x000001ebd9f3dde0 26262       3       org.gradle.internal.work.DefaultConditionalExecutionQueue::access$500 (5 bytes)
Event: 706.396 Thread 0x000001ebd9f3dde0 nmethod 26262 0x000001ebb3719b10 code [0x000001ebb3719cc0, 0x000001ebb3719e68]
Event: 706.396 Thread 0x000001ebd9f3e4b0 nmethod 26261 0x000001ebb3725410 code [0x000001ebb37255c0, 0x000001ebb3725780]
Event: 706.396 Thread 0x000001ebd1463870 26234       4       org.gradle.internal.logging.sink.OutputEventTransformer::onOutput (369 bytes)
Event: 706.398 Thread 0x000001ebd9f3dde0 26263       3       com.android.ide.common.blame.SourceFileJsonTypeAdapter::<init> (5 bytes)
Event: 706.398 Thread 0x000001ebc891c900 26264       3       com.android.ide.common.blame.SourcePositionJsonTypeAdapter::<init> (5 bytes)
Event: 706.398 Thread 0x000001ebc891c900 nmethod 26264 0x000001ebb373d910 code [0x000001ebb373dac0, 0x000001ebb373dc88]
Event: 706.398 Thread 0x000001ebd9f3dde0 nmethod 26263 0x000001ebb374a590 code [0x000001ebb374a740, 0x000001ebb374a908]
Event: 706.398 Thread 0x000001ebd2c9a480 26266       1       com.android.build.gradle.internal.dexing.DexParametersForWorkers::getWithDesugaring (5 bytes)
Event: 706.398 Thread 0x000001ebd9f3e4b0 26267       1       com.android.build.gradle.internal.workeractions.WorkerActionServiceRegistry$registerServiceAsCloseable$2::getService (5 bytes)
Event: 706.398 Thread 0x000001ebd9f3dde0 26268       3       com.android.build.gradle.internal.dexing.DexWorkActionParams$Inject::getDexSpec (34 bytes)
Event: 706.398 Thread 0x000001ebd2c9a480 nmethod 26266 0x000001ebbac50610 code [0x000001ebbac507a0, 0x000001ebbac50870]
Event: 706.398 Thread 0x000001ebd9f3e4b0 nmethod 26267 0x000001ebbac50910 code [0x000001ebbac50aa0, 0x000001ebbac50b68]
Event: 706.399 Thread 0x000001ebc891c900 26269       1       com.android.build.gradle.internal.dexing.IncrementalDexSpec::getChangedFiles (5 bytes)
Event: 706.399 Thread 0x000001ebd9f3d040 26270       3       com.android.tools.r8.graph.y1::b (12 bytes)
Event: 706.399 Thread 0x000001ebd2c9a480 26271       3       java.io.BufferedOutputStream::<init> (63 bytes)
Event: 706.399 Thread 0x000001ebd9f3e4b0 26274   !   3       java.io.FileOutputStream::open (27 bytes)

GC Heap History (20 events):
Event: 10.479 GC heap before
{Heap before GC invocations=21 (full 0):
 garbage-first heap   total 306176K, used 263967K [0x0000000080000000, 0x0000000100000000)
  region size 1024K, 179 young (183296K), 17 survivors (17408K)
 Metaspace       used 100287K, committed 102464K, reserved 1179648K
  class space    used 13553K, committed 14656K, reserved 1048576K
}
Event: 10.484 GC heap after
{Heap after GC invocations=22 (full 0):
 garbage-first heap   total 306176K, used 103320K [0x0000000080000000, 0x0000000100000000)
  region size 1024K, 18 young (18432K), 18 survivors (18432K)
 Metaspace       used 100287K, committed 102464K, reserved 1179648K
  class space    used 13553K, committed 14656K, reserved 1048576K
}
Event: 16.447 GC heap before
{Heap before GC invocations=22 (full 0):
 garbage-first heap   total 306176K, used 304024K [0x0000000080000000, 0x0000000100000000)
  region size 1024K, 133 young (136192K), 18 survivors (18432K)
 Metaspace       used 112423K, committed 114560K, reserved 1179648K
  class space    used 15091K, committed 16192K, reserved 1048576K
}
Event: 16.453 GC heap after
{Heap after GC invocations=23 (full 0):
 garbage-first heap   total 330752K, used 108462K [0x0000000080000000, 0x0000000100000000)
  region size 1024K, 15 young (15360K), 15 survivors (15360K)
 Metaspace       used 112423K, committed 114560K, reserved 1179648K
  class space    used 15091K, committed 16192K, reserved 1048576K
}
Event: 61.520 GC heap before
{Heap before GC invocations=23 (full 0):
 garbage-first heap   total 330752K, used 289710K [0x0000000080000000, 0x0000000100000000)
  region size 1024K, 193 young (197632K), 15 survivors (15360K)
 Metaspace       used 113873K, committed 116160K, reserved 1179648K
  class space    used 15158K, committed 16320K, reserved 1048576K
}
Event: 61.525 GC heap after
{Heap after GC invocations=24 (full 0):
 garbage-first heap   total 330752K, used 115940K [0x0000000080000000, 0x0000000100000000)
  region size 1024K, 14 young (14336K), 14 survivors (14336K)
 Metaspace       used 113873K, committed 116160K, reserved 1179648K
  class space    used 15158K, committed 16320K, reserved 1048576K
}
Event: 143.447 GC heap before
{Heap before GC invocations=25 (full 0):
 garbage-first heap   total 330752K, used 328932K [0x0000000080000000, 0x0000000100000000)
  region size 1024K, 141 young (144384K), 14 survivors (14336K)
 Metaspace       used 114332K, committed 116608K, reserved 1179648K
  class space    used 15165K, committed 16320K, reserved 1048576K
}
Event: 143.452 GC heap after
{Heap after GC invocations=26 (full 0):
 garbage-first heap   total 348160K, used 118517K [0x0000000080000000, 0x0000000100000000)
  region size 1024K, 10 young (10240K), 10 survivors (10240K)
 Metaspace       used 114332K, committed 116608K, reserved 1179648K
  class space    used 15165K, committed 16320K, reserved 1048576K
}
Event: 190.147 GC heap before
{Heap before GC invocations=26 (full 0):
 garbage-first heap   total 432128K, used 429813K [0x0000000080000000, 0x0000000100000000)
  region size 1024K, 151 young (154624K), 10 survivors (10240K)
 Metaspace       used 114779K, committed 116992K, reserved 1179648K
  class space    used 15169K, committed 16320K, reserved 1048576K
}
Event: 190.152 GC heap after
{Heap after GC invocations=27 (full 0):
 garbage-first heap   total 444416K, used 118218K [0x0000000080000000, 0x0000000100000000)
  region size 1024K, 11 young (11264K), 11 survivors (11264K)
 Metaspace       used 114779K, committed 116992K, reserved 1179648K
  class space    used 15169K, committed 16320K, reserved 1048576K
}
Event: 260.474 GC heap before
{Heap before GC invocations=27 (full 0):
 garbage-first heap   total 444416K, used 225738K [0x0000000080000000, 0x0000000100000000)
  region size 1024K, 118 young (120832K), 11 survivors (11264K)
 Metaspace       used 115141K, committed 117376K, reserved 1179648K
  class space    used 15172K, committed 16320K, reserved 1048576K
}
Event: 260.479 GC heap after
{Heap after GC invocations=28 (full 0):
 garbage-first heap   total 444416K, used 119362K [0x0000000080000000, 0x0000000100000000)
  region size 1024K, 12 young (12288K), 12 survivors (12288K)
 Metaspace       used 115141K, committed 117376K, reserved 1179648K
  class space    used 15172K, committed 16320K, reserved 1048576K
}
Event: 394.267 GC heap before
{Heap before GC invocations=29 (full 0):
 garbage-first heap   total 413696K, used 412226K [0x0000000080000000, 0x0000000100000000)
  region size 1024K, 208 young (212992K), 12 survivors (12288K)
 Metaspace       used 122886K, committed 125184K, reserved 1179648K
  class space    used 16151K, committed 17344K, reserved 1048576K
}
Event: 394.276 GC heap after
{Heap after GC invocations=30 (full 0):
 garbage-first heap   total 442368K, used 141931K [0x0000000080000000, 0x0000000100000000)
  region size 1024K, 28 young (28672K), 28 survivors (28672K)
 Metaspace       used 122886K, committed 125184K, reserved 1179648K
  class space    used 16151K, committed 17344K, reserved 1048576K
}
Event: 396.006 GC heap before
{Heap before GC invocations=30 (full 0):
 garbage-first heap   total 458752K, used 457323K [0x0000000080000000, 0x0000000100000000)
  region size 1024K, 259 young (265216K), 28 survivors (28672K)
 Metaspace       used 140538K, committed 142912K, reserved 1179648K
  class space    used 18778K, committed 19968K, reserved 1048576K
}
Event: 396.013 GC heap after
{Heap after GC invocations=31 (full 0):
 garbage-first heap   total 490496K, used 215107K [0x0000000080000000, 0x0000000100000000)
  region size 1024K, 10 young (10240K), 10 survivors (10240K)
 Metaspace       used 140538K, committed 142912K, reserved 1179648K
  class space    used 18778K, committed 19968K, reserved 1048576K
}
Event: 565.907 GC heap before
{Heap before GC invocations=31 (full 0):
 garbage-first heap   total 490496K, used 328771K [0x0000000080000000, 0x0000000100000000)
  region size 1024K, 123 young (125952K), 10 survivors (10240K)
 Metaspace       used 140757K, committed 143104K, reserved 1179648K
  class space    used 18780K, committed 19968K, reserved 1048576K
}
Event: 565.912 GC heap after
{Heap after GC invocations=32 (full 0):
 garbage-first heap   total 490496K, used 145657K [0x0000000080000000, 0x0000000100000000)
  region size 1024K, 19 young (19456K), 19 survivors (19456K)
 Metaspace       used 140757K, committed 143104K, reserved 1179648K
  class space    used 18780K, committed 19968K, reserved 1048576K
}
Event: 625.005 GC heap before
{Heap before GC invocations=33 (full 0):
 garbage-first heap   total 539648K, used 536825K [0x0000000080000000, 0x0000000100000000)
  region size 1024K, 238 young (243712K), 19 survivors (19456K)
 Metaspace       used 141099K, committed 143488K, reserved 1179648K
  class space    used 18821K, committed 20032K, reserved 1048576K
}
Event: 625.009 GC heap after
{Heap after GC invocations=34 (full 0):
 garbage-first heap   total 550912K, used 137502K [0x0000000080000000, 0x0000000100000000)
  region size 1024K, 11 young (11264K), 11 survivors (11264K)
 Metaspace       used 141099K, committed 143488K, reserved 1179648K
  class space    used 18821K, committed 20032K, reserved 1048576K
}

Dll operation events (3 events):
Event: 0.006 Loaded shared library D:\Program Files\Android\Android Studio\jbr\bin\java.dll
Event: 0.011 Loaded shared library D:\Program Files\Android\Android Studio\jbr\bin\zip.dll
Event: 0.257 Loaded shared library D:\Program Files\Android\Android Studio\jbr\bin\verify.dll

Deoptimization events (20 events):
Event: 705.224 Thread 0x000001ebd9f4a530 Uncommon trap: trap_request=0xffffffde fr.pc=0x000001ebba4f6230 relative=0x0000000000000790
Event: 705.224 Thread 0x000001ebd9f4a530 Uncommon trap: reason=class_check action=maybe_recompile pc=0x000001ebba4f6230 method=org.gradle.internal.logging.sink.OutputEventTransformer.onOutput(Lorg/gradle/internal/logging/events/OutputEvent;)V @ 351 c2
Event: 705.224 Thread 0x000001ebd9f4a530 DEOPT PACKING pc=0x000001ebba4f6230 sp=0x00000028438f9cf0
Event: 705.224 Thread 0x000001ebd9f4a530 DEOPT UNPACKING pc=0x000001ebb93d46a2 sp=0x00000028438f9c80 mode 2
Event: 705.224 Thread 0x000001ebd9f4a530 Uncommon trap: trap_request=0xffffffde fr.pc=0x000001ebba4f6230 relative=0x0000000000000790
Event: 705.224 Thread 0x000001ebd9f4a530 Uncommon trap: reason=class_check action=maybe_recompile pc=0x000001ebba4f6230 method=org.gradle.internal.logging.sink.OutputEventTransformer.onOutput(Lorg/gradle/internal/logging/events/OutputEvent;)V @ 351 c2
Event: 705.224 Thread 0x000001ebd9f4a530 DEOPT PACKING pc=0x000001ebba4f6230 sp=0x00000028438f9cf0
Event: 705.224 Thread 0x000001ebd9f4a530 DEOPT UNPACKING pc=0x000001ebb93d46a2 sp=0x00000028438f9c80 mode 2
Event: 705.329 Thread 0x000001ebd9f4a530 Uncommon trap: trap_request=0xffffff45 fr.pc=0x000001ebba9d7a48 relative=0x0000000000006688
Event: 705.329 Thread 0x000001ebd9f4a530 Uncommon trap: reason=unstable_if action=reinterpret pc=0x000001ebba9d7a48 method=com.google.common.collect.HashBiMap.inverse()Lcom/google/common/collect/BiMap; @ 6 c2
Event: 705.329 Thread 0x000001ebd9f4a530 DEOPT PACKING pc=0x000001ebba9d7a48 sp=0x00000028438fb340
Event: 705.329 Thread 0x000001ebd9f4a530 DEOPT UNPACKING pc=0x000001ebb93d46a2 sp=0x00000028438fb2f8 mode 2
Event: 705.330 Thread 0x000001ebd9f4a530 Uncommon trap: trap_request=0xffffff6e fr.pc=0x000001ebba9c9e4c relative=0x00000000000050ac
Event: 705.330 Thread 0x000001ebd9f4a530 Uncommon trap: reason=loop_limit_check action=maybe_recompile pc=0x000001ebba9c9e4c method=com.google.common.base.CharMatcher.lastIndexIn(Ljava/lang/CharSequence;)I @ 10 c2
Event: 705.330 Thread 0x000001ebd9f4a530 DEOPT PACKING pc=0x000001ebba9c9e4c sp=0x00000028438fb2a0
Event: 705.330 Thread 0x000001ebd9f4a530 DEOPT UNPACKING pc=0x000001ebb93d46a2 sp=0x00000028438fb158 mode 2
Event: 705.330 Thread 0x000001ebd9f4a530 Uncommon trap: trap_request=0xffffff6e fr.pc=0x000001ebba33351c relative=0x000000000000033c
Event: 705.330 Thread 0x000001ebd9f4a530 Uncommon trap: reason=loop_limit_check action=maybe_recompile pc=0x000001ebba33351c method=com.google.common.base.CharMatcher.lastIndexIn(Ljava/lang/CharSequence;)I @ 10 c2
Event: 705.330 Thread 0x000001ebd9f4a530 DEOPT PACKING pc=0x000001ebba33351c sp=0x00000028438fb1a0
Event: 705.330 Thread 0x000001ebd9f4a530 DEOPT UNPACKING pc=0x000001ebb93d46a2 sp=0x00000028438fb158 mode 2

Classes loaded (20 events):
Event: 395.615 Loading class java/io/PushbackInputStream
Event: 395.615 Loading class java/io/PushbackInputStream done
Event: 395.699 Loading class java/nio/HeapShortBuffer
Event: 395.699 Loading class java/nio/HeapShortBuffer done
Event: 395.702 Loading class java/util/AbstractList$RandomAccessSubList
Event: 395.702 Loading class java/util/AbstractList$RandomAccessSubList done
Event: 614.041 Loading class java/lang/Throwable$WrappedPrintWriter
Event: 614.041 Loading class java/lang/Throwable$PrintStreamOrWriter
Event: 614.041 Loading class java/lang/Throwable$PrintStreamOrWriter done
Event: 614.041 Loading class java/lang/Throwable$WrappedPrintWriter done
Event: 614.046 Loading class java/lang/invoke/WrongMethodTypeException
Event: 614.046 Loading class java/lang/invoke/WrongMethodTypeException done
Event: 614.061 Loading class java/util/logging/LogRecord
Event: 614.061 Loading class java/util/logging/LogRecord done
Event: 614.106 Loading class java/io/NotSerializableException
Event: 614.107 Loading class java/io/NotSerializableException done
Event: 614.109 Loading class java/util/Collections$EmptyListIterator
Event: 614.109 Loading class java/util/Collections$EmptyListIterator done
Event: 614.141 Loading class java/net/UrlDeserializedState
Event: 614.141 Loading class java/net/UrlDeserializedState done

Classes unloaded (20 events):
Event: 565.939 Thread 0x000001ebc880fe00 Unloading class 0x00000001010f3378 'jdk/internal/jimage/ImageHeader'
Event: 565.939 Thread 0x000001ebc880fe00 Unloading class 0x00000001010f3130 'jdk/internal/jimage/BasicImageReader$2'
Event: 565.939 Thread 0x000001ebc880fe00 Unloading class 0x00000001010f2ee8 'jdk/internal/jimage/BasicImageReader$1'
Event: 565.939 Thread 0x000001ebc880fe00 Unloading class 0x00000001010f2c68 'jdk/internal/jimage/ImageReader$Resource'
Event: 565.939 Thread 0x000001ebc880fe00 Unloading class 0x00000001010f29e8 'jdk/internal/jimage/ImageReader$LinkNode'
Event: 565.939 Thread 0x000001ebc880fe00 Unloading class 0x00000001010f2768 'jdk/internal/jimage/ImageReader$Directory'
Event: 565.939 Thread 0x000001ebc880fe00 Unloading class 0x00000001010f24e8 'jdk/internal/jimage/ImageReader$Node'
Event: 565.939 Thread 0x000001ebc880fe00 Unloading class 0x00000001010f22d8 'jdk/internal/jimage/ImageStrings'
Event: 565.939 Thread 0x000001ebc880fe00 Unloading class 0x00000001010f2000 'jdk/internal/jimage/ImageReader$SharedImageReader'
Event: 565.939 Thread 0x000001ebc880fe00 Unloading class 0x00000001010f1b40 'jdk/internal/jimage/BasicImageReader'
Event: 565.939 Thread 0x000001ebc880fe00 Unloading class 0x00000001010f1908 'jdk/internal/jimage/ImageReader'
Event: 565.939 Thread 0x000001ebc880fe00 Unloading class 0x00000001010f16c8 'jdk/internal/jrtfs/SystemImage$2'
Event: 565.939 Thread 0x000001ebc880fe00 Unloading class 0x00000001010f1498 'jdk/internal/jrtfs/SystemImage$$Lambda+0x00000001010f1498'
Event: 565.939 Thread 0x000001ebc880fe00 Unloading class 0x00000001010f1250 'jdk/internal/jrtfs/ExplodedImage'
Event: 565.939 Thread 0x000001ebc880fe00 Unloading class 0x00000001010f1000 'jdk/internal/jrtfs/SystemImage$1'
Event: 565.939 Thread 0x000001ebc880fe00 Unloading class 0x00000001010f0c20 'jdk/internal/jrtfs/SystemImage'
Event: 565.939 Thread 0x000001ebc880fe00 Unloading class 0x00000001010f09a8 'jdk/internal/jrtfs/JrtFileStore'
Event: 565.939 Thread 0x000001ebc880fe00 Unloading class 0x00000001010f0618 'jdk/internal/jrtfs/JrtPath'
Event: 565.939 Thread 0x000001ebc880fe00 Unloading class 0x00000001010f0308 'jdk/internal/jrtfs/JrtFileSystem'
Event: 565.939 Thread 0x000001ebc880fe00 Unloading class 0x00000001010f0000 'jdk/internal/jrtfs/JrtFileSystemProvider'

Classes redefined (0 events):
No events

Internal exceptions (20 events):
Event: 704.277 Thread 0x000001ebd22c2690 Exception <a 'sun/nio/fs/WindowsException'{0x000000009bad7350}> (0x000000009bad7350) 
thrown [s\src\hotspot\share\prims\jni.cpp, line 535]
Event: 704.277 Thread 0x000001ebd22c2690 Exception <a 'sun/nio/fs/WindowsException'{0x000000009bad88d0}> (0x000000009bad88d0) 
thrown [s\src\hotspot\share\prims\jni.cpp, line 535]
Event: 704.507 Thread 0x000001ebd9f4a530 Implicit null exception at 0x000001ebbabff6a8 to 0x000001ebbabff858
Event: 704.560 Thread 0x000001ebd9f4a530 Exception <a 'sun/nio/fs/WindowsException'{0x0000000098e89308}> (0x0000000098e89308) 
thrown [s\src\hotspot\share\prims\jni.cpp, line 535]
Event: 704.562 Thread 0x000001ebd9f4a530 Exception <a 'sun/nio/fs/WindowsException'{0x0000000098e89fc8}> (0x0000000098e89fc8) 
thrown [s\src\hotspot\share\prims\jni.cpp, line 535]
Event: 704.777 Thread 0x000001ebd9f4a530 Exception <a 'sun/nio/fs/WindowsException'{0x00000000987251b8}> (0x00000000987251b8) 
thrown [s\src\hotspot\share\prims\jni.cpp, line 535]
Event: 705.076 Thread 0x000001ebd9f4a530 Exception <a 'sun/nio/fs/WindowsException'{0x00000000971c14d0}> (0x00000000971c14d0) 
thrown [s\src\hotspot\share\prims\jni.cpp, line 535]
Event: 705.076 Thread 0x000001ebd9f4a530 Exception <a 'sun/nio/fs/WindowsException'{0x00000000971d9f18}> (0x00000000971d9f18) 
thrown [s\src\hotspot\share\prims\jni.cpp, line 535]
Event: 705.078 Thread 0x000001ebd9f4a530 Exception <a 'sun/nio/fs/WindowsException'{0x0000000097019508}> (0x0000000097019508) 
thrown [s\src\hotspot\share\prims\jni.cpp, line 535]
Event: 705.093 Thread 0x000001ebd9f4a530 Exception <a 'sun/nio/fs/WindowsException'{0x00000000970e99a8}> (0x00000000970e99a8) 
thrown [s\src\hotspot\share\prims\jni.cpp, line 535]
Event: 705.130 Thread 0x000001ebd9f4a530 Exception <a 'sun/nio/fs/WindowsException'{0x0000000096cf3510}> (0x0000000096cf3510) 
thrown [s\src\hotspot\share\prims\jni.cpp, line 535]
Event: 705.132 Thread 0x000001ebd9f4a530 Exception <a 'sun/nio/fs/WindowsException'{0x0000000096b0ca80}> (0x0000000096b0ca80) 
thrown [s\src\hotspot\share\prims\jni.cpp, line 535]
Event: 705.134 Thread 0x000001ebd9f4a530 Exception <a 'sun/nio/fs/WindowsException'{0x0000000096b891d8}> (0x0000000096b891d8) 
thrown [s\src\hotspot\share\prims\jni.cpp, line 535]
Event: 705.137 Thread 0x000001ebd9f4a530 Exception <a 'sun/nio/fs/WindowsException'{0x0000000096bd6358}> (0x0000000096bd6358) 
thrown [s\src\hotspot\share\prims\jni.cpp, line 535]
Event: 705.145 Thread 0x000001ebd9f4a530 Exception <a 'sun/nio/fs/WindowsException'{0x0000000096a4eaa0}> (0x0000000096a4eaa0) 
thrown [s\src\hotspot\share\prims\jni.cpp, line 535]
Event: 705.167 Thread 0x000001ebd9f4a530 Exception <a 'sun/nio/fs/WindowsException'{0x00000000969fa6c8}> (0x00000000969fa6c8) 
thrown [s\src\hotspot\share\prims\jni.cpp, line 535]
Event: 705.219 Thread 0x000001ebd9f4a530 Exception <a 'sun/nio/fs/WindowsException'{0x00000000966d1b10}> (0x00000000966d1b10) 
thrown [s\src\hotspot\share\prims\jni.cpp, line 535]
Event: 705.329 Thread 0x000001ebd9f4a530 Implicit null exception at 0x000001ebba9d1428 to 0x000001ebba9d7a34
Event: 705.359 Thread 0x000001ebd9f4a530 Exception <a 'sun/nio/fs/WindowsException'{0x0000000095b07e90}> (0x0000000095b07e90) 
thrown [s\src\hotspot\share\prims\jni.cpp, line 535]
Event: 705.379 Thread 0x000001ebd9f4a530 Exception <a 'sun/nio/fs/WindowsException'{0x000000009590adb8}> (0x000000009590adb8) 
thrown [s\src\hotspot\share\prims\jni.cpp, line 535]

ZGC Phase Switch (0 events):
No events

VM Operations (20 events):
Event: 623.747 Executing VM operation: Cleanup done
Event: 624.748 Executing VM operation: Cleanup
Event: 624.748 Executing VM operation: Cleanup done
Event: 625.005 Executing VM operation: G1CollectForAllocation (G1 Evacuation Pause)
Event: 625.009 Executing VM operation: G1CollectForAllocation (G1 Evacuation Pause) done
Event: 626.009 Executing VM operation: Cleanup
Event: 626.009 Executing VM operation: Cleanup done
Event: 661.534 Executing VM operation: HandshakeAllThreads (HandshakeForDeflation)
Event: 661.534 Executing VM operation: HandshakeAllThreads (HandshakeForDeflation) done
Event: 661.534 Executing VM operation: Cleanup
Event: 661.534 Executing VM operation: Cleanup done
Event: 661.534 Executing VM operation: RendezvousGCThreads
Event: 661.534 Executing VM operation: RendezvousGCThreads done
Event: 704.487 Executing VM operation: ICBufferFull
Event: 704.487 Executing VM operation: ICBufferFull done
Event: 705.183 Executing VM operation: ICBufferFull
Event: 705.183 Executing VM operation: ICBufferFull done
Event: 706.183 Executing VM operation: Cleanup
Event: 706.392 Executing VM operation: Cleanup done
Event: 707.393 Executing VM operation: Cleanup

Memory protections (0 events):
No events

Nmethod flushes (20 events):
Event: 565.959 Thread 0x000001ebc880fe00 flushing  nmethod 0x000001ebb339fa90
Event: 565.959 Thread 0x000001ebc880fe00 flushing  nmethod 0x000001ebb339ff10
Event: 565.959 Thread 0x000001ebc880fe00 flushing  nmethod 0x000001ebb34c4c10
Event: 565.959 Thread 0x000001ebc880fe00 flushing  nmethod 0x000001ebb35f7d10
Event: 565.959 Thread 0x000001ebc880fe00 flushing  nmethod 0x000001ebb35f8410
Event: 565.959 Thread 0x000001ebc880fe00 flushing  nmethod 0x000001ebb35ffc10
Event: 565.959 Thread 0x000001ebc880fe00 flushing  nmethod 0x000001ebb3600090
Event: 565.959 Thread 0x000001ebc880fe00 flushing  nmethod 0x000001ebb36b9310
Event: 565.959 Thread 0x000001ebc880fe00 flushing  nmethod 0x000001ebb36c0110
Event: 565.959 Thread 0x000001ebc880fe00 flushing  nmethod 0x000001ebb37c2210
Event: 565.959 Thread 0x000001ebc880fe00 flushing  nmethod 0x000001ebb37c3110
Event: 565.959 Thread 0x000001ebc880fe00 flushing  nmethod 0x000001ebb37c4d10
Event: 565.959 Thread 0x000001ebc880fe00 flushing  nmethod 0x000001ebb37c5710
Event: 565.959 Thread 0x000001ebc880fe00 flushing  nmethod 0x000001ebb37c5c90
Event: 565.959 Thread 0x000001ebc880fe00 flushing  nmethod 0x000001ebb37c6090
Event: 565.959 Thread 0x000001ebc880fe00 flushing  nmethod 0x000001ebb37ca390
Event: 565.959 Thread 0x000001ebc880fe00 flushing  nmethod 0x000001ebb3925110
Event: 565.959 Thread 0x000001ebc880fe00 flushing  nmethod 0x000001ebb3aa3010
Event: 565.959 Thread 0x000001ebc880fe00 flushing  nmethod 0x000001ebb3c38f90
Event: 565.959 Thread 0x000001ebc880fe00 flushing  nmethod 0x000001ebb3ebb290

Events (20 events):
Event: 705.387 Thread 0x000001ebd9f4a530 Thread added: 0x000001ebd15ab3d0
Event: 705.387 Thread 0x000001ebd9f4a530 Thread added: 0x000001ebd15aeee0
Event: 705.388 Thread 0x000001ebd9f4a530 Thread added: 0x000001ebd15af570
Event: 705.388 Thread 0x000001ebd9f4a530 Thread added: 0x000001ebd15b0290
Event: 705.389 Thread 0x000001ebd9f4a530 Thread added: 0x000001ebd15b3da0
Event: 705.390 Thread 0x000001ebd9f4a530 Thread added: 0x000001ebd4950670
Event: 706.392 Thread 0x000001ebd9f4a530 Thread added: 0x000001ebd494df10
Event: 706.392 Thread 0x000001ebd9f3dde0 Thread added: 0x000001ebd14631a0
Event: 706.393 Thread 0x000001ebd15b29f0 Thread exited: 0x000001ebd15b29f0
Event: 706.393 Thread 0x000001ebd9f4a530 Thread added: 0x000001ebd494f950
Event: 706.394 Thread 0x000001ebd9f4a530 Thread added: 0x000001ebd494f2c0
Event: 706.394 Thread 0x000001ebd9f4a530 Thread added: 0x000001ebd494d880
Event: 706.395 Thread 0x000001ebd9f4a530 Thread added: 0x000001ebd494ffe0
Event: 706.395 Thread 0x000001ebd9f4a530 Thread added: 0x000001ebd494d1f0
Event: 706.396 Thread 0x000001ebd9f4a530 Thread added: 0x000001ebd49520b0
Event: 706.396 Thread 0x000001ebd9f3dde0 Thread added: 0x000001ebd1463870
Event: 706.397 Thread 0x000001ebd9f4a530 Thread added: 0x000001ebd4951390
Event: 706.397 Thread 0x000001ebd9f4a530 Thread added: 0x000001ebd4951a20
Event: 706.398 Thread 0x000001ebd9f4a530 Thread added: 0x000001ebd4952740
Event: 706.398 Thread 0x000001ebd9f4a530 Thread added: 0x000001ebd3879b90


Dynamic libraries:
0x00007ff6349d0000 - 0x00007ff6349da000 	D:\Program Files\Android\Android Studio\jbr\bin\java.exe
0x00007ff9d9e00000 - 0x00007ff9da066000 	C:\WINDOWS\SYSTEM32\ntdll.dll
0x00007ff9d7b90000 - 0x00007ff9d7c59000 	C:\WINDOWS\System32\KERNEL32.DLL
0x00007ff9d6ff0000 - 0x00007ff9d73bc000 	C:\WINDOWS\System32\KERNELBASE.dll
0x00007ff9d75c0000 - 0x00007ff9d770b000 	C:\WINDOWS\System32\ucrtbase.dll
0x00007ff9a0270000 - 0x00007ff9a028b000 	D:\Program Files\Android\Android Studio\jbr\bin\VCRUNTIME140.dll
0x00007ff9a5700000 - 0x00007ff9a5718000 	D:\Program Files\Android\Android Studio\jbr\bin\jli.dll
0x00007ff9d9a20000 - 0x00007ff9d9bea000 	C:\WINDOWS\System32\USER32.dll
0x00007ff9bb3f0000 - 0x00007ff9bb68a000 	C:\WINDOWS\WinSxS\amd64_microsoft.windows.common-controls_6595b64144ccf1df_6.0.26100.3912_none_3e07963ce335137e\COMCTL32.dll
0x00007ff9d7930000 - 0x00007ff9d7957000 	C:\WINDOWS\System32\win32u.dll
0x00007ff9d8550000 - 0x00007ff9d857b000 	C:\WINDOWS\System32\GDI32.dll
0x00007ff9d84a0000 - 0x00007ff9d8549000 	C:\WINDOWS\System32\msvcrt.dll
0x00007ff9d7480000 - 0x00007ff9d75b2000 	C:\WINDOWS\System32\gdi32full.dll
0x00007ff9d7ae0000 - 0x00007ff9d7b83000 	C:\WINDOWS\System32\msvcp_win.dll
0x00007ff9d8080000 - 0x00007ff9d80b0000 	C:\WINDOWS\System32\IMM32.DLL
0x00007ff9d0990000 - 0x00007ff9d099c000 	D:\Program Files\Android\Android Studio\jbr\bin\vcruntime140_1.dll
0x00007ff997420000 - 0x00007ff9974ad000 	D:\Program Files\Android\Android Studio\jbr\bin\msvcp140.dll
0x00007ff8cd990000 - 0x00007ff8ce61a000 	D:\Program Files\Android\Android Studio\jbr\bin\server\jvm.dll
0x00007ff9d8680000 - 0x00007ff9d8732000 	C:\WINDOWS\System32\ADVAPI32.dll
0x00007ff9d7cf0000 - 0x00007ff9d7d96000 	C:\WINDOWS\System32\sechost.dll
0x00007ff9d9900000 - 0x00007ff9d9a16000 	C:\WINDOWS\System32\RPCRT4.dll
0x00007ff9d7ff0000 - 0x00007ff9d8064000 	C:\WINDOWS\System32\WS2_32.dll
0x00007ff9ce3c0000 - 0x00007ff9ce3cb000 	C:\WINDOWS\SYSTEM32\VERSION.dll
0x00007ff9cd460000 - 0x00007ff9cd496000 	C:\WINDOWS\SYSTEM32\WINMM.dll
0x00007ff9d5bb0000 - 0x00007ff9d5c0e000 	C:\WINDOWS\SYSTEM32\POWRPROF.dll
0x00007ff9d5b90000 - 0x00007ff9d5ba4000 	C:\WINDOWS\SYSTEM32\UMPDC.dll
0x00007ff9d5e40000 - 0x00007ff9d5e5a000 	C:\WINDOWS\SYSTEM32\kernel.appcore.dll
0x00007ff9d0940000 - 0x00007ff9d094a000 	D:\Program Files\Android\Android Studio\jbr\bin\jimage.dll
0x00007ff9d3e20000 - 0x00007ff9d4061000 	C:\WINDOWS\SYSTEM32\DBGHELP.DLL
0x00007ff9d8e70000 - 0x00007ff9d91f4000 	C:\WINDOWS\System32\combase.dll
0x00007ff9d9bf0000 - 0x00007ff9d9cd0000 	C:\WINDOWS\System32\OLEAUT32.dll
0x00007ff9b2050000 - 0x00007ff9b2089000 	C:\WINDOWS\SYSTEM32\dbgcore.DLL
0x00007ff9d7890000 - 0x00007ff9d7929000 	C:\WINDOWS\System32\bcryptPrimitives.dll
0x00007ff9af3b0000 - 0x00007ff9af3be000 	D:\Program Files\Android\Android Studio\jbr\bin\instrument.dll
0x00007ff99c1d0000 - 0x00007ff99c1f0000 	D:\Program Files\Android\Android Studio\jbr\bin\java.dll
0x00007ff99b700000 - 0x00007ff99b718000 	D:\Program Files\Android\Android Studio\jbr\bin\zip.dll
0x00007ff9d8740000 - 0x00007ff9d8e6d000 	C:\WINDOWS\System32\SHELL32.dll
0x00007ff9d7710000 - 0x00007ff9d7884000 	C:\WINDOWS\System32\wintypes.dll
0x00007ff9d4c10000 - 0x00007ff9d5466000 	C:\WINDOWS\SYSTEM32\windows.storage.dll
0x00007ff9d80c0000 - 0x00007ff9d81af000 	C:\WINDOWS\System32\SHCORE.dll
0x00007ff9d8420000 - 0x00007ff9d8489000 	C:\WINDOWS\System32\shlwapi.dll
0x00007ff9d6e70000 - 0x00007ff9d6e9f000 	C:\WINDOWS\SYSTEM32\profapi.dll
0x00007ff9ce1d0000 - 0x00007ff9ce1e0000 	D:\Program Files\Android\Android Studio\jbr\bin\net.dll
0x00007ff9cff90000 - 0x00007ff9d00ae000 	C:\WINDOWS\SYSTEM32\WINHTTP.dll
0x00007ff9d63b0000 - 0x00007ff9d641a000 	C:\WINDOWS\system32\mswsock.dll
0x00007ff99a290000 - 0x00007ff99a2a6000 	D:\Program Files\Android\Android Studio\jbr\bin\nio.dll
0x00007ff9d2af0000 - 0x00007ff9d2b00000 	D:\Program Files\Android\Android Studio\jbr\bin\verify.dll
0x00007ff9d2b00000 - 0x00007ff9d2b27000 	C:\Users\1\.gradle\native\c067742578af261105cb4f569cf0c3c89f3d7b1fecec35dd04571415982c5e48\windows-amd64\native-platform.dll
0x00007ff974eb0000 - 0x00007ff974ff4000 	C:\Users\1\.gradle\native\100fb08df4bc3b14c8652ba06237920a3bd2aa13389f12d3474272988ae205f9\windows-amd64\native-platform-file-events.dll
0x00007ff9bce60000 - 0x00007ff9bce69000 	D:\Program Files\Android\Android Studio\jbr\bin\management.dll
0x00007ff9b3e10000 - 0x00007ff9b3e1b000 	D:\Program Files\Android\Android Studio\jbr\bin\management_ext.dll
0x00007ff9d8070000 - 0x00007ff9d8078000 	C:\WINDOWS\System32\PSAPI.DLL
0x00007ff9d6650000 - 0x00007ff9d666c000 	C:\WINDOWS\SYSTEM32\CRYPTSP.dll
0x00007ff9d5da0000 - 0x00007ff9d5dda000 	C:\WINDOWS\system32\rsaenh.dll
0x00007ff9d6450000 - 0x00007ff9d647b000 	C:\WINDOWS\SYSTEM32\USERENV.dll
0x00007ff9d6e40000 - 0x00007ff9d6e66000 	C:\WINDOWS\SYSTEM32\bcrypt.dll
0x00007ff9d6670000 - 0x00007ff9d667c000 	C:\WINDOWS\SYSTEM32\CRYPTBASE.dll
0x00007ff9d58a0000 - 0x00007ff9d58d3000 	C:\WINDOWS\SYSTEM32\IPHLPAPI.DLL
0x00007ff9d8490000 - 0x00007ff9d849a000 	C:\WINDOWS\System32\NSI.dll
0x00007ff9c0090000 - 0x00007ff9c0099000 	D:\Program Files\Android\Android Studio\jbr\bin\extnet.dll
0x00007ff99b260000 - 0x00007ff99b268000 	C:\WINDOWS\system32\wshunix.dll

dbghelp: loaded successfully - version: 4.0.5 - missing functions: none
symbol engine: initialized successfully - sym options: 0x614 - pdb path: .;D:\Program Files\Android\Android Studio\jbr\bin;C:\WINDOWS\SYSTEM32;C:\WINDOWS\WinSxS\amd64_microsoft.windows.common-controls_6595b64144ccf1df_6.0.26100.3912_none_3e07963ce335137e;D:\Program Files\Android\Android Studio\jbr\bin\server;C:\Users\1\.gradle\native\c067742578af261105cb4f569cf0c3c89f3d7b1fecec35dd04571415982c5e48\windows-amd64;C:\Users\1\.gradle\native\100fb08df4bc3b14c8652ba06237920a3bd2aa13389f12d3474272988ae205f9\windows-amd64

VM Arguments:
jvm_args: --add-opens=java.base/java.util=ALL-UNNAMED --add-opens=java.base/java.lang=ALL-UNNAMED --add-opens=java.base/java.lang.invoke=ALL-UNNAMED --add-opens=java.prefs/java.util.prefs=ALL-UNNAMED --add-exports=jdk.compiler/com.sun.tools.javac.api=ALL-UNNAMED --add-exports=jdk.compiler/com.sun.tools.javac.util=ALL-UNNAMED --add-opens=java.base/java.nio.charset=ALL-UNNAMED --add-opens=java.base/java.net=ALL-UNNAMED --add-opens=java.base/java.util.concurrent.atomic=ALL-UNNAMED -Xmx2048m -Dfile.encoding=UTF-8 -Duser.country=CN -Duser.language=zh -Duser.variant -javaagent:C:\Users\1\.gradle\wrapper\dists\gradle-8.10-bin\deqhafrv1ntovfmgh0nh3npr9\gradle-8.10\lib\agents\gradle-instrumentation-agent-8.10.jar 
java_command: org.gradle.launcher.daemon.bootstrap.GradleDaemon 8.10
java_class_path (initial): C:\Users\1\.gradle\wrapper\dists\gradle-8.10-bin\deqhafrv1ntovfmgh0nh3npr9\gradle-8.10\lib\gradle-daemon-main-8.10.jar
Launcher Type: SUN_STANDARD

[Global flags]
     intx CICompilerCount                          = 15                                        {product} {ergonomic}
     uint ConcGCThreads                            = 6                                         {product} {ergonomic}
     uint G1ConcRefinementThreads                  = 23                                        {product} {ergonomic}
   size_t G1HeapRegionSize                         = 1048576                                   {product} {ergonomic}
    uintx GCDrainStackTargetSize                   = 64                                        {product} {ergonomic}
   size_t InitialHeapSize                          = 532676608                                 {product} {ergonomic}
   size_t MarkStackSize                            = 4194304                                   {product} {ergonomic}
   size_t MaxHeapSize                              = 2147483648                                {product} {command line}
   size_t MaxNewSize                               = 1287651328                                {product} {ergonomic}
   size_t MinHeapDeltaBytes                        = 1048576                                   {product} {ergonomic}
   size_t MinHeapSize                              = 8388608                                   {product} {ergonomic}
    uintx NonNMethodCodeHeapSize                   = 8192380                                {pd product} {ergonomic}
    uintx NonProfiledCodeHeapSize                  = 121732930                              {pd product} {ergonomic}
    uintx ProfiledCodeHeapSize                     = 121732930                              {pd product} {ergonomic}
    uintx ReservedCodeCacheSize                    = 251658240                              {pd product} {ergonomic}
     bool SegmentedCodeCache                       = true                                      {product} {ergonomic}
   size_t SoftMaxHeapSize                          = 2147483648                             {manageable} {ergonomic}
     bool UseCompressedOops                        = true                           {product lp64_product} {ergonomic}
     bool UseG1GC                                  = true                                      {product} {ergonomic}
     bool UseLargePagesIndividualAllocation        = false                                  {pd product} {ergonomic}

Logging:
Log output configuration:
 #0: stdout all=warning uptime,level,tags foldmultilines=false
 #1: stderr all=off uptime,level,tags foldmultilines=false

Environment Variables:
PATH=C:\WINDOWS\system32;C:\WINDOWS;C:\WINDOWS\System32\Wbem;C:\WINDOWS\System32\WindowsPowerShell\v1.0\;C:\WINDOWS\System32\OpenSSH\;C:\Program Files (x86)\NVIDIA Corporation\PhysX\Common;C:\Program Files\NVIDIA Corporation\NVIDIA NvDLISR;C:\Program Files\dotnet\;C:\Program Files (x86)\Incredibuild;D:\Windows Kits\10\Windows Performance Toolkit\;C:\Program Files\Netease\MuMu Player 12\shell;D:\Program Files\JetBrains\IntelliJ IDEA 2024.3.5\jbr\bin;C:\Users\1\PyCharmMiscProject\.venv\Scripts;C:\Users\1\AppData\Local\Programs\Python\Launcher\;C:\Users\1\AppData\Local\Microsoft\WindowsApps;D:\Program Files\JetBrains\IntelliJ IDEA 2024.3.5\bin;;D:\Program Files\JetBrains\WebStorm 2024.3.5\bin;;C:\Program Files\JetBrains\PyCharm 2024.3.5\bin;;C:\Users\1\.dotnet\tools
USERNAME=1
OS=Windows_NT
PROCESSOR_IDENTIFIER=Intel64 Family 6 Model 183 Stepping 1, GenuineIntel
TMP=C:\Users\1\AppData\Local\Temp
TEMP=C:\Users\1\AppData\Local\Temp




Periodic native trim disabled

JNI global refs:
JNI global refs: 45, weak refs: 1

JNI global refs memory usage: 835, weak refs: 833

Process memory usage:
Resident Set Size: 933952K (2% of 33163800K total physical memory with 1283664K free physical memory)

OOME stack traces (most recent first):
Classloader memory used:
Loader org.gradle.internal.classloader.VisitableURLClassLoader$InstrumentingVisitableURLClassLoader: 44009K
Loader org.gradle.internal.classloader.VisitableURLClassLoader                         : 43180K
Loader bootstrap                                                                       : 31706K
Loader org.gradle.initialization.MixInLegacyTypesClassLoader                           : 12342K
Loader jdk.internal.loader.ClassLoaders$AppClassLoader                                 : 8856K
Loader jdk.internal.loader.ClassLoaders$PlatformClassLoader                            : 760K
Loader jdk.internal.reflect.DelegatingClassLoader                                      : 528K
Loader jdk.internal.jrtfs.JrtFileSystemProvider$JrtFsLoader                            : 298K
Loader org.gradle.groovy.scripts.internal.DefaultScriptCompilationHandler$ScriptClassLoader: 259K
Loader org.gradle.internal.classloader.VisitableURLClassLoader                         : 42472B
Loader org.codehaus.groovy.runtime.callsite.CallSiteClassLoader                        : 13488B
Loader sun.reflect.misc.MethodUtil                                                     : 2992B

Classes loaded by more than one classloader:
Class com.google.common.base.PairwiseEquivalence                                      : loaded 2 times (x 79B)
Class com.google.common.base.Equivalence$Identity                                     : loaded 2 times (x 78B)
Class com.google.common.collect.RegularImmutableMap$KeySet                            : loaded 2 times (x 146B)
Class org.gradle.internal.classloader.FilteringClassLoader                            : loaded 2 times (x 101B)
Class jdk.internal.jimage.BasicImageReader                                            : loaded 2 times (x 91B)
Class com.google.common.collect.SortedSetMultimap                                     : loaded 2 times (x 66B)
Class [Lcom.google.common.base.AbstractIterator$State;                                : loaded 2 times (x 65B)
Class com.google.common.base.CharMatcher$IsEither                                     : loaded 2 times (x 107B)
Class org.gradle.internal.classloader.ClassLoaderHierarchy                            : loaded 2 times (x 66B)
Class com.google.common.collect.AbstractMapBasedMultimap$WrappedCollection            : loaded 2 times (x 120B)
Class com.google.common.collect.ImmutableEnumSet                                      : loaded 2 times (x 142B)
Class com.google.common.util.concurrent.ExecutionError                                : loaded 2 times (x 78B)
Class com.google.common.collect.ImmutableList$1                                       : loaded 2 times (x 93B)
Class org.gradle.api.internal.classpath.ManifestUtil                                  : loaded 2 times (x 67B)
Class com.google.common.io.ByteArrayDataOutput                                        : loaded 2 times (x 66B)
Class com.google.common.collect.RegularImmutableMap                                   : loaded 2 times (x 117B)
Class com.google.common.collect.ImmutableMap$MapViewOfValuesAsSingletonSets           : loaded 2 times (x 121B)
Class com.google.common.reflect.TypeCapture                                           : loaded 2 times (x 67B)
Class [Lorg.objectweb.asm.Symbol;                                                     : loaded 2 times (x 65B)
Class org.objectweb.asm.ClassVisitor                                                  : loaded 2 times (x 83B)
Class com.google.common.collect.UnmodifiableListIterator                              : loaded 2 times (x 91B)
Class org.objectweb.asm.MethodTooLargeException                                       : loaded 2 times (x 79B)
Class com.google.common.base.Platform$JdkPatternCompiler                              : loaded 2 times (x 71B)
Class [Lcom.google.common.cache.CacheBuilder$OneWeigher;                              : loaded 2 times (x 65B)
Class com.google.common.base.Suppliers                                                : loaded 2 times (x 67B)
Class org.gradle.internal.classloader.DefaultClassLoaderFactory                       : loaded 2 times (x 78B)
Class [Lcom.google.common.collect.AbstractIterator$State;                             : loaded 2 times (x 65B)
Class com.google.common.io.ByteSource$ConcatenatedByteSource                          : loaded 2 times (x 81B)
Class com.google.common.collect.ReverseNaturalOrdering                                : loaded 2 times (x 110B)
Class com.google.common.base.CharMatcher$None                                         : loaded 2 times (x 108B)
Class org.gradle.internal.classloader.ClassLoaderVisitor                              : loaded 2 times (x 72B)
Class com.google.common.collect.Ordering                                              : loaded 2 times (x 110B)
Class [Lcom.google.common.collect.ImmutableMapEntry;                                  : loaded 2 times (x 65B)
Class org.gradle.api.internal.classpath.EffectiveClassPath                            : loaded 2 times (x 86B)
Class com.google.common.collect.CollectSpliterators$1WithCharacteristics              : loaded 2 times (x 86B)
Class com.google.common.collect.AbstractIterator$1                                    : loaded 2 times (x 67B)
Class com.google.common.collect.ImmutableRangeSet                                     : loaded 2 times (x 111B)
Class org.apache.commons.io.output.StringBuilderWriter                                : loaded 2 times (x 96B)
Class com.google.common.collect.ImmutableEnumMap                                      : loaded 2 times (x 121B)
Class com.google.common.collect.ListMultimap                                          : loaded 2 times (x 66B)
Class com.google.common.collect.ComparatorOrdering                                    : loaded 2 times (x 111B)
Class com.google.common.collect.Sets$1                                                : loaded 2 times (x 135B)
Class org.objectweb.asm.AnnotationVisitor                                             : loaded 2 times (x 73B)
Class com.google.common.base.Splitter                                                 : loaded 2 times (x 68B)
Class org.gradle.api.internal.DefaultClassPathProvider                                : loaded 2 times (x 72B)
Class com.google.common.collect.Maps$ViewCachingAbstractMap                           : loaded 2 times (x 121B)
Class [Lcom.google.common.base.Function;                                              : loaded 2 times (x 65B)
Class com.google.common.io.CharSource$ConcatenatedCharSource                          : loaded 2 times (x 82B)
Class com.google.common.collect.NaturalOrdering                                       : loaded 2 times (x 111B)
Class com.google.common.collect.Sets$2                                                : loaded 2 times (x 135B)
Class [Lorg.gradle.api.internal.ClassPathProvider;                                    : loaded 2 times (x 65B)
Class org.gradle.api.internal.ClassPathProvider                                       : loaded 2 times (x 66B)
Class jdk.internal.jrtfs.SystemImage                                                  : loaded 2 times (x 70B)
Class com.google.common.reflect.Types$ClassOwnership$1                                : loaded 2 times (x 76B)
Class [Lorg.objectweb.asm.AnnotationVisitor;                                          : loaded 2 times (x 65B)
Class com.google.common.collect.Sets$3                                                : loaded 2 times (x 135B)
Class com.google.common.util.concurrent.AbstractFuture$SafeAtomicHelper               : loaded 2 times (x 75B)
Class com.google.common.cache.LocalCache$LocalLoadingCache                            : loaded 2 times (x 130B)
Class com.google.common.base.AbstractIterator$State                                   : loaded 2 times (x 75B)
Class org.gradle.internal.service.UnknownServiceException                             : loaded 2 times (x 79B)
Class com.google.common.reflect.Types$ClassOwnership$2                                : loaded 2 times (x 76B)
Class com.google.common.reflect.TypeResolver                                          : loaded 2 times (x 68B)
Class com.google.common.io.ByteArrayDataInput                                         : loaded 2 times (x 66B)
Class com.google.common.collect.Sets$4                                                : loaded 2 times (x 135B)
Class org.objectweb.asm.ModuleVisitor                                                 : loaded 2 times (x 76B)
Class com.google.common.cache.LocalCache$Strength$1                                   : loaded 2 times (x 77B)
Class com.google.common.reflect.Types$ClassOwnership$3                                : loaded 2 times (x 67B)
Class com.google.common.collect.Collections2$FilteredCollection                       : loaded 2 times (x 115B)
Class com.google.common.util.concurrent.SettableFuture                                : loaded 2 times (x 110B)
Class com.google.common.cache.LocalCache$Strength$2                                   : loaded 2 times (x 77B)
Class com.google.common.collect.TransformedIterator                                   : loaded 2 times (x 76B)
Class [Lcom.google.common.collect.Maps$EntryFunction;                                 : loaded 2 times (x 65B)
Class com.google.common.io.ByteStreams                                                : loaded 2 times (x 67B)
Class com.google.common.collect.AllEqualOrdering                                      : loaded 2 times (x 110B)
Class com.google.common.cache.LocalCache$Strength$3                                   : loaded 2 times (x 77B)
Class com.google.common.collect.MapDifference                                         : loaded 2 times (x 66B)
Class com.google.common.base.Splitter$1                                               : loaded 2 times (x 73B)
Class com.google.common.reflect.Invokable                                             : loaded 2 times (x 99B)
Class org.objectweb.asm.FieldWriter                                                   : loaded 2 times (x 73B)
Class com.google.common.cache.CacheBuilder$NullListener                               : loaded 2 times (x 78B)
Class org.gradle.internal.classpath.TransformedClassPath                              : loaded 2 times (x 92B)
Class org.gradle.internal.classloader.InstrumentingClassLoader                        : loaded 2 times (x 66B)
Class jdk.internal.jrtfs.SystemImage$1                                                : loaded 2 times (x 74B)
Class com.google.common.reflect.Types$ParameterizedTypeImpl                           : loaded 2 times (x 77B)
Class com.google.common.collect.Maps$IteratorBasedAbstractMap$1                       : loaded 2 times (x 134B)
Class com.google.common.collect.ImmutableRangeSet$AsSet                               : loaded 2 times (x 295B)
Class com.google.common.cache.CacheLoader$FunctionToCacheLoader                       : loaded 2 times (x 71B)
Class com.google.common.collect.Iterators$ArrayItr                                    : loaded 2 times (x 93B)
Class com.google.common.collect.ImmutableCollection$Builder                           : loaded 2 times (x 72B)
Class jdk.internal.jrtfs.SystemImage$2                                                : loaded 2 times (x 72B)
Class com.google.common.reflect.TypeResolver$TypeVariableKey                          : loaded 2 times (x 68B)
Class org.apache.commons.io.output.ByteArrayOutputStream                              : loaded 2 times (x 88B)
Class com.google.common.base.Joiner                                                   : loaded 2 times (x 75B)
Class com.google.common.base.MoreObjects                                              : loaded 2 times (x 67B)
Class [Lorg.objectweb.asm.Type;                                                       : loaded 2 times (x 65B)
Class com.google.common.collect.Platform                                              : loaded 2 times (x 67B)
Class com.google.common.collect.UnmodifiableIterator                                  : loaded 2 times (x 76B)
Class org.gradle.internal.service.ServiceLocator                                      : loaded 2 times (x 66B)
Class jdk.internal.jrtfs.JrtFileSystemProvider                                        : loaded 2 times (x 97B)
Class com.google.common.collect.HashBiMap$BiEntry                                     : loaded 2 times (x 79B)
Class com.google.common.collect.SingletonImmutableBiMap                               : loaded 2 times (x 139B)
Class com.google.common.base.Ascii                                                    : loaded 2 times (x 67B)
Class com.google.common.cache.LocalCache$1                                            : loaded 2 times (x 85B)
Class com.google.common.collect.AbstractMapEntry                                      : loaded 2 times (x 77B)
Class com.google.common.reflect.TypeToken$SimpleTypeToken                             : loaded 2 times (x 69B)
Class com.google.common.io.CharSource$StringCharSource                                : loaded 2 times (x 82B)
Class com.google.common.io.ByteSource$ByteArrayByteSource                             : loaded 2 times (x 81B)
Class com.google.common.collect.AbstractSetMultimap                                   : loaded 2 times (x 170B)
Class com.google.common.collect.Sets$ImprovedAbstractSet                              : loaded 2 times (x 131B)
Class com.google.common.collect.ImmutableList$Builder                                 : loaded 2 times (x 73B)
Class com.google.common.cache.LocalCache$2                                            : loaded 2 times (x 138B)
Class com.google.common.collect.AbstractMultimap                                      : loaded 2 times (x 119B)
Class com.google.common.collect.ImmutableRangeSet$1                                   : loaded 2 times (x 205B)
Class com.google.common.util.concurrent.AbstractFuture$UnsafeAtomicHelper$1           : loaded 2 times (x 72B)
Class com.google.common.collect.RegularImmutableAsList                                : loaded 2 times (x 212B)
Class com.google.common.base.Optional                                                 : loaded 2 times (x 76B)
Class com.google.common.collect.Range                                                 : loaded 2 times (x 83B)
Class com.google.common.util.concurrent.AbstractFuture$Trusted                        : loaded 2 times (x 66B)
Class com.google.common.collect.Iterators                                             : loaded 2 times (x 67B)
Class com.google.common.base.CharMatcher$RangesMatcher                                : loaded 2 times (x 108B)
Class jdk.internal.jrtfs.JrtDirectoryStream$1                                         : loaded 2 times (x 79B)
Class jdk.internal.jimage.ImageLocation                                               : loaded 2 times (x 86B)
Class build_58djzjmaqq4sjyfz12072dr7f                                                 : loaded 2 times (x 176B)
Class com.google.common.collect.ExplicitOrdering                                      : loaded 2 times (x 111B)
Class com.google.common.util.concurrent.UncheckedExecutionException                   : loaded 2 times (x 78B)
Class com.google.common.collect.Lists$StringAsImmutableList                           : loaded 2 times (x 203B)
Class com.google.common.collect.ImmutableSortedSetFauxverideShim                      : loaded 2 times (x 143B)
Class com.google.common.base.CharMatcher$JavaLetterOrDigit                            : loaded 2 times (x 107B)
Class org.gradle.internal.InternalTransformer                                         : loaded 2 times (x 66B)
Class jdk.internal.jimage.ImageBufferCache$1                                          : loaded 2 times (x 79B)
Class com.google.common.collect.HashMultimapGwtSerializationDependencies              : loaded 2 times (x 170B)
Class com.google.common.collect.AbstractMapBasedMultimap$KeySet$1                     : loaded 2 times (x 78B)
Class org.objectweb.asm.ClassWriter                                                   : loaded 2 times (x 100B)
Class com.google.common.cache.CacheLoader$UnsupportedLoadingOperationException        : loaded 2 times (x 78B)
Class com.google.common.base.CharMatcher$And                                          : loaded 2 times (x 108B)
Class org.gradle.internal.classloader.ClasspathUtil$1                                 : loaded 2 times (x 72B)
Class jdk.internal.jimage.ImageBufferCache$2                                          : loaded 2 times (x 87B)
Class com.google.common.collect.FluentIterable$1                                      : loaded 2 times (x 77B)
Class com.google.common.base.Objects                                                  : loaded 2 times (x 67B)
Class org.objectweb.asm.FieldVisitor                                                  : loaded 2 times (x 72B)
Class com.google.common.collect.IndexedImmutableSet                                   : loaded 2 times (x 146B)
Class com.google.common.collect.ImmutableMap$1                                        : loaded 2 times (x 77B)
Class com.google.common.collect.BiMap                                                 : loaded 2 times (x 66B)
Class org.gradle.api.internal.classpath.DefaultModuleRegistry$DefaultModule           : loaded 2 times (x 82B)
Class com.google.common.reflect.Reflection                                            : loaded 2 times (x 67B)
Class com.google.common.collect.FluentIterable$2                                      : loaded 2 times (x 77B)
Class com.google.common.base.Absent                                                   : loaded 2 times (x 76B)
Class com.google.common.collect.NullsFirstOrdering                                    : loaded 2 times (x 111B)
Class com.google.common.primitives.Ints                                               : loaded 2 times (x 67B)
Class com.google.common.collect.AbstractIterator                                      : loaded 2 times (x 78B)
Class com.google.common.collect.FluentIterable$3                                      : loaded 2 times (x 77B)
Class com.google.common.math.MathPreconditions                                        : loaded 2 times (x 67B)
Class com.google.common.collect.Multiset                                              : loaded 2 times (x 66B)
Class com.google.common.collect.ArrayListMultimapGwtSerializationDependencies         : loaded 2 times (x 168B)
Class com.google.common.collect.ObjectArrays                                          : loaded 2 times (x 67B)
Class com.google.common.collect.AbstractIndexedListIterator                           : loaded 2 times (x 92B)
Class com.google.common.collect.ImmutableMapEntrySet                                  : loaded 2 times (x 147B)
Class org.gradle.api.internal.classpath.Module                                        : loaded 2 times (x 66B)
Class com.google.common.cache.Weigher                                                 : loaded 2 times (x 66B)
Class settings_98rtivzum4d25josyyxxs2odq                                              : loaded 2 times (x 175B)
Class org.gradle.api.internal.classpath.UnknownModuleException                        : loaded 2 times (x 78B)
Class jdk.internal.jimage.ImageHeader                                                 : loaded 2 times (x 67B)
Class com.google.common.base.Stopwatch                                                : loaded 2 times (x 68B)
Class com.google.common.cache.LocalCache$Strength                                     : loaded 2 times (x 77B)
Class com.google.common.cache.Cache                                                   : loaded 2 times (x 66B)
Class build_58djzjmaqq4sjyfz12072dr7f$_run_closure1                                   : loaded 2 times (x 135B)
Class com.google.common.util.concurrent.AbstractFuture$Cancellation                   : loaded 2 times (x 68B)
Class com.google.common.collect.ImmutableMap$Builder                                  : loaded 2 times (x 78B)
Class com.google.common.base.NullnessCasts                                            : loaded 2 times (x 67B)
Class com.google.common.collect.Maps$EntryFunction$1                                  : loaded 2 times (x 87B)
Class com.google.common.base.Present                                                  : loaded 2 times (x 77B)
Class com.google.common.collect.AbstractMapBasedMultimap$WrappedCollection$WrappedIterator: loaded 2 times (x 80B)
Class com.google.common.cache.RemovalListener                                         : loaded 2 times (x 66B)
Class org.gradle.api.internal.DefaultClassPathRegistry                                : loaded 2 times (x 72B)
Class com.google.common.reflect.Invokable$ConstructorInvokable                        : loaded 2 times (x 103B)
Class com.google.common.collect.Maps$EntryFunction$2                                  : loaded 2 times (x 87B)
Class com.google.common.primitives.IntsMethodsForWeb                                  : loaded 2 times (x 67B)
Class com.google.common.collect.Multimap                                              : loaded 2 times (x 66B)
Class org.gradle.api.internal.ClassPathRegistry                                       : loaded 2 times (x 66B)
Class org.gradle.internal.classpath.DefaultClassPath$ImmutableUniqueList              : loaded 2 times (x 195B)
Class com.google.common.reflect.TypeToken                                             : loaded 2 times (x 69B)
Class com.google.common.collect.NullnessCasts                                         : loaded 2 times (x 67B)
Class com.google.common.base.ExtraObjectsMethodsForWeb                                : loaded 2 times (x 67B)
Class org.apache.commons.io.IOUtils                                                   : loaded 2 times (x 67B)
Class com.google.common.cache.CacheBuilder                                            : loaded 2 times (x 68B)
Class com.google.common.collect.SingletonImmutableList                                : loaded 2 times (x 203B)
Class org.gradle.internal.classpath.ClassPath                                         : loaded 2 times (x 66B)
Class org.gradle.api.UncheckedIOException                                             : loaded 2 times (x 78B)
Class [Lcom.google.common.reflect.Types$JavaVersion;                                  : loaded 2 times (x 65B)
Class com.google.common.collect.ImmutableList$ReverseImmutableList                    : loaded 2 times (x 204B)
Class com.google.common.base.JdkPattern                                               : loaded 2 times (x 71B)
Class com.google.common.io.CharSource$CharSequenceCharSource                          : loaded 2 times (x 82B)
Class org.objectweb.asm.SymbolTable$Entry                                             : loaded 2 times (x 70B)
Class com.google.common.util.concurrent.AbstractFuture$AtomicHelper                   : loaded 2 times (x 74B)
Class jdk.internal.jimage.ImageStringsReader                                          : loaded 2 times (x 76B)
Class org.objectweb.asm.Edge                                                          : loaded 2 times (x 68B)
Class com.google.common.base.Suppliers$SupplierOfInstance                             : loaded 2 times (x 75B)
Class com.google.common.collect.Iterators$1                                           : loaded 2 times (x 77B)
Class settings_98rtivzum4d25josyyxxs2odq$_run_closure1                                : loaded 2 times (x 135B)
Class com.google.common.reflect.TypeToken$1                                           : loaded 2 times (x 106B)
Class com.google.common.cache.LocalCache$ComputingValueReference                      : loaded 2 times (x 92B)
Class com.google.common.collect.SingletonImmutableSet                                 : loaded 2 times (x 142B)
Class com.google.common.collect.ImmutableMap$IteratorBasedImmutableMap                : loaded 2 times (x 121B)
Class jdk.internal.jimage.ImageReader                                                 : loaded 2 times (x 71B)
Class com.google.common.reflect.TypeToken$2                                           : loaded 2 times (x 106B)
Class com.google.common.cache.LocalCache$Segment                                      : loaded 2 times (x 150B)
Class jdk.internal.jimage.ImageReader$SharedImageReader                               : loaded 2 times (x 91B)
Class com.google.common.collect.SortedIterable                                        : loaded 2 times (x 66B)
Class [Lorg.objectweb.asm.SymbolTable$Entry;                                          : loaded 2 times (x 65B)
Class com.google.common.cache.CacheLoader                                             : loaded 2 times (x 70B)
Class com.google.common.collect.Iterators$4                                           : loaded 2 times (x 78B)
Class com.google.common.collect.ImmutableBiMap                                        : loaded 2 times (x 139B)
Class com.google.common.collect.AbstractListMultimap                                  : loaded 2 times (x 168B)
Class org.gradle.internal.installation.GradleInstallation$1                           : loaded 2 times (x 71B)
Class org.gradle.api.internal.classpath.ModuleRegistry                                : loaded 2 times (x 66B)
Class com.google.common.util.concurrent.internal.InternalFutureFailureAccess          : loaded 2 times (x 68B)
Class com.google.common.collect.Iterators$5                                           : loaded 2 times (x 78B)
Class com.google.common.collect.ImmutableSet$JdkBackedSetBuilderImpl                  : loaded 2 times (x 72B)
Class com.google.common.base.Splitter$SplittingIterator                               : loaded 2 times (x 80B)
Class com.google.common.collect.Iterators$6                                           : loaded 2 times (x 77B)
Class com.google.common.collect.HashBiMap$Inverse                                     : loaded 2 times (x 138B)
Class com.google.common.io.Closer$SuppressingSuppressor                               : loaded 2 times (x 71B)
Class com.google.common.util.concurrent.AbstractFuture$UnsafeAtomicHelper             : loaded 2 times (x 74B)
Class com.google.common.cache.LocalCache$LocalManualCache$1                           : loaded 2 times (x 71B)
Class com.google.common.base.CharMatcher$ForPredicate                                 : loaded 2 times (x 108B)
Class jdk.internal.jimage.ImageReader$Node                                            : loaded 2 times (x 80B)
Class com.google.common.collect.ImmutableCollection                                   : loaded 2 times (x 121B)
Class com.google.common.base.CharMatcher$AnyOf                                        : loaded 2 times (x 108B)
Class org.gradle.api.internal.classpath.DefaultModuleRegistry                         : loaded 2 times (x 82B)
Class jdk.internal.jimage.BasicImageReader$1                                          : loaded 2 times (x 73B)
Class com.google.common.util.concurrent.ListenableFuture                              : loaded 2 times (x 66B)
Class com.google.common.cache.ReferenceEntry                                          : loaded 2 times (x 66B)
Class com.google.common.collect.ImmutableSet$CachingAsList                            : loaded 2 times (x 143B)
Class com.google.common.base.Converter                                                : loaded 2 times (x 86B)
Class com.google.common.collect.Lists                                                 : loaded 2 times (x 67B)
Class com.google.common.base.CharMatcher$Any                                          : loaded 2 times (x 108B)
Class com.google.common.util.concurrent.AbstractFuture                                : loaded 2 times (x 102B)
Class com.google.common.base.FunctionalEquivalence                                    : loaded 2 times (x 79B)
Class com.google.common.collect.Iterators$9                                           : loaded 2 times (x 77B)
Class com.google.common.collect.AbstractMapBasedMultimap                              : loaded 2 times (x 135B)
Class com.google.common.collect.ImmutableAsList                                       : loaded 2 times (x 205B)
Class com.google.common.reflect.TypeResolver$TypeTable                                : loaded 2 times (x 69B)
Class org.objectweb.asm.RecordComponentVisitor                                        : loaded 2 times (x 73B)
Class com.google.common.cache.CacheLoader$SupplierToCacheLoader                       : loaded 2 times (x 71B)
Class jdk.internal.jimage.decompressor.Decompressor                                   : loaded 2 times (x 68B)
Class jdk.internal.jimage.ImageReader$Resource                                        : loaded 2 times (x 80B)
Class com.google.common.reflect.TypeResolver$TypeTable$1                              : loaded 2 times (x 69B)
Class com.google.common.collect.UsingToStringOrdering                                 : loaded 2 times (x 110B)
Class com.google.common.collect.Maps$EntryTransformer                                 : loaded 2 times (x 66B)
Class org.gradle.internal.service.ServiceLookupException                              : loaded 2 times (x 78B)
Class jdk.internal.jrtfs.JrtFileAttributes                                            : loaded 2 times (x 79B)
Class com.google.common.collect.ImmutableSortedSet                                    : loaded 2 times (x 295B)
Class com.google.common.collect.Lists$ReverseList                                     : loaded 2 times (x 196B)
Class [Lcom.google.common.cache.LocalCache$EntryFactory;                              : loaded 2 times (x 65B)
Class com.google.common.base.CharMatcher$JavaLetter                                   : loaded 2 times (x 107B)
Class org.gradle.internal.classloader.ClassLoaderFactory                              : loaded 2 times (x 66B)
Class com.google.common.cache.LocalCache$LocalManualCache                             : loaded 2 times (x 95B)
Class com.google.common.base.CharMatcher$IsNot                                        : loaded 2 times (x 107B)
Class com.google.common.base.CommonPattern                                            : loaded 2 times (x 70B)
Class org.gradle.internal.service.CachingServiceLocator                               : loaded 2 times (x 78B)
Class com.google.common.collect.RegularImmutableSortedSet                             : loaded 2 times (x 295B)
Class com.google.common.collect.AbstractMapBasedMultimap$KeySet                       : loaded 2 times (x 133B)
Class com.google.common.math.IntMath                                                  : loaded 2 times (x 67B)
Class com.google.common.reflect.Types$TypeVariableInvocationHandler                   : loaded 2 times (x 71B)
Class [Lcom.google.common.collect.HashBiMap$BiEntry;                                  : loaded 2 times (x 65B)
Class com.google.common.collect.Iterators$10                                          : loaded 2 times (x 77B)
Class com.google.common.collect.ImmutableMapEntry                                     : loaded 2 times (x 81B)
Class com.google.common.base.CharMatcher$JavaDigit                                    : loaded 2 times (x 107B)
Class com.google.common.base.Predicates                                               : loaded 2 times (x 67B)
Class com.google.common.base.Equivalence                                              : loaded 2 times (x 78B)
Class com.google.common.collect.ImmutableMapEntry$NonTerminalImmutableMapEntry        : loaded 2 times (x 81B)
Class com.google.common.base.Function                                                 : loaded 2 times (x 66B)
Class com.google.common.collect.IndexedImmutableSet$1                                 : loaded 2 times (x 208B)
Class com.google.common.cache.CacheBuilder$OneWeigher                                 : loaded 2 times (x 78B)
Class com.google.common.collect.RegularImmutableList                                  : loaded 2 times (x 208B)
Class jdk.internal.jimage.ImageBufferCache                                            : loaded 2 times (x 67B)
Class jdk.internal.jrtfs.JrtPath                                                      : loaded 2 times (x 114B)
Class com.google.common.reflect.Types$ClassOwnership$1LocalClass                      : loaded 2 times (x 67B)
Class com.google.common.collect.Maps$EntryFunction                                    : loaded 2 times (x 87B)
Class com.google.common.collect.ImmutableBiMapFauxverideShim                          : loaded 2 times (x 116B)
Class org.gradle.internal.classloader.ClasspathUtil                                   : loaded 2 times (x 67B)
Class com.google.common.base.Charsets                                                 : loaded 2 times (x 67B)
Class com.google.common.util.concurrent.Uninterruptibles                              : loaded 2 times (x 67B)
Class com.google.common.io.CharSource                                                 : loaded 2 times (x 81B)
Class com.google.common.collect.Maps                                                  : loaded 2 times (x 67B)
Class com.google.common.base.CharMatcher$JavaUpperCase                                : loaded 2 times (x 107B)
Class org.gradle.api.specs.Spec                                                       : loaded 2 times (x 66B)
Class jdk.internal.jimage.ImageReader$SharedImageReader$LocationVisitor               : loaded 2 times (x 66B)
Class com.google.common.reflect.Types$JavaVersion                                     : loaded 2 times (x 79B)
Class [Lcom.google.common.collect.ImmutableEntry;                                     : loaded 2 times (x 65B)
Class com.google.common.collect.Sets$3$1                                              : loaded 2 times (x 78B)
Class com.google.common.cache.LocalCache$LoadingValueReference                        : loaded 2 times (x 92B)
Class com.google.common.reflect.Invokable$MethodInvokable                             : loaded 2 times (x 103B)
Class com.google.common.collect.CollectSpliterators                                   : loaded 2 times (x 67B)
Class com.google.common.base.Platform                                                 : loaded 2 times (x 67B)
Class jdk.internal.jimage.ImageReader$Directory                                       : loaded 2 times (x 80B)
Class com.google.common.collect.CompoundOrdering                                      : loaded 2 times (x 111B)
Class [Lorg.objectweb.asm.AnnotationWriter;                                           : loaded 2 times (x 65B)
Class com.google.common.primitives.Ints$IntConverter                                  : loaded 2 times (x 86B)
Class com.google.common.collect.Maps$8                                                : loaded 2 times (x 78B)
Class com.google.common.base.Predicates$CompositionPredicate                          : loaded 2 times (x 84B)
Class com.google.common.collect.ImmutableRangeSet$Builder                             : loaded 2 times (x 73B)
Class com.google.common.collect.Lists$ReverseList$1                                   : loaded 2 times (x 95B)
Class com.google.common.collect.Sets$SetView                                          : loaded 2 times (x 134B)
Class com.google.common.cache.LocalCache$StrongValueReference                         : loaded 2 times (x 86B)
Class com.google.common.util.concurrent.AbstractFuture$SynchronizedHelper             : loaded 2 times (x 74B)
Class com.google.common.base.CharMatcher$Invisible                                    : loaded 2 times (x 108B)
Class org.objectweb.asm.Type                                                          : loaded 2 times (x 68B)
Class org.gradle.internal.classloader.VisitableURLClassLoader$InstrumentingVisitableURLClassLoader: loaded 2 times (x 119B)
Class org.objectweb.asm.ByteVector                                                    : loaded 2 times (x 74B)
Class [Lcom.google.common.cache.CacheBuilder$NullListener;                            : loaded 2 times (x 65B)
Class com.google.common.math.IntMath$1                                                : loaded 2 times (x 67B)
Class org.gradle.internal.classloader.VisitableURLClassLoader$Spec                    : loaded 2 times (x 70B)
Class org.gradle.internal.classpath.DefaultClassPath                                  : loaded 2 times (x 86B)
Class com.google.common.reflect.Types$ClassOwnership                                  : loaded 2 times (x 76B)
Class org.objectweb.asm.Symbol                                                        : loaded 2 times (x 69B)
Class com.google.common.base.AbstractIterator                                         : loaded 2 times (x 76B)
Class com.google.common.collect.Sets$FilteredSet                                      : loaded 2 times (x 133B)
Class com.google.common.io.Closer                                                     : loaded 2 times (x 74B)
Class com.google.common.collect.RegularImmutableMap$Values                            : loaded 2 times (x 203B)
Class com.google.common.collect.ImmutableSet                                          : loaded 2 times (x 141B)
Class com.google.common.base.CharMatcher$BitSetMatcher                                : loaded 2 times (x 108B)
Class com.google.common.base.CharMatcher$Ascii                                        : loaded 2 times (x 108B)
Class org.gradle.internal.classloader.ClassLoaderSpec                                 : loaded 2 times (x 67B)
Class com.google.common.io.ByteSource$EmptyByteSource                                 : loaded 2 times (x 81B)
Class org.objectweb.asm.AnnotationWriter                                              : loaded 2 times (x 74B)
Class com.google.common.cache.CacheStats                                              : loaded 2 times (x 67B)
Class com.google.common.io.Closer$Suppressor                                          : loaded 2 times (x 66B)
Class org.objectweb.asm.RecordComponentWriter                                         : loaded 2 times (x 74B)
Class com.google.common.util.concurrent.AbstractFuture$Listener                       : loaded 2 times (x 68B)
Class com.google.common.base.CharMatcher$Or                                           : loaded 2 times (x 108B)
Class com.google.common.collect.ForwardingSet                                         : loaded 2 times (x 147B)
Class org.objectweb.asm.Attribute                                                     : loaded 2 times (x 73B)
Class com.google.common.base.Supplier                                                 : loaded 2 times (x 66B)
Class org.gradle.internal.classloader.VisitableURLClassLoader                         : loaded 2 times (x 113B)
Class com.google.common.io.CharSource$AsByteSource                                    : loaded 2 times (x 81B)
Class com.google.common.collect.ImmutableList$SerializedForm                          : loaded 2 times (x 69B)
Class com.google.common.util.concurrent.AbstractFuture$Waiter                         : loaded 2 times (x 68B)
Class org.gradle.internal.Cast                                                        : loaded 2 times (x 67B)
Class org.gradle.api.Action                                                           : loaded 2 times (x 66B)
Class com.google.common.collect.HashBiMap                                             : loaded 2 times (x 139B)
Class com.google.common.collect.Sets                                                  : loaded 2 times (x 67B)
Class org.objectweb.asm.Handler                                                       : loaded 2 times (x 68B)
Class com.google.common.base.Strings                                                  : loaded 2 times (x 67B)
Class com.google.common.base.Ticker                                                   : loaded 2 times (x 68B)
Class com.google.common.base.CharMatcher$FastMatcher                                  : loaded 2 times (x 107B)
Class [Lcom.google.common.cache.LocalCache$Segment;                                   : loaded 2 times (x 65B)
Class [Lcom.google.common.cache.LocalCache$Strength;                                  : loaded 2 times (x 65B)
Class com.google.common.cache.CacheBuilder$1                                          : loaded 2 times (x 81B)
Class com.google.common.collect.ImmutableMap                                          : loaded 2 times (x 116B)
Class com.google.common.base.Predicate                                                : loaded 2 times (x 66B)
Class org.gradle.internal.classpath.DefaultClassPath$ImmutableUniqueList$Builder      : loaded 2 times (x 71B)
Class com.google.common.collect.AbstractRangeSet                                      : loaded 2 times (x 110B)
Class com.google.common.cache.LocalCache                                              : loaded 2 times (x 183B)
Class com.google.common.cache.CacheBuilder$2                                          : loaded 2 times (x 75B)
Class com.google.common.base.CharMatcher$NegatedFastMatcher                           : loaded 2 times (x 109B)
Class com.google.common.cache.CacheBuilder$3                                          : loaded 2 times (x 68B)
Class [Lcom.google.common.collect.AbstractMapEntry;                                   : loaded 2 times (x 65B)
Class com.google.common.collect.ImmutableEntry                                        : loaded 2 times (x 78B)
Class com.google.common.collect.ArrayListMultimap                                     : loaded 2 times (x 168B)
Class com.google.common.base.AbstractIterator$1                                       : loaded 2 times (x 67B)
Class com.google.common.base.CharMatcher$Digit                                        : loaded 2 times (x 108B)
Class org.gradle.api.GradleException                                                  : loaded 2 times (x 78B)
Class jdk.internal.jimage.ImageStrings                                                : loaded 2 times (x 66B)
Class com.google.common.base.Suppliers$MemoizingSupplier                              : loaded 2 times (x 75B)
Class com.google.common.io.CharSource$EmptyCharSource                                 : loaded 2 times (x 82B)
Class com.google.common.collect.ForwardingMap                                         : loaded 2 times (x 128B)
Class com.google.common.collect.CollectPreconditions                                  : loaded 2 times (x 67B)
Class com.google.common.base.CharMatcher$JavaIsoControl                               : loaded 2 times (x 108B)
Class com.google.common.collect.Maps$AbstractFilteredMap                              : loaded 2 times (x 123B)
Class com.google.common.collect.SortedMapDifference                                   : loaded 2 times (x 66B)
Class com.google.common.base.CharMatcher$JavaLowerCase                                : loaded 2 times (x 107B)
Class com.google.common.cache.LocalCache$EntryFactory                                 : loaded 2 times (x 79B)
Class com.google.common.reflect.Types$NativeTypeVariableEquals                        : loaded 2 times (x 67B)
Class com.google.common.reflect.TypeParameter                                         : loaded 2 times (x 68B)
Class com.google.common.collect.Iterables$5                                           : loaded 2 times (x 77B)
Class com.google.common.collect.NullsLastOrdering                                     : loaded 2 times (x 111B)
Class com.google.common.cache.LocalCache$AbstractReferenceEntry                       : loaded 2 times (x 103B)
Class com.google.common.base.Splitter$1$1                                             : loaded 2 times (x 82B)
Class com.google.common.base.CharMatcher$Whitespace                                   : loaded 2 times (x 108B)
Class org.gradle.internal.IoActions                                                   : loaded 2 times (x 67B)
Class com.google.common.collect.ImmutableRangeSet$ComplementRanges                    : loaded 2 times (x 203B)
Class org.objectweb.asm.SymbolTable                                                   : loaded 2 times (x 68B)
Class com.google.common.cache.CacheLoader$InvalidCacheLoadException                   : loaded 2 times (x 78B)
Class com.google.common.collect.ImmutableSet$RegularSetBuilderImpl                    : loaded 2 times (x 73B)
Class com.google.common.base.CharMatcher$SingleWidth                                  : loaded 2 times (x 108B)
Class org.gradle.internal.classloader.SystemClassLoaderSpec                           : loaded 2 times (x 67B)
Class com.google.common.collect.FluentIterable                                        : loaded 2 times (x 77B)
Class com.google.common.cache.LocalCache$StrongEntry                                  : loaded 2 times (x 104B)
Class com.google.common.util.concurrent.AbstractFuture$TrustedFuture                  : loaded 2 times (x 110B)
Class com.google.common.cache.LoadingCache                                            : loaded 2 times (x 66B)
Class jdk.internal.jrtfs.JrtFileSystem                                                : loaded 2 times (x 98B)
Class com.google.common.base.Suppliers$NonSerializableMemoizingSupplier               : loaded 2 times (x 75B)
Class com.google.common.io.ByteStreams$LimitedInputStream                             : loaded 2 times (x 88B)
Class org.objectweb.asm.MethodWriter                                                  : loaded 2 times (x 101B)
Class [Lcom.google.common.cache.Weigher;                                              : loaded 2 times (x 65B)
Class com.google.common.collect.RegularImmutableMap$BucketOverflowException           : loaded 2 times (x 78B)
Class com.google.common.reflect.Types$JavaVersion$1                                   : loaded 2 times (x 79B)
Class com.google.common.collect.AbstractIterator$State                                : loaded 2 times (x 75B)
Class com.google.common.collect.RegularImmutableBiMap                                 : loaded 2 times (x 144B)
Class com.google.common.cache.LocalCache$ValueReference                               : loaded 2 times (x 66B)
Class com.google.common.base.CharMatcher$Negated                                      : loaded 2 times (x 109B)
Class com.google.common.base.CharMatcher$Is                                           : loaded 2 times (x 107B)
Class settings_98rtivzum4d25josyyxxs2odq$_run_closure1$_closure2$_closure3            : loaded 2 times (x 135B)
Class com.google.common.reflect.Types$JavaVersion$2                                   : loaded 2 times (x 79B)
Class com.google.common.reflect.Types                                                 : loaded 2 times (x 67B)
Class com.google.common.hash.PrimitiveSink                                            : loaded 2 times (x 66B)
Class com.google.common.util.concurrent.AbstractFuture$Failure                        : loaded 2 times (x 68B)
Class com.google.common.base.PatternCompiler                                          : loaded 2 times (x 66B)
Class com.google.common.base.Equivalence$Equals                                       : loaded 2 times (x 78B)
Class com.google.common.collect.Hashing                                               : loaded 2 times (x 67B)
Class com.google.common.base.Preconditions                                            : loaded 2 times (x 67B)
Class com.google.common.reflect.Types$JavaVersion$3                                   : loaded 2 times (x 79B)
Class com.google.common.collect.ByFunctionOrdering                                    : loaded 2 times (x 111B)
Class com.google.common.base.Joiner$1                                                 : loaded 2 times (x 76B)
Class org.objectweb.asm.Label                                                         : loaded 2 times (x 69B)
Class org.objectweb.asm.CurrentFrame                                                  : loaded 2 times (x 69B)
Class org.objectweb.asm.ClassTooLargeException                                        : loaded 2 times (x 79B)
Class com.google.common.collect.PeekingIterator                                       : loaded 2 times (x 66B)
Class com.google.common.base.CharMatcher                                              : loaded 2 times (x 107B)
Class com.google.common.reflect.Types$JavaVersion$4                                   : loaded 2 times (x 79B)
Class com.google.common.collect.Maps$IteratorBasedAbstractMap                         : loaded 2 times (x 121B)
Class com.google.common.io.ByteSource$AsCharSource                                    : loaded 2 times (x 82B)
Class com.google.common.collect.RangeGwtSerializationDependencies                     : loaded 2 times (x 67B)
Class com.google.common.base.Joiner$2                                                 : loaded 2 times (x 75B)
Class org.objectweb.asm.Frame                                                         : loaded 2 times (x 69B)
Class org.objectweb.asm.MethodVisitor                                                 : loaded 2 times (x 100B)
Class com.google.common.cache.LocalCache$EntryFactory$1                               : loaded 2 times (x 79B)
Class [Lcom.google.common.cache.RemovalListener;                                      : loaded 2 times (x 65B)
Class com.google.common.base.CharMatcher$1                                            : loaded 2 times (x 109B)
Class com.google.common.base.CharMatcher$NamedFastMatcher                             : loaded 2 times (x 108B)
Class com.google.common.reflect.Types$JavaVersion$5                                   : loaded 2 times (x 67B)
Class [Lcom.google.common.reflect.Types$ClassOwnership;                               : loaded 2 times (x 65B)
Class com.google.common.collect.RangeSet                                              : loaded 2 times (x 66B)
Class com.google.common.cache.LocalCache$EntryFactory$2                               : loaded 2 times (x 79B)
Class org.gradle.api.internal.classpath.GlobalCacheRootsProvider                      : loaded 2 times (x 66B)
Class com.google.common.collect.CollectCollectors                                     : loaded 2 times (x 67B)
Class org.objectweb.asm.ModuleWriter                                                  : loaded 2 times (x 77B)
Class com.google.common.cache.LocalCache$EntryFactory$3                               : loaded 2 times (x 79B)
Class com.google.common.base.Ticker$1                                                 : loaded 2 times (x 68B)
Class com.google.common.collect.ImmutableMapEntrySet$RegularEntrySet                  : loaded 2 times (x 147B)
Class com.google.common.collect.Maps$BiMapConverter                                   : loaded 2 times (x 86B)
Class settings_98rtivzum4d25josyyxxs2odq$_run_closure1$_closure2                      : loaded 2 times (x 135B)
Class com.google.common.collect.SetMultimap                                           : loaded 2 times (x 66B)
Class com.google.common.cache.LocalCache$EntryFactory$4                               : loaded 2 times (x 79B)
Class com.google.common.collect.ImmutableSet$Builder                                  : loaded 2 times (x 81B)
Class com.google.common.base.CharMatcher$InRange                                      : loaded 2 times (x 107B)
Class com.google.common.io.ByteStreams$1                                              : loaded 2 times (x 81B)
Class com.google.common.collect.ReverseOrdering                                       : loaded 2 times (x 111B)
Class com.google.common.cache.LocalCache$EntryFactory$5                               : loaded 2 times (x 79B)
Class com.google.common.collect.HashMultimap                                          : loaded 2 times (x 170B)
Class com.google.common.cache.LocalCache$EntryFactory$6                               : loaded 2 times (x 79B)
Class org.gradle.internal.installation.CurrentGradleInstallationLocator               : loaded 2 times (x 67B)
Class com.google.common.io.ByteSource$SlicedByteSource                                : loaded 2 times (x 81B)
Class com.google.common.collect.Maps$KeySet                                           : loaded 2 times (x 133B)
Class com.google.common.cache.LocalCache$EntryFactory$7                               : loaded 2 times (x 79B)
Class com.google.common.collect.ImmutableSet$EmptySetBuilderImpl                      : loaded 2 times (x 72B)
Class com.google.common.collect.ImmutableList                                         : loaded 2 times (x 202B)
Class org.gradle.internal.service.DefaultServiceLocator                               : loaded 2 times (x 79B)
Class jdk.internal.jrtfs.JrtDirectoryStream                                           : loaded 2 times (x 85B)
Class com.google.common.collect.Maps$EntrySet                                         : loaded 2 times (x 132B)
Class com.google.common.cache.LocalCache$EntryFactory$8                               : loaded 2 times (x 79B)
Class com.google.common.collect.ImmutableSet$SetBuilderImpl                           : loaded 2 times (x 72B)
Class org.gradle.internal.installation.CurrentGradleInstallation                      : loaded 2 times (x 69B)
Class com.google.common.cache.CacheLoader$1                                           : loaded 2 times (x 71B)
Class com.google.common.collect.ForwardingObject                                      : loaded 2 times (x 68B)
Class com.google.common.collect.ImmutableList$SubList                                 : loaded 2 times (x 204B)
Class org.gradle.util.internal.GUtil                                                  : loaded 2 times (x 67B)
Class com.google.common.io.ByteSource                                                 : loaded 2 times (x 80B)
Class com.google.common.util.concurrent.AbstractFuture$SetFuture                      : loaded 2 times (x 71B)
Class com.google.common.cache.AbstractCache$StatsCounter                              : loaded 2 times (x 66B)
Class com.google.common.reflect.Types$TypeVariableImpl                                : loaded 2 times (x 68B)
Class com.google.common.collect.Iterators$MergingIterator                             : loaded 2 times (x 77B)
Class com.google.common.collect.RegularImmutableSet                                   : loaded 2 times (x 144B)
Class org.gradle.internal.installation.GradleInstallation                             : loaded 2 times (x 71B)
Class com.google.common.collect.ForwardingCollection                                  : loaded 2 times (x 126B)
Class com.google.common.collect.LexicographicalOrdering                               : loaded 2 times (x 111B)
Class com.google.common.collect.Iterables                                             : loaded 2 times (x 67B)
Class com.google.common.base.Splitter$Strategy                                        : loaded 2 times (x 66B)
Class com.google.common.collect.Lists$RandomAccessReverseList                         : loaded 2 times (x 196B)

---------------  S Y S T E M  ---------------

OS:
 Windows 11 , 64 bit Build 26100 (10.0.26100.3912)
OS uptime: 4 days 12:49 hours

CPU: total 32 (initial active 32) (16 cores per cpu, 2 threads per core) family 6 model 183 stepping 1 microcode 0x12b, cx8, cmov, fxsr, ht, mmx, 3dnowpref, sse, sse2, sse3, ssse3, sse4.1, sse4.2, popcnt, lzcnt, tsc, tscinvbit, avx, avx2, aes, erms, clmul, bmi1, bmi2, adx, sha, fma, vzeroupper, clflush, clflushopt, clwb, serialize, rdtscp, rdpid, fsrm, f16c, pku, cet_ibt, cet_ss
Processor Information for processor 0
  Max Mhz: 2200, Current Mhz: 2200, Mhz Limit: 2200
Processor Information for processor 1
  Max Mhz: 2200, Current Mhz: 1466, Mhz Limit: 2200
Processor Information for processor 2
  Max Mhz: 2200, Current Mhz: 2200, Mhz Limit: 2200
Processor Information for processor 3
  Max Mhz: 2200, Current Mhz: 2200, Mhz Limit: 2200
Processor Information for processor 4
  Max Mhz: 2200, Current Mhz: 2200, Mhz Limit: 2200
Processor Information for processor 5
  Max Mhz: 2200, Current Mhz: 2200, Mhz Limit: 2200
Processor Information for processor 6
  Max Mhz: 2200, Current Mhz: 2200, Mhz Limit: 2200
Processor Information for processor 7
  Max Mhz: 2200, Current Mhz: 2200, Mhz Limit: 2200
Processor Information for processor 8
  Max Mhz: 2200, Current Mhz: 2200, Mhz Limit: 2200
Processor Information for processor 9
  Max Mhz: 2200, Current Mhz: 1466, Mhz Limit: 2200
Processor Information for processor 10
  Max Mhz: 2200, Current Mhz: 2200, Mhz Limit: 2200
Processor Information for processor 11
  Max Mhz: 2200, Current Mhz: 2200, Mhz Limit: 2200
Processor Information for processor 12
  Max Mhz: 2200, Current Mhz: 2200, Mhz Limit: 2200
Processor Information for processor 13
  Max Mhz: 2200, Current Mhz: 1466, Mhz Limit: 2200
Processor Information for processor 14
  Max Mhz: 2200, Current Mhz: 2200, Mhz Limit: 2200
Processor Information for processor 15
  Max Mhz: 2200, Current Mhz: 1466, Mhz Limit: 2200
Processor Information for processor 16
  Max Mhz: 2200, Current Mhz: 1600, Mhz Limit: 1584
Processor Information for processor 17
  Max Mhz: 2200, Current Mhz: 1600, Mhz Limit: 1584
Processor Information for processor 18
  Max Mhz: 2200, Current Mhz: 1500, Mhz Limit: 1584
Processor Information for processor 19
  Max Mhz: 2200, Current Mhz: 1600, Mhz Limit: 1584
Processor Information for processor 20
  Max Mhz: 2200, Current Mhz: 1600, Mhz Limit: 1584
Processor Information for processor 21
  Max Mhz: 2200, Current Mhz: 1500, Mhz Limit: 1584
Processor Information for processor 22
  Max Mhz: 2200, Current Mhz: 1500, Mhz Limit: 1584
Processor Information for processor 23
  Max Mhz: 2200, Current Mhz: 1600, Mhz Limit: 1584
Processor Information for processor 24
  Max Mhz: 2200, Current Mhz: 1600, Mhz Limit: 1584
Processor Information for processor 25
  Max Mhz: 2200, Current Mhz: 1600, Mhz Limit: 1584
Processor Information for processor 26
  Max Mhz: 2200, Current Mhz: 1600, Mhz Limit: 1584
Processor Information for processor 27
  Max Mhz: 2200, Current Mhz: 1600, Mhz Limit: 1584
Processor Information for processor 28
  Max Mhz: 2200, Current Mhz: 1600, Mhz Limit: 1584
Processor Information for processor 29
  Max Mhz: 2200, Current Mhz: 1600, Mhz Limit: 1584
Processor Information for processor 30
  Max Mhz: 2200, Current Mhz: 1600, Mhz Limit: 1584
Processor Information for processor 31
  Max Mhz: 2200, Current Mhz: 1600, Mhz Limit: 1584

Memory: 4k page, system-wide physical 32386M (1192M free)
TotalPageFile size 67603M (AvailPageFile size 31M)
current process WorkingSet (physical memory assigned to process): 912M, peak: 927M
current process commit charge ("private bytes"): 1064M, peak: 1068M

vm_info: OpenJDK 64-Bit Server VM (21.0.5+-13047016-b750.29) for windows-amd64 JRE (21.0.5+-13047016-b750.29), built on 2025-02-11T21:12:39Z by "builder" with MS VC++ 16.10 / 16.11 (VS2019)

END.
